isolate,recall,specificity,precision,accuracy,f1_score,tp,fp,fn,tn
spse-SAMN10880486,0.8545454545454545,0.0,0.9038461538461539,0.7833333333333333,0.8785046728971962,47,5,8,0
