isolate,recall,specificity,precision,accuracy,f1_score,tp,fp,fn,tn
kpne-SAMN21366091,0.9537037037037037,0.8059701492537313,0.8879310344827587,0.8971428571428571,0.9196428571428572,103,13,5,54
