isolate,recall,specificity,precision,accuracy,f1_score,tp,fp,fn,tn
kpne-SAMN21366050,0.967741935483871,0.9090909090909091,0.9090909090909091,0.9375,0.9374999999999999,30,3,1,30
