isolate,recall,specificity,precision,accuracy,f1_score,tp,fp,fn,tn
kpne-SAMN21366095,0.9032258064516129,0.8372093023255814,0.8,0.8648648648648649,0.8484848484848486,28,7,3,36
