isolate,recall,specificity,precision,accuracy,f1_score,tp,fp,fn,tn
kpne-SAMN21366095,0.6875,0.8867924528301887,0.927710843373494,0.7515151515151515,0.7897435897435898,77,6,35,47
