isolate,recall,specificity,precision,accuracy,f1_score,tp,fp,fn,tn
kpne-SAMN21366070,0.7411764705882353,0.8125,0.875,0.7669172932330827,0.802547770700637,63,9,22,39
