isolate,recall,specificity,precision,accuracy,f1_score,tp,fp,fn,tn
kpne-SAMN21366070,0.8888888888888888,0.7884615384615384,0.7441860465116279,0.8295454545454546,0.8101265822784809,32,11,4,41
