isolate,recall,specificity,precision,accuracy,f1_score,tp,fp,fn,tn
kpne-SAMN21366091,0.9298245614035088,0.9375,0.9636363636363636,0.9325842696629213,0.9464285714285715,53,2,4,30
