isolate,recall,specificity,precision,accuracy,f1_score,tp,fp,fn,tn
kpne-SAMN21366063,0.7969924812030075,0.5128205128205128,0.848,0.7325581395348837,0.8217054263565892,106,19,27,20
