isolate,recall,specificity,precision,accuracy,f1_score,tp,fp,fn,tn
kpne-SAMN21366037,0.6870229007633588,0.8613138686131386,0.8256880733944955,0.7761194029850746,0.7500000000000001,90,19,41,118
