isolate,recall,specificity,precision,accuracy,f1_score,tp,fp,fn,tn
kpne-SAMN21366094,0.9166666666666666,0.9456521739130435,0.9295774647887324,0.9329268292682927,0.9230769230769231,66,5,6,87
