isolate,recall,specificity,precision,accuracy,f1_score,tp,fp,fn,tn
kpne-SAMN21366050,0.8974358974358975,0.9705882352941176,0.9722222222222222,0.9315068493150684,0.9333333333333333,35,1,4,33
