isolate,recall,specificity,precision,accuracy,f1_score,tp,fp,fn,tn
kpne-SAMN21366038,0.9166666666666666,0.75,0.5789473684210527,0.7954545454545454,0.7096774193548387,11,8,1,24
