isolate,recall,specificity,precision,accuracy,f1_score,tp,fp,fn,tn
kpne-SAMN21366070,0.9272727272727272,0.6025641025641025,0.6219512195121951,0.7368421052631579,0.7445255474452553,51,31,4,47
