isolate,recall,specificity,precision,accuracy,f1_score,tp,fp,fn,tn
kpne-SAMN21366037,0.8461538461538461,0.8518518518518519,0.8918918918918919,0.8484848484848485,0.868421052631579,66,8,12,46
