isolate,recall,specificity,precision,accuracy,f1_score,tp,fp,fn,tn
kpne-SAMN21366069,0.8,0.7428571428571429,0.6666666666666666,0.7652173913043478,0.7272727272727272,36,18,9,52
