isolate,recall,specificity,precision,accuracy,f1_score,tp,fp,fn,tn
kpne-SAMN21366069,0.8536585365853658,0.696969696969697,0.875,0.808695652173913,0.8641975308641976,70,10,12,23
