isolate,recall,specificity,precision,accuracy,f1_score,tp,fp,fn,tn
kpne-SAMN21366038,0.8169014084507042,0.7368421052631579,0.9206349206349206,0.8,0.8656716417910447,58,5,13,14
