isolate,recall,specificity,precision,accuracy,f1_score,tp,fp,fn,tn
kpne-SAMN21366037,0.9767441860465116,0.6770833333333334,0.8442211055276382,0.8694029850746269,0.9056603773584906,168,31,4,65
