isolate,recall,specificity,precision,accuracy,f1_score,tp,fp,fn,tn
kpne-SAMN21366095,0.95,0.5238095238095238,0.5327102803738317,0.6787878787878788,0.6826347305389221,57,50,3,55
