isolate,recall,specificity,precision,accuracy,f1_score,tp,fp,fn,tn
kpne-SAMN21366091,0.8888888888888888,0.9574468085106383,0.9473684210526315,0.9257142857142857,0.9171974522292994,72,4,9,90
