isolate,recall,specificity,precision,accuracy,f1_score,tp,fp,fn,tn
kpne-SAMN21366043,0.8979591836734694,0.7058823529411765,0.6875,0.7863247863247863,0.7787610619469025,44,20,5,48
