isolate,recall,specificity,precision,accuracy,f1_score,tp,fp,fn,tn
kpne-SAMN21366038,0.782608695652174,0.6268656716417911,0.4186046511627907,0.6666666666666666,0.5454545454545454,18,25,5,42
