isolate,recall,specificity,precision,accuracy,f1_score,tp,fp,fn,tn
kpne-SAMN21366063,0.8870967741935484,0.4782608695652174,0.8208955223880597,0.7764705882352941,0.8527131782945736,55,12,7,11
