isolate,recall,specificity,precision,accuracy,f1_score,tp,fp,fn,tn
kpne-SAMN21366070,0.8113207547169812,0.8285714285714286,0.8775510204081632,0.8181818181818182,0.8431372549019608,43,6,10,29
