isolate,recall,specificity,precision,accuracy,f1_score,tp,fp,fn,tn
kpne-SAMN21366043,0.9,0.9629629629629629,0.9473684210526315,0.9361702127659575,0.9230769230769231,18,1,2,26
