isolate,recall,specificity,precision,accuracy,f1_score,tp,fp,fn,tn
kpne-SAMN21366069,0.6363636363636364,0.8888888888888888,0.7368421052631579,0.8059701492537313,0.6829268292682926,14,5,8,40
