isolate,recall,specificity,precision,accuracy,f1_score,tp,fp,fn,tn
kpne-SAMN21366095,0.8913043478260869,0.9285714285714286,0.9534883720930233,0.9054054054054054,0.9213483146067417,41,2,5,26
