isolate,recall,specificity,precision,accuracy,f1_score,tp,fp,fn,tn
kpne-SAMN21366038,0.8181818181818182,0.9090909090909091,0.9642857142857143,0.8409090909090909,0.8852459016393442,27,1,6,10
