isolate,recall,specificity,precision,accuracy,f1_score,tp,fp,fn,tn
kpne-SAMN21366037,0.9310344827586207,0.7837837837837838,0.7714285714285715,0.8484848484848485,0.8437500000000001,54,16,4,58
