isolate,recall,specificity,precision,accuracy,f1_score,tp,fp,fn,tn
kpne-SAMN21366094,0.9252336448598131,0.8070175438596491,0.9,0.8841463414634146,0.9124423963133641,99,11,8,46
