isolate,recall,specificity,precision,accuracy,f1_score,tp,fp,fn,tn
kpne-SAMN21366043,1.0,0.9,0.9310344827586207,0.9574468085106383,0.9642857142857143,27,2,0,18
