isolate,recall,specificity,precision,accuracy,f1_score,tp,fp,fn,tn
kpne-SAMN21366050,0.9142857142857143,0.9655172413793104,0.9696969696969697,0.9375,0.9411764705882354,32,1,3,28
