isolate,recall,specificity,precision,accuracy,f1_score,tp,fp,fn,tn
kpne-SAMN21366063,0.6097560975609756,0.6793893129770993,0.373134328358209,0.6627906976744186,0.4629629629629629,25,42,16,89
