isolate,recall,specificity,precision,accuracy,f1_score,tp,fp,fn,tn
kpne-SAMN21366094,0.9433962264150944,0.9629629629629629,0.9803921568627451,0.95,0.9615384615384616,50,1,3,26
