isolate,recall,specificity,precision,accuracy,f1_score,tp,fp,fn,tn
kpne-SAMN21366063,0.5652173913043478,0.8548387096774194,0.5909090909090909,0.7764705882352941,0.5777777777777778,13,9,10,53
