isolate,recall,specificity,precision,accuracy,f1_score,tp,fp,fn,tn
kpne-SAMN21366043,0.8552631578947368,0.9024390243902439,0.9420289855072463,0.8717948717948718,0.8965517241379309,65,4,11,37
