isolate,recall,specificity,precision,accuracy,f1_score,tp,fp,fn,tn
kpne-SAMN21366063,0.12195121951219512,0.8625954198473282,0.21739130434782608,0.686046511627907,0.15625,5,18,36,113
