isolate,recall,specificity,precision,accuracy,f1_score,tp,fp,fn,tn
kpne-SAMN21366095,0.6166666666666667,0.9047619047619048,0.7872340425531915,0.8,0.691588785046729,37,10,23,95
