isolate,recall,specificity,precision,accuracy,f1_score,tp,fp,fn,tn
kpne-SAMN21366038,0.9696969696969697,0.0,0.7441860465116279,0.7272727272727273,0.8421052631578948,32,11,1,0
