isolate,recall,specificity,precision,accuracy,f1_score,tp,fp,fn,tn
kpne-SAMN21366038,0.043478260869565216,0.9402985074626866,0.2,0.7111111111111111,0.07142857142857142,1,4,22,63
