isolate,recall,specificity,precision,accuracy,f1_score,tp,fp,fn,tn
kpne-SAMN21366050,0.8974358974358975,0.7647058823529411,0.813953488372093,0.8356164383561644,0.8536585365853658,35,8,4,26
