isolate,recall,specificity,precision,accuracy,f1_score,tp,fp,fn,tn
kpne-SAMN21366095,0.6451612903225806,0.9302325581395349,0.8695652173913043,0.8108108108108109,0.7407407407407407,20,3,11,40
