isolate,recall,specificity,precision,accuracy,f1_score,tp,fp,fn,tn
kpne-SAMN21366063,0.043478260869565216,0.9032258064516129,0.14285714285714285,0.6705882352941176,0.06666666666666667,1,6,22,56
