isolate,recall,specificity,precision,accuracy,f1_score,tp,fp,fn,tn
kpne-SAMN21366070,0.5636363636363636,0.8717948717948718,0.7560975609756098,0.7443609022556391,0.6458333333333333,31,10,24,68
