isolate,recall,specificity,precision,accuracy,f1_score,tp,fp,fn,tn
kpne-SAMN21366043,0.46938775510204084,1.0,1.0,0.7777777777777778,0.6388888888888888,23,0,26,68
