isolate,recall,specificity,precision,accuracy,f1_score,tp,fp,fn,tn
kpne-SAMN21366095,1.0,0.37735849056603776,0.7724137931034483,0.8,0.8715953307392996,112,33,0,20
