isolate,recall,specificity,precision,accuracy,f1_score,tp,fp,fn,tn
kpne-SAMN21366094,1.0,0.05434782608695652,0.4528301886792453,0.4695121951219512,0.6233766233766235,72,87,0,5
