isolate,recall,specificity,precision,accuracy,f1_score,tp,fp,fn,tn
kpne-SAMN21366091,1.0,0.40384615384615385,0.5441176470588235,0.651685393258427,0.7047619047619048,37,31,0,21
