isolate,recall,specificity,precision,accuracy,f1_score,tp,fp,fn,tn
kpne-SAMN21366050,0.9142857142857143,0.7931034482758621,0.8421052631578947,0.859375,0.8767123287671234,32,6,3,23
