isolate,recall,specificity,precision,accuracy,f1_score,tp,fp,fn,tn
kpne-SAMN21366070,0.9058823529411765,0.16666666666666666,0.6581196581196581,0.6390977443609023,0.7623762376237624,77,40,8,8
