isolate,recall,specificity,precision,accuracy,f1_score,tp,fp,fn,tn
kpne-SAMN21366070,0.8679245283018868,0.22857142857142856,0.6301369863013698,0.6136363636363636,0.73015873015873,46,27,7,8
