isolate,recall,specificity,precision,accuracy,f1_score,tp,fp,fn,tn
kpne-SAMN21366037,0.9871794871794872,0.16666666666666666,0.6311475409836066,0.6515151515151515,0.77,77,45,1,9
