isolate,recall,specificity,precision,accuracy,f1_score,tp,fp,fn,tn
kpne-SAMN21366063,0.9774436090225563,0.02564102564102564,0.7738095238095238,0.7616279069767442,0.8637873754152825,130,38,3,1
