isolate,recall,specificity,precision,accuracy,f1_score,tp,fp,fn,tn
kpne-SAMN21366038,0.9859154929577465,0.0,0.7865168539325843,0.7777777777777778,0.8749999999999999,70,19,1,0
