isolate,recall,specificity,precision,accuracy,f1_score,tp,fp,fn,tn
kpne-SAMN21366095,1.0,0.6071428571428571,0.8070175438596491,0.8513513513513513,0.8932038834951457,46,11,0,17
