isolate,recall,specificity,precision,accuracy,f1_score,tp,fp,fn,tn
kpne-SAMN21366050,0.8888888888888888,0.918918918918919,0.9142857142857143,0.9041095890410958,0.9014084507042254,32,3,4,34
