isolate,recall,specificity,precision,accuracy,f1_score,tp,fp,fn,tn
kpne-SAMN21366050,0.8709677419354839,0.9393939393939394,0.9310344827586207,0.90625,0.9,27,2,4,31
