isolate,recall,specificity,precision,accuracy,f1_score,tp,fp,fn,tn
kpne-SAMN21366069,1.0,0.0,0.7313432835820896,0.7313432835820896,0.8448275862068965,49,18,0,0
