isolate,recall,specificity,precision,accuracy,f1_score,tp,fp,fn,tn
kpne-SAMN21366037,0.27586206896551724,0.972972972972973,0.8888888888888888,0.6666666666666666,0.42105263157894735,16,2,42,72
