isolate,recall,specificity,precision,accuracy,f1_score,tp,fp,fn,tn
kpne-SAMN21366043,1.0,0.17073170731707318,0.6909090909090909,0.7094017094017094,0.8172043010752689,76,34,0,7
