isolate,recall,specificity,precision,accuracy,f1_score,tp,fp,fn,tn
kpne-SAMN21366070,0.4444444444444444,0.8653846153846154,0.6956521739130435,0.6931818181818182,0.5423728813559322,16,7,20,45
