isolate,recall,specificity,precision,accuracy,f1_score,tp,fp,fn,tn
kpne-SAMN21366037,0.9923664122137404,0.12408759124087591,0.52,0.5485074626865671,0.6824146981627297,130,120,1,17
