isolate,recall,specificity,precision,accuracy,f1_score,tp,fp,fn,tn
kpne-SAMN21366037,0.31976744186046513,0.9791666666666666,0.9649122807017544,0.5559701492537313,0.480349344978166,55,2,117,94
