isolate,recall,specificity,precision,accuracy,f1_score,tp,fp,fn,tn
ecol-SAMN15148083,0.2608695652173913,0.9866666666666667,0.75,0.8901734104046243,0.3870967741935483,6,2,17,148
