isolate,recall,specificity,precision,accuracy,f1_score,tp,fp,fn,tn
ecol-SAMN15148461,0.3333333333333333,0.9707602339181286,0.16666666666666666,0.9597701149425287,0.2222222222222222,1,5,2,166
