isolate,recall,specificity,precision,accuracy,f1_score,tp,fp,fn,tn
ecol-SAMN15148143,0.9466666666666667,0.48148148148148145,0.9383259911894273,0.8968253968253969,0.9424778761061946,213,14,12,13
