isolate,recall,specificity,precision,accuracy,f1_score,tp,fp,fn,tn
ecol-SAMN15148229,0.9375,0.6521739130434783,0.9183673469387755,0.8823529411764706,0.9278350515463918,90,8,6,15
