isolate,recall,specificity,precision,accuracy,f1_score,tp,fp,fn,tn
ecol-SAMN15148207,0.9743589743589743,0.25,0.8636363636363636,0.851063829787234,0.9156626506024097,38,6,1,2
