isolate,recall,specificity,precision,accuracy,f1_score,tp,fp,fn,tn
ecol-SAMN15147962,0.3333333333333333,0.9831932773109243,0.7777777777777778,0.8857142857142857,0.4666666666666666,7,2,14,117
