isolate,recall,specificity,precision,accuracy,f1_score,tp,fp,fn,tn
ecol-SAMN15148350,0.4864864864864865,0.9876543209876543,0.9473684210526315,0.8305084745762712,0.6428571428571428,18,1,19,80
