isolate,recall,specificity,precision,accuracy,f1_score,tp,fp,fn,tn
ecol-SAMN15148177,0.3,0.9758454106280193,0.5454545454545454,0.9162995594713657,0.3870967741935483,12,10,28,404
