isolate,recall,specificity,precision,accuracy,f1_score,tp,fp,fn,tn
ecol-SAMN15148016,0.9618320610687023,0.23684210526315788,0.8129032258064516,0.7988165680473372,0.881118881118881,126,29,5,9
