isolate,recall,specificity,precision,accuracy,f1_score,tp,fp,fn,tn
ecol-SAMN15148215,0.6818181818181818,0.9702970297029703,0.8333333333333334,0.9186991869918699,0.7499999999999999,15,3,7,98
