isolate,recall,specificity,precision,accuracy,f1_score,tp,fp,fn,tn
ecol-SAMN15148366,0.9926470588235294,0.5,0.9574468085106383,0.9527027027027027,0.9747292418772563,135,6,1,6
