isolate,recall,specificity,precision,accuracy,f1_score,tp,fp,fn,tn
ecol-SAMN15148025,0.9479166666666666,0.21212121212121213,0.7777777777777778,0.7596899224806202,0.8544600938967136,91,26,5,7
