isolate,recall,specificity,precision,accuracy,f1_score,tp,fp,fn,tn
ecol-SAMN15148099,0.9714285714285714,0.0,0.9357798165137615,0.9107142857142857,0.9532710280373832,102,7,3,0
