isolate,recall,specificity,precision,accuracy,f1_score,tp,fp,fn,tn
ecol-SAMN15147983,0.9807692307692307,0.5555555555555556,0.864406779661017,0.8714285714285714,0.918918918918919,51,8,1,10
