isolate,recall,specificity,precision,accuracy,f1_score,tp,fp,fn,tn
ecol-SAMN15148054,0.9605263157894737,0.4444444444444444,0.9668874172185431,0.9316770186335404,0.9636963696369637,146,5,6,4
