isolate,recall,specificity,precision,accuracy,f1_score,tp,fp,fn,tn
ecol-SAMN15148273,0.3333333333333333,0.967741935483871,0.25,0.9479166666666666,0.28571428571428575,1,3,2,90
