isolate,recall,specificity,precision,accuracy,f1_score,tp,fp,fn,tn
ecol-SAMN15148648,0.821917808219178,0.4642857142857143,0.8888888888888888,0.764367816091954,0.8540925266903915,120,15,26,13
