isolate,recall,specificity,precision,accuracy,f1_score,tp,fp,fn,tn
ecol-SAMN15148215,0.8571428571428571,0.9655172413793104,0.8571428571428571,0.9444444444444444,0.8571428571428571,12,2,2,56
