isolate,recall,specificity,precision,accuracy,f1_score,tp,fp,fn,tn
ecol-SAMN15148070,0.9848484848484849,1.0,1.0,0.9850746268656716,0.9923664122137404,65,0,1,1
