isolate,recall,specificity,precision,accuracy,f1_score,tp,fp,fn,tn
ecol-SAMN15148605,0.9570405727923628,0.27419354838709675,0.899103139013453,0.8690228690228691,0.9271676300578034,401,45,18,17
