isolate,recall,specificity,precision,accuracy,f1_score,tp,fp,fn,tn
ecol-SAMN15148576,0.9,0.9830508474576272,0.9473684210526315,0.9620253164556962,0.9230769230769231,18,1,2,58
