isolate,recall,specificity,precision,accuracy,f1_score,tp,fp,fn,tn
ecol-SAMN15148387,0.9701492537313433,0.3157894736842105,0.9090909090909091,0.8888888888888888,0.9386281588447654,260,26,8,12
