isolate,recall,specificity,precision,accuracy,f1_score,tp,fp,fn,tn
ecol-SAMN15148268,0.9875776397515528,0.2857142857142857,0.9695121951219512,0.9583333333333334,0.9784615384615385,159,5,2,2
