isolate,recall,specificity,precision,accuracy,f1_score,tp,fp,fn,tn
ecol-SAMN15148426,0.9419354838709677,0.3287671232876712,0.5983606557377049,0.6445182724252492,0.7318295739348369,146,98,9,48
