isolate,recall,specificity,precision,accuracy,f1_score,tp,fp,fn,tn
ecol-SAMN15148053,0.9758064516129032,0.3333333333333333,0.952755905511811,0.9323308270676691,0.9641434262948209,121,6,3,3
