isolate,recall,specificity,precision,accuracy,f1_score,tp,fp,fn,tn
ecol-SAMN15148025,0.9696969696969697,0.4444444444444444,0.8648648648648649,0.8571428571428571,0.9142857142857143,32,5,1,4
