isolate,recall,specificity,precision,accuracy,f1_score,tp,fp,fn,tn
ecol-SAMN15148515,0.39344262295081966,0.9364161849710982,0.6857142857142857,0.7948717948717948,0.5,24,11,37,162
