isolate,recall,specificity,precision,accuracy,f1_score,tp,fp,fn,tn
ecol-SAMN15148591,0.9903846153846154,0.2777777777777778,0.8879310344827587,0.8852459016393442,0.9363636363636364,103,13,1,5
