isolate,recall,specificity,precision,accuracy,f1_score,tp,fp,fn,tn
ecol-SAMN15148136,0.6363636363636364,0.96875,0.9210526315789473,0.847682119205298,0.7526881720430109,35,3,20,93
