isolate,recall,specificity,precision,accuracy,f1_score,tp,fp,fn,tn
ecol-SAMN15148483,0.951048951048951,,1.0,0.951048951048951,0.974910394265233,136,0,7,0
