isolate,recall,specificity,precision,accuracy,f1_score,tp,fp,fn,tn
ecol-SAMN15148298,0.9647058823529412,0.45161290322580644,0.935361216730038,0.9090909090909091,0.9498069498069499,246,17,9,14
