isolate,recall,specificity,precision,accuracy,f1_score,tp,fp,fn,tn
ecol-SAMN15148100,0.9629629629629629,0.75,0.9923664122137404,0.9568345323741008,0.9774436090225563,130,1,5,3
