isolate,recall,specificity,precision,accuracy,f1_score,tp,fp,fn,tn
ecol-SAMN15148121,1.0,0.9636363636363636,0.6,0.9655172413793104,0.7499999999999999,3,2,0,53
