isolate,recall,specificity,precision,accuracy,f1_score,tp,fp,fn,tn
ecol-SAMN15148177,0.9661016949152542,0.5714285714285714,0.95,0.9242424242424242,0.957983193277311,114,6,4,8
