isolate,recall,specificity,precision,accuracy,f1_score,tp,fp,fn,tn
ecol-SAMN15148482,0.40384615384615385,0.9396551724137931,0.75,0.7738095238095238,0.5250000000000001,21,7,31,109
