isolate,recall,specificity,precision,accuracy,f1_score,tp,fp,fn,tn
ecol-SAMN15148118,0.5128205128205128,0.9577464788732394,0.8695652173913043,0.8,0.6451612903225806,20,3,19,68
