isolate,recall,specificity,precision,accuracy,f1_score,tp,fp,fn,tn
ecol-SAMN15148090,0.9852941176470589,0.6875,0.9305555555555556,0.9285714285714286,0.9571428571428572,67,5,1,11
