isolate,recall,specificity,precision,accuracy,f1_score,tp,fp,fn,tn
ecol-SAMN15148228,0.959409594095941,0.5,0.9885931558935361,0.9494584837545126,0.9737827715355806,260,3,11,3
