isolate,recall,specificity,precision,accuracy,f1_score,tp,fp,fn,tn
ecol-SAMN15148089,0.3333333333333333,0.9846153846153847,0.7777777777777778,0.8940397350993378,0.4666666666666666,14,4,28,256
