isolate,recall,specificity,precision,accuracy,f1_score,tp,fp,fn,tn
ecol-SAMN15148426,0.6857142857142857,0.9428571428571428,0.8,0.8785714285714286,0.7384615384615385,24,6,11,99
