isolate,recall,specificity,precision,accuracy,f1_score,tp,fp,fn,tn
ecol-SAMN15148025,0.2222222222222222,0.956989247311828,0.6666666666666666,0.751937984496124,0.3333333333333333,8,4,28,89
