isolate,recall,specificity,precision,accuracy,f1_score,tp,fp,fn,tn
ecol-SAMN15148039,0.9565217391304348,1.0,1.0,0.9574468085106383,0.9777777777777777,44,0,2,1
