isolate,recall,specificity,precision,accuracy,f1_score,tp,fp,fn,tn
ecol-SAMN15148349,0.9487179487179487,0.6,0.9487179487179487,0.9090909090909091,0.9487179487179487,37,2,2,3
