isolate,recall,specificity,precision,accuracy,f1_score,tp,fp,fn,tn
ecol-SAMN15148732,0.6,0.9552238805970149,0.6666666666666666,0.9090909090909091,0.631578947368421,6,3,4,64
