isolate,recall,specificity,precision,accuracy,f1_score,tp,fp,fn,tn
ecol-SAMN15148739,0.9858156028368794,0.5,0.9928571428571429,0.9790209790209791,0.9893238434163701,139,1,2,1
