isolate,recall,specificity,precision,accuracy,f1_score,tp,fp,fn,tn
ecol-SAMN15147972,0.9583333333333334,0.4444444444444444,0.9019607843137255,0.8771929824561403,0.9292929292929293,92,10,4,8
