isolate,recall,specificity,precision,accuracy,f1_score,tp,fp,fn,tn
ecol-SAMN15148362,0.9461077844311377,0.14285714285714285,0.9634146341463414,0.9137931034482759,0.9546827794561933,158,6,9,1
