isolate,recall,specificity,precision,accuracy,f1_score,tp,fp,fn,tn
ecol-SAMN15148423,0.9565217391304348,0.6666666666666666,0.9361702127659575,0.9090909090909091,0.9462365591397849,88,6,4,12
