isolate,recall,specificity,precision,accuracy,f1_score,tp,fp,fn,tn
ecol-SAMN15148039,0.9392265193370166,0.5,0.9941520467836257,0.9344262295081968,0.9659090909090909,170,1,11,1
