isolate,recall,specificity,precision,accuracy,f1_score,tp,fp,fn,tn
ecol-SAMN15148149,0.989010989010989,0.0,0.989010989010989,0.9782608695652174,0.989010989010989,90,1,1,0
