isolate,recall,specificity,precision,accuracy,f1_score,tp,fp,fn,tn
ecol-SAMN15148060,0.9347826086956522,0.5454545454545454,0.8958333333333334,0.8596491228070176,0.9148936170212766,43,5,3,6
