isolate,recall,specificity,precision,accuracy,f1_score,tp,fp,fn,tn
ecol-SAMN15148461,0.9661016949152542,0.5,0.9827586206896551,0.9508196721311475,0.9743589743589743,57,1,2,1
