isolate,recall,specificity,precision,accuracy,f1_score,tp,fp,fn,tn
ecol-SAMN15148121,1.0,0.9668874172185431,0.4444444444444444,0.967741935483871,0.6153846153846153,4,5,0,146
