isolate,recall,specificity,precision,accuracy,f1_score,tp,fp,fn,tn
ecol-SAMN15148039,0.18181818181818182,0.9418604651162791,0.16666666666666666,0.8961748633879781,0.17391304347826086,2,10,9,162
