isolate,recall,specificity,precision,accuracy,f1_score,tp,fp,fn,tn
ecol-SAMN15148627,0.9333333333333333,0.2857142857142857,0.8936170212765957,0.8461538461538461,0.9130434782608695,42,5,3,2
