isolate,recall,specificity,precision,accuracy,f1_score,tp,fp,fn,tn
ecol-SAMN15148648,0.46875,0.8309859154929577,0.38461538461538464,0.764367816091954,0.4225352112676056,15,24,17,118
