isolate,recall,specificity,precision,accuracy,f1_score,tp,fp,fn,tn
ecol-SAMN15148328,0.9710144927536232,0.47368421052631576,0.8701298701298701,0.8636363636363636,0.9178082191780821,67,10,2,9
