isolate,recall,specificity,precision,accuracy,f1_score,tp,fp,fn,tn
ecol-SAMN15148701,0.9508196721311475,0.6666666666666666,0.9508196721311475,0.9142857142857143,0.9508196721311475,58,3,3,6
