isolate,recall,specificity,precision,accuracy,f1_score,tp,fp,fn,tn
ecol-SAMN15148091,0.3684210526315789,0.9704433497536946,0.7,0.8755186721991701,0.48275862068965514,14,6,24,197
