isolate,recall,specificity,precision,accuracy,f1_score,tp,fp,fn,tn
ecol-SAMN15148070,0.9896907216494846,0.3333333333333333,0.9896907216494846,0.9796954314720813,0.9896907216494846,192,2,2,1
