isolate,recall,specificity,precision,accuracy,f1_score,tp,fp,fn,tn
ecol-SAMN15147997,0.9166666666666666,0.6666666666666666,0.9887640449438202,0.9090909090909091,0.9513513513513513,88,1,8,2
