isolate,recall,specificity,precision,accuracy,f1_score,tp,fp,fn,tn
ecol-SAMN15148083,0.987012987012987,0.3157894736842105,0.9212121212121213,0.9132947976878613,0.9529780564263323,152,13,2,6
