isolate,recall,specificity,precision,accuracy,f1_score,tp,fp,fn,tn
ecol-SAMN15148710,0.5882352941176471,0.9782608695652174,0.9090909090909091,0.873015873015873,0.7142857142857143,10,1,7,45
