isolate,recall,specificity,precision,accuracy,f1_score,tp,fp,fn,tn
ecol-SAMN15148089,0.9848484848484849,0.631578947368421,0.9027777777777778,0.9058823529411765,0.9420289855072465,65,7,1,12
