isolate,recall,specificity,precision,accuracy,f1_score,tp,fp,fn,tn
ecol-SAMN15148229,0.45714285714285713,0.9404761904761905,0.7619047619047619,0.7983193277310925,0.5714285714285714,16,5,19,79
