isolate,recall,specificity,precision,accuracy,f1_score,tp,fp,fn,tn
ecol-SAMN15148207,0.25,0.9743589743589743,0.6666666666666666,0.851063829787234,0.36363636363636365,2,1,6,38
