isolate,recall,specificity,precision,accuracy,f1_score,tp,fp,fn,tn
ecol-SAMN15148090,0.36585365853658536,0.9845559845559846,0.7894736842105263,0.9,0.4999999999999999,15,4,26,255
