isolate,recall,specificity,precision,accuracy,f1_score,tp,fp,fn,tn
ecol-SAMN15148732,0.9558823529411765,0.6666666666666666,0.9558823529411765,0.922077922077922,0.9558823529411765,65,3,3,6
