isolate,recall,specificity,precision,accuracy,f1_score,tp,fp,fn,tn
ecol-SAMN15147972,0.4,0.9574468085106383,0.6666666666666666,0.8596491228070176,0.5,8,4,12,90
