isolate,recall,specificity,precision,accuracy,f1_score,tp,fp,fn,tn
ecol-SAMN15147983,0.9572649572649573,0.41935483870967744,0.8615384615384616,0.8445945945945946,0.9068825910931174,112,18,5,13
