isolate,recall,specificity,precision,accuracy,f1_score,tp,fp,fn,tn
ecol-SAMN15148218,0.4444444444444444,0.9649122807017544,0.6666666666666666,0.8939393939393939,0.5333333333333333,4,2,5,55
