isolate,recall,specificity,precision,accuracy,f1_score,tp,fp,fn,tn
ecol-SAMN15147977,0.979381443298969,0.25,0.9405940594059405,0.9238095238095239,0.9595959595959594,95,6,2,2
