isolate,recall,specificity,precision,accuracy,f1_score,tp,fp,fn,tn
ecol-SAMN15148177,0.5882352941176471,0.9826086956521739,0.8333333333333334,0.9318181818181818,0.6896551724137931,10,2,7,113
