isolate,recall,specificity,precision,accuracy,f1_score,tp,fp,fn,tn
ecol-SAMN15148145,0.9711538461538461,0.3076923076923077,0.9181818181818182,0.8974358974358975,0.9439252336448598,101,9,3,4
