isolate,recall,specificity,precision,accuracy,f1_score,tp,fp,fn,tn
ecol-SAMN15148138,0.9824561403508771,0.5333333333333333,0.8888888888888888,0.8888888888888888,0.9333333333333333,56,7,1,8
