isolate,recall,specificity,precision,accuracy,f1_score,tp,fp,fn,tn
ecol-SAMN15148475,0.297029702970297,0.950354609929078,0.8108108108108109,0.6776859504132231,0.43478260869565216,30,7,71,134
