isolate,recall,specificity,precision,accuracy,f1_score,tp,fp,fn,tn
ecol-SAMN15148177,0.9724770642201835,0.5555555555555556,0.9814814814814815,0.9559471365638766,0.9769585253456222,424,8,12,10
