isolate,recall,specificity,precision,accuracy,f1_score,tp,fp,fn,tn
ecol-SAMN15148049,0.8333333333333334,0.9759036144578314,0.7142857142857143,0.9662921348314607,0.7692307692307692,5,2,1,81
