isolate,recall,specificity,precision,accuracy,f1_score,tp,fp,fn,tn
ecol-SAMN15148267,0.978494623655914,0.5555555555555556,0.9191919191919192,0.9099099099099099,0.9479166666666667,91,8,2,10
