isolate,recall,specificity,precision,accuracy,f1_score,tp,fp,fn,tn
ecol-SAMN15148349,0.95,0.6666666666666666,0.9661016949152542,0.9242424242424242,0.957983193277311,57,2,3,4
