isolate,recall,specificity,precision,accuracy,f1_score,tp,fp,fn,tn
ecol-SAMN15148576,0.9515151515151515,0.421875,0.8092783505154639,0.8034934497816594,0.8746518105849583,157,37,8,27
