isolate,recall,specificity,precision,accuracy,f1_score,tp,fp,fn,tn
ecol-SAMN15148732,0.9417989417989417,0.6,0.967391304347826,0.9166666666666666,0.9544235924932976,178,6,11,9
