isolate,recall,specificity,precision,accuracy,f1_score,tp,fp,fn,tn
ecol-SAMN15148016,1.0,0.75,0.9629629629629629,0.9666666666666667,0.9811320754716981,52,2,0,6
