isolate,recall,specificity,precision,accuracy,f1_score,tp,fp,fn,tn
ecol-SAMN15148701,0.3181818181818182,0.9646017699115044,0.6363636363636364,0.8592592592592593,0.4242424242424242,7,4,15,109
