isolate,recall,specificity,precision,accuracy,f1_score,tp,fp,fn,tn
ecol-SAMN15148397,0.5714285714285714,0.9502487562189055,0.2857142857142857,0.9375,0.38095238095238093,4,10,3,191
