isolate,recall,specificity,precision,accuracy,f1_score,tp,fp,fn,tn
ecol-SAMN15148710,0.9444444444444444,0.375,0.8880597014925373,0.8533333333333334,0.9153846153846154,119,15,7,9
