isolate,recall,specificity,precision,accuracy,f1_score,tp,fp,fn,tn
ecol-SAMN15148349,0.75,0.9354838709677419,0.42857142857142855,0.9242424242424242,0.5454545454545454,3,4,1,58
