isolate,recall,specificity,precision,accuracy,f1_score,tp,fp,fn,tn
ecol-SAMN15148273,0.967741935483871,0.3333333333333333,0.9782608695652174,0.9479166666666666,0.972972972972973,90,2,3,1
