isolate,recall,specificity,precision,accuracy,f1_score,tp,fp,fn,tn
ecol-SAMN15147972,0.937888198757764,0.32142857142857145,0.888235294117647,0.8465608465608465,0.9123867069486403,151,19,10,9
