isolate,recall,specificity,precision,accuracy,f1_score,tp,fp,fn,tn
ecol-SAMN15148328,0.9722222222222222,0.41379310344827586,0.860655737704918,0.8540145985401459,0.9130434782608695,105,17,3,12
