isolate,recall,specificity,precision,accuracy,f1_score,tp,fp,fn,tn
ecol-SAMN15147972,0.2564102564102564,0.94,0.5263157894736842,0.798941798941799,0.3448275862068965,10,9,29,141
