isolate,recall,specificity,precision,accuracy,f1_score,tp,fp,fn,tn
ecol-SAMN15148388,0.53125,0.9459459459459459,0.8095238095238095,0.8207547169811321,0.6415094339622642,17,4,15,70
