isolate,recall,specificity,precision,accuracy,f1_score,tp,fp,fn,tn
ecol-SAMN15148596,0.32231404958677684,0.9731182795698925,0.8863636363636364,0.7166123778501629,0.4727272727272728,39,5,82,181
