isolate,recall,specificity,precision,accuracy,f1_score,tp,fp,fn,tn
ecol-SAMN15148127,0.46153846153846156,0.9722222222222222,0.9,0.7927927927927928,0.6101694915254238,18,2,21,70
