isolate,recall,specificity,precision,accuracy,f1_score,tp,fp,fn,tn
ecol-SAMN15148388,0.951310861423221,0.30120481927710846,0.8141025641025641,0.7971428571428572,0.8773747841105354,254,58,13,25
