isolate,recall,specificity,precision,accuracy,f1_score,tp,fp,fn,tn
ecol-SAMN15148720,0.6,0.9767441860465116,0.5,0.9626865671641791,0.5454545454545454,3,3,2,126
