isolate,recall,specificity,precision,accuracy,f1_score,tp,fp,fn,tn
ecol-SAMN15147970,0.48,0.9426229508196722,0.7741935483870968,0.8081395348837209,0.5925925925925926,24,7,26,115
