isolate,recall,specificity,precision,accuracy,f1_score,tp,fp,fn,tn
ecol-SAMN15148112,0.9859154929577465,0.3793103448275862,0.7954545454545454,0.81,0.8805031446540881,70,18,1,11
