isolate,recall,specificity,precision,accuracy,f1_score,tp,fp,fn,tn
ecol-SAMN15148005,0.9710144927536232,0.625,0.9781021897810219,0.952054794520548,0.9745454545454545,134,3,4,5
