isolate,recall,specificity,precision,accuracy,f1_score,tp,fp,fn,tn
ecol-SAMN15148350,0.9715447154471545,0.3333333333333333,0.8047138047138047,0.8048048048048048,0.8802946593001841,239,58,7,29
