isolate,recall,specificity,precision,accuracy,f1_score,tp,fp,fn,tn
ecol-SAMN15147977,0.9520958083832335,0.2222222222222222,0.9578313253012049,0.9147727272727273,0.954954954954955,159,7,8,2
