isolate,recall,specificity,precision,accuracy,f1_score,tp,fp,fn,tn
ecol-SAMN15148596,0.9504950495049505,0.3238095238095238,0.7300380228136882,0.7361563517915309,0.8258064516129032,192,71,10,34
