isolate,recall,specificity,precision,accuracy,f1_score,tp,fp,fn,tn
ecol-SAMN15148701,0.5384615384615384,0.9649122807017544,0.7777777777777778,0.8857142857142857,0.6363636363636364,7,2,6,55
