isolate,recall,specificity,precision,accuracy,f1_score,tp,fp,fn,tn
ecol-SAMN15147963,0.5555555555555556,0.9642857142857143,0.7142857142857143,0.9076923076923077,0.6250000000000001,10,4,8,108
