isolate,recall,specificity,precision,accuracy,f1_score,tp,fp,fn,tn
ecol-SAMN15148350,0.2803738317757009,0.9734513274336283,0.8333333333333334,0.7507507507507507,0.4195804195804196,30,6,77,220
