isolate,recall,specificity,precision,accuracy,f1_score,tp,fp,fn,tn
ecol-SAMN15148091,0.9736842105263158,0.7333333333333333,0.9487179487179487,0.9340659340659341,0.9610389610389611,74,4,2,11
