isolate,recall,specificity,precision,accuracy,f1_score,tp,fp,fn,tn
ecol-SAMN15148093,0.9615384615384616,0.6666666666666666,0.9615384615384616,0.9310344827586207,0.9615384615384616,25,1,1,2
