isolate,recall,specificity,precision,accuracy,f1_score,tp,fp,fn,tn
ecol-SAMN15148136,0.34057971014492755,0.9578544061302682,0.8103448275862069,0.7443609022556391,0.4795918367346939,47,11,91,250
