isolate,recall,specificity,precision,accuracy,f1_score,tp,fp,fn,tn
ecol-SAMN15148331,0.5,0.9506172839506173,0.5555555555555556,0.9010989010989011,0.5263157894736842,5,4,5,77
