isolate,recall,specificity,precision,accuracy,f1_score,tp,fp,fn,tn
ecol-SAMN15148268,0.9821428571428571,0.4,0.9482758620689655,0.9344262295081968,0.9649122807017544,55,3,1,2
