isolate,recall,specificity,precision,accuracy,f1_score,tp,fp,fn,tn
ecol-SAMN15147983,0.4,0.9814814814814815,0.8888888888888888,0.8243243243243243,0.5517241379310346,16,2,24,106
