isolate,recall,specificity,precision,accuracy,f1_score,tp,fp,fn,tn
ecol-SAMN15148387,0.96875,0.4583333333333333,0.9051094890510949,0.8881578947368421,0.9358490566037736,124,13,4,11
