isolate,recall,specificity,precision,accuracy,f1_score,tp,fp,fn,tn
ecol-SAMN15148388,0.24761904761904763,0.9510204081632653,0.6842105263157895,0.74,0.36363636363636365,26,12,79,233
