isolate,recall,specificity,precision,accuracy,f1_score,tp,fp,fn,tn
ecol-SAMN15148298,0.2857142857142857,0.9695652173913043,0.6956521739130435,0.8356643356643356,0.4050632911392405,16,7,40,223
