isolate,recall,specificity,precision,accuracy,f1_score,tp,fp,fn,tn
ecol-SAMN15148314,1.0,0.6666666666666666,0.975609756097561,0.9767441860465116,0.9876543209876543,40,1,0,2
