isolate,recall,specificity,precision,accuracy,f1_score,tp,fp,fn,tn
ecol-SAMN15148710,0.32432432432432434,0.9646017699115044,0.75,0.8066666666666666,0.4528301886792453,12,4,25,109
