isolate,recall,specificity,precision,accuracy,f1_score,tp,fp,fn,tn
ecol-SAMN15148350,0.9764705882352941,0.5151515151515151,0.8383838383838383,0.847457627118644,0.9021739130434783,83,16,2,17
