isolate,recall,specificity,precision,accuracy,f1_score,tp,fp,fn,tn
ecol-SAMN15148362,0.5,0.9476744186046512,0.1,0.9425287356321839,0.16666666666666669,1,9,1,163
