isolate,recall,specificity,precision,accuracy,f1_score,tp,fp,fn,tn
ecol-SAMN15148139,0.3333333333333333,0.967479674796748,0.7647058823529411,0.8148148148148148,0.4642857142857143,13,4,26,119
