isolate,recall,specificity,precision,accuracy,f1_score,tp,fp,fn,tn
ecol-SAMN15148072,0.6666666666666666,0.9632352941176471,0.2857142857142857,0.9568345323741008,0.4,2,5,1,131
