isolate,recall,specificity,precision,accuracy,f1_score,tp,fp,fn,tn
ecol-SAMN15148263,0.9866666666666667,0.7,0.961038961038961,0.9529411764705882,0.9736842105263157,148,6,2,14
