isolate,recall,specificity,precision,accuracy,f1_score,tp,fp,fn,tn
ecol-SAMN15148070,0.1,0.9893048128342246,0.3333333333333333,0.9441624365482234,0.15384615384615383,1,2,9,185
