isolate,recall,specificity,precision,accuracy,f1_score,tp,fp,fn,tn
ecol-SAMN15148397,0.5,0.9753086419753086,0.6,0.9425287356321839,0.5454545454545454,3,2,3,79
