isolate,recall,specificity,precision,accuracy,f1_score,tp,fp,fn,tn
ecol-SAMN15147970,0.9307692307692308,0.5238095238095238,0.8581560283687943,0.8313953488372093,0.8929889298892989,121,20,9,22
