isolate,recall,specificity,precision,accuracy,f1_score,tp,fp,fn,tn
ecol-SAMN15148570,0.9583333333333334,0.75,0.9951923076923077,0.9545454545454546,0.9764150943396227,207,1,9,3
