isolate,recall,specificity,precision,accuracy,f1_score,tp,fp,fn,tn
ecol-SAMN15148397,0.9753086419753086,0.5,0.9634146341463414,0.9425287356321839,0.9693251533742332,79,3,2,3
