isolate,recall,specificity,precision,accuracy,f1_score,tp,fp,fn,tn
ecol-SAMN15148143,0.9166666666666666,0.968,0.7333333333333333,0.9635036496350365,0.8148148148148148,11,4,1,121
