isolate,recall,specificity,precision,accuracy,f1_score,tp,fp,fn,tn
ecol-SAMN15148005,1.0,0.7142857142857143,0.9642857142857143,0.9672131147540983,0.9818181818181818,54,2,0,5
