isolate,recall,specificity,precision,accuracy,f1_score,tp,fp,fn,tn
ecol-SAMN15148118,0.9411764705882353,0.4189189189189189,0.8634920634920635,0.8347107438016529,0.9006622516556291,272,43,17,31
