isolate,recall,specificity,precision,accuracy,f1_score,tp,fp,fn,tn
ecol-SAMN15148314,0.9741379310344828,0.6666666666666666,0.9912280701754386,0.9663865546218487,0.9826086956521738,113,1,3,2
