isolate,recall,specificity,precision,accuracy,f1_score,tp,fp,fn,tn
ecol-SAMN15148591,0.9782608695652174,0.5,0.9375,0.9230769230769231,0.9574468085106383,45,3,1,3
