isolate,recall,specificity,precision,accuracy,f1_score,tp,fp,fn,tn
ecol-SAMN15148548,0.38461538461538464,0.9428571428571428,0.38461538461538464,0.8954248366013072,0.38461538461538464,5,8,8,132
