isolate,recall,specificity,precision,accuracy,f1_score,tp,fp,fn,tn
ecol-SAMN15148387,0.25,0.9724409448818898,0.65,0.8496732026143791,0.3611111111111111,13,7,39,247
