isolate,recall,specificity,precision,accuracy,f1_score,tp,fp,fn,tn
ecol-SAMN15148217,0.9782608695652174,0.5,0.9574468085106383,0.94,0.967741935483871,45,2,1,2
