isolate,recall,specificity,precision,accuracy,f1_score,tp,fp,fn,tn
ecol-SAMN15148710,0.9583333333333334,0.6,0.8846153846153846,0.873015873015873,0.9199999999999999,46,6,2,9
