isolate,recall,specificity,precision,accuracy,f1_score,tp,fp,fn,tn
ecol-SAMN15148563,0.23255813953488372,0.978021978021978,0.7142857142857143,0.8355555555555556,0.3508771929824562,10,4,33,178
