isolate,recall,specificity,precision,accuracy,f1_score,tp,fp,fn,tn
ecol-SAMN15148049,0.9642857142857143,0.8,0.9878048780487805,0.9550561797752809,0.9759036144578312,81,1,3,4
