isolate,recall,specificity,precision,accuracy,f1_score,tp,fp,fn,tn
ecol-SAMN15147962,0.9767441860465116,0.5454545454545454,0.9618320610687023,0.9428571428571428,0.9692307692307692,126,5,3,6
