isolate,recall,specificity,precision,accuracy,f1_score,tp,fp,fn,tn
ecol-SAMN15148397,0.9502487562189055,0.5714285714285714,0.9845360824742269,0.9375,0.9670886075949368,191,3,10,4
