isolate,recall,specificity,precision,accuracy,f1_score,tp,fp,fn,tn
ecol-SAMN15148351,0.9372197309417041,0.8,0.9952380952380953,0.9342105263157895,0.9653579676674365,209,1,14,4
