isolate,recall,specificity,precision,accuracy,f1_score,tp,fp,fn,tn
ecol-SAMN15148331,0.927710843373494,0.375,0.9390243902439024,0.8791208791208791,0.9333333333333333,77,5,6,3
