isolate,recall,specificity,precision,accuracy,f1_score,tp,fp,fn,tn
ecol-SAMN15148379,0.5882352941176471,0.9583333333333334,0.9090909090909091,0.8048780487804879,0.7142857142857143,10,1,7,23
