isolate,recall,specificity,precision,accuracy,f1_score,tp,fp,fn,tn
ecol-SAMN15148267,0.9701492537313433,0.36666666666666664,0.87248322147651,0.8597560975609756,0.9187279151943463,130,19,4,11
