isolate,recall,specificity,precision,accuracy,f1_score,tp,fp,fn,tn
ecol-SAMN15148093,0.5,0.96,0.6666666666666666,0.896551724137931,0.5714285714285715,2,1,2,24
