isolate,recall,specificity,precision,accuracy,f1_score,tp,fp,fn,tn
ecol-SAMN15148515,0.9261363636363636,0.3793103448275862,0.8190954773869347,0.7905982905982906,0.8693333333333333,163,36,13,22
