isolate,recall,specificity,precision,accuracy,f1_score,tp,fp,fn,tn
ecol-SAMN15148100,1.0,0.6666666666666666,0.9863013698630136,0.9866666666666667,0.993103448275862,72,1,0,2
