isolate,recall,specificity,precision,accuracy,f1_score,tp,fp,fn,tn
ecol-SAMN15147990,0.3333333333333333,0.9893617021276596,0.5,0.9690721649484536,0.4,1,1,2,93
