isolate,recall,specificity,precision,accuracy,f1_score,tp,fp,fn,tn
ecol-SAMN15148714,1.0,0.9803921568627451,0.3333333333333333,0.9805825242718447,0.5,1,2,0,100
