isolate,recall,specificity,precision,accuracy,f1_score,tp,fp,fn,tn
ecol-SAMN15148060,0.7777777777777778,0.9583333333333334,0.7777777777777778,0.9298245614035088,0.7777777777777778,7,2,2,46
