isolate,recall,specificity,precision,accuracy,f1_score,tp,fp,fn,tn
ecol-SAMN15148118,0.9113924050632911,0.5161290322580645,0.8275862068965517,0.8,0.8674698795180723,72,15,7,16
