isolate,recall,specificity,precision,accuracy,f1_score,tp,fp,fn,tn
ecol-SAMN15148138,0.4444444444444444,0.9814814814814815,0.8888888888888888,0.8472222222222222,0.5925925925925926,8,1,10,53
