isolate,recall,specificity,precision,accuracy,f1_score,tp,fp,fn,tn
ecol-SAMN15148627,0.9658536585365853,0.15384615384615385,0.9473684210526315,0.9174311926605505,0.9565217391304348,198,11,7,2
