isolate,recall,specificity,precision,accuracy,f1_score,tp,fp,fn,tn
ecol-SAMN15148273,0.9431818181818182,0.3333333333333333,0.9880952380952381,0.9329608938547486,0.9651162790697674,166,2,10,1
