isolate,recall,specificity,precision,accuracy,f1_score,tp,fp,fn,tn
ecol-SAMN15148090,0.977859778597786,0.4482758620689655,0.9430604982206405,0.9266666666666666,0.9601449275362318,265,16,6,13
