isolate,recall,specificity,precision,accuracy,f1_score,tp,fp,fn,tn
ecol-SAMN15148605,0.9532710280373832,0.5,0.9444444444444444,0.907563025210084,0.9488372093023255,102,6,5,6
