isolate,recall,specificity,precision,accuracy,f1_score,tp,fp,fn,tn
ecol-SAMN15148596,0.9838709677419355,0.7142857142857143,0.8840579710144928,0.9,0.9312977099236642,61,8,1,20
