isolate,recall,specificity,precision,accuracy,f1_score,tp,fp,fn,tn
ecol-SAMN15148576,0.9672131147540983,0.9444444444444444,0.9833333333333333,0.9620253164556962,0.9752066115702478,59,1,2,17
