isolate,recall,specificity,precision,accuracy,f1_score,tp,fp,fn,tn
ecol-SAMN15148143,0.40625,0.9454545454545454,0.52,0.876984126984127,0.45614035087719296,13,12,19,208
