isolate,recall,specificity,precision,accuracy,f1_score,tp,fp,fn,tn
ecol-SAMN15148605,0.2111111111111111,0.959079283887468,0.5428571428571428,0.8191268191268192,0.304,19,16,71,375
