isolate,recall,specificity,precision,accuracy,f1_score,tp,fp,fn,tn
ecol-SAMN15148368,0.964,0.16666666666666666,0.9796747967479674,0.9453125,0.9717741935483871,241,5,9,1
