isolate,recall,specificity,precision,accuracy,f1_score,tp,fp,fn,tn
ecol-SAMN15148127,0.9586206896551724,0.4,0.8606811145510835,0.8438356164383561,0.9070146818923327,278,45,12,30
