isolate,recall,specificity,precision,accuracy,f1_score,tp,fp,fn,tn
ecol-SAMN15148391,0.9497206703910615,0.5882352941176471,0.9239130434782609,0.892018779342723,0.9366391184573003,170,14,9,20
