isolate,recall,specificity,precision,accuracy,f1_score,tp,fp,fn,tn
ecol-SAMN15147962,1.0,0.5555555555555556,0.9444444444444444,0.948051948051948,0.9714285714285714,68,4,0,5
