isolate,recall,specificity,precision,accuracy,f1_score,tp,fp,fn,tn
ecol-SAMN15148217,0.2222222222222222,0.9846153846153847,0.5,0.935251798561151,0.30769230769230765,2,2,7,128
