isolate,recall,specificity,precision,accuracy,f1_score,tp,fp,fn,tn
ecol-SAMN15148037,0.9528795811518325,1.0,1.0,0.953125,0.9758713136729222,182,0,9,1
