isolate,recall,specificity,precision,accuracy,f1_score,tp,fp,fn,tn
ecol-SAMN15148091,0.9627906976744186,0.46153846153846156,0.9366515837104072,0.9087136929460581,0.9495412844036697,207,14,8,12
