isolate,recall,specificity,precision,accuracy,f1_score,tp,fp,fn,tn
ecol-SAMN15148547,1.0,0.9761904761904762,0.75,0.9777777777777777,0.8571428571428571,3,1,0,41
