isolate,recall,specificity,precision,accuracy,f1_score,tp,fp,fn,tn
ecol-SAMN15148379,0.3173076923076923,0.9699248120300752,0.8918918918918919,0.6835443037974683,0.46808510638297873,33,4,71,129
