isolate,recall,specificity,precision,accuracy,f1_score,tp,fp,fn,tn
ecol-SAMN15147977,0.17647058823529413,0.9559748427672956,0.3,0.8806818181818182,0.22222222222222224,3,7,14,152
