isolate,recall,specificity,precision,accuracy,f1_score,tp,fp,fn,tn
ecol-SAMN15148391,0.26744186046511625,0.936768149882904,0.46,0.8245614035087719,0.3382352941176471,23,27,63,400
