isolate,recall,specificity,precision,accuracy,f1_score,tp,fp,fn,tn
ecol-SAMN15148060,0.375,0.9625468164794008,0.47368421052631576,0.9140893470790378,0.4186046511627907,9,10,15,257
