isolate,recall,specificity,precision,accuracy,f1_score,tp,fp,fn,tn
ecol-SAMN15148091,0.7058823529411765,0.9864864864864865,0.9230769230769231,0.9340659340659341,0.8000000000000002,12,1,5,73
