isolate,recall,specificity,precision,accuracy,f1_score,tp,fp,fn,tn
ecol-SAMN15148083,1.0,0.5454545454545454,0.921875,0.9285714285714286,0.959349593495935,59,5,0,6
