isolate,recall,specificity,precision,accuracy,f1_score,tp,fp,fn,tn
ecol-SAMN15148024,0.9630606860158312,0.6666666666666666,0.9945504087193461,0.9584415584415584,0.9785522788203753,365,2,14,4
