isolate,recall,specificity,precision,accuracy,f1_score,tp,fp,fn,tn
ecol-SAMN15148139,0.9612403100775194,0.36363636363636365,0.8551724137931035,0.8395061728395061,0.905109489051095,124,21,5,12
