isolate,recall,specificity,precision,accuracy,f1_score,tp,fp,fn,tn
ecol-SAMN15148089,0.9814814814814815,0.40625,0.9330985915492958,0.9205298013245033,0.9566787003610108,265,19,5,13
