isolate,recall,specificity,precision,accuracy,f1_score,tp,fp,fn,tn
ecol-SAMN15148482,0.9274193548387096,0.4318181818181818,0.8214285714285714,0.7976190476190477,0.8712121212121211,115,25,9,19
