isolate,recall,specificity,precision,accuracy,f1_score,tp,fp,fn,tn
ecol-SAMN15148426,0.32432432432432434,0.9411764705882353,0.8421052631578947,0.6378737541528239,0.46829268292682935,48,9,100,144
