isolate,recall,specificity,precision,accuracy,f1_score,tp,fp,fn,tn
ecol-SAMN15148475,0.9384615384615385,0.9230769230769231,0.9838709677419355,0.9358974358974359,0.9606299212598426,61,1,4,12
