isolate,recall,specificity,precision,accuracy,f1_score,tp,fp,fn,tn
ecol-SAMN15148379,0.9699248120300752,0.3173076923076923,0.645,0.6835443037974683,0.7747747747747747,129,71,4,33
