isolate,recall,specificity,precision,accuracy,f1_score,tp,fp,fn,tn
ecol-SAMN15148739,0.14285714285714285,0.9852941176470589,0.3333333333333333,0.9440559440559441,0.2,1,2,6,134
