isolate,recall,specificity,precision,accuracy,f1_score,tp,fp,fn,tn
ecol-SAMN15148547,0.8333333333333334,0.9583333333333334,0.5555555555555556,0.9509803921568627,0.6666666666666667,5,4,1,92
