isolate,recall,specificity,precision,accuracy,f1_score,tp,fp,fn,tn
ecol-SAMN15148112,1.0,0.7,0.9142857142857143,0.9285714285714286,0.955223880597015,32,3,0,7
