isolate,recall,specificity,precision,accuracy,f1_score,tp,fp,fn,tn
ecol-SAMN15148118,0.37623762376237624,0.9618320610687023,0.7916666666666666,0.7988980716253443,0.5100671140939597,38,10,63,252
