isolate,recall,specificity,precision,accuracy,f1_score,tp,fp,fn,tn
ecol-SAMN15148127,0.3627450980392157,0.9809885931558935,0.8809523809523809,0.8082191780821918,0.5138888888888888,37,5,65,258
