isolate,recall,specificity,precision,accuracy,f1_score,tp,fp,fn,tn
ecol-SAMN15148039,0.5,0.9555555555555556,0.3333333333333333,0.9361702127659575,0.4,1,2,1,43
