isolate,recall,specificity,precision,accuracy,f1_score,tp,fp,fn,tn
ecol-SAMN15148037,0.25,0.9611111111111111,0.3,0.9166666666666666,0.2727272727272727,3,7,9,173
