isolate,recall,specificity,precision,accuracy,f1_score,tp,fp,fn,tn
ecol-SAMN15148593,0.9688888888888889,0.5909090909090909,0.960352422907489,0.9352226720647774,0.9646017699115046,218,9,7,13
