isolate,recall,specificity,precision,accuracy,f1_score,tp,fp,fn,tn
ecol-SAMN15148273,0.3333333333333333,0.9431818181818182,0.09090909090909091,0.9329608938547486,0.14285714285714288,1,10,2,166
