isolate,recall,specificity,precision,accuracy,f1_score,tp,fp,fn,tn
ecol-SAMN15148136,0.9333333333333333,0.6739130434782609,0.8672566371681416,0.8543046357615894,0.8990825688073395,98,15,7,31
