isolate,recall,specificity,precision,accuracy,f1_score,tp,fp,fn,tn
ecol-SAMN15148547,0.9583333333333334,0.8333333333333334,0.989247311827957,0.9509803921568627,0.9735449735449735,92,1,4,5
