isolate,recall,specificity,precision,accuracy,f1_score,tp,fp,fn,tn
ecol-SAMN15148732,0.4166666666666667,0.9444444444444444,0.5,0.8823529411764706,0.45454545454545453,10,10,14,170
