isolate,recall,specificity,precision,accuracy,f1_score,tp,fp,fn,tn
ecol-SAMN15148648,0.861003861003861,0.3939393939393939,0.9176954732510288,0.8082191780821918,0.8884462151394422,223,20,36,13
