isolate,recall,specificity,precision,accuracy,f1_score,tp,fp,fn,tn
ecol-SAMN15148627,0.14285714285714285,0.9656862745098039,0.2222222222222222,0.9128440366972477,0.17391304347826086,2,7,12,197
