isolate,recall,specificity,precision,accuracy,f1_score,tp,fp,fn,tn
ecol-SAMN15148387,0.4230769230769231,0.9682539682539683,0.7333333333333333,0.875,0.5365853658536585,11,4,15,122
