isolate,recall,specificity,precision,accuracy,f1_score,tp,fp,fn,tn
ecol-SAMN15148024,0.7142857142857143,0.9656084656084656,0.2777777777777778,0.961038961038961,0.4,5,13,2,365
