isolate,recall,specificity,precision,accuracy,f1_score,tp,fp,fn,tn
ecol-SAMN15148070,0.3333333333333333,0.984375,0.5,0.9552238805970149,0.4,1,1,2,63
