isolate,recall,specificity,precision,accuracy,f1_score,tp,fp,fn,tn
ecol-SAMN15148461,0.5,0.9661016949152542,0.3333333333333333,0.9508196721311475,0.4,1,2,1,57
