isolate,recall,specificity,precision,accuracy,f1_score,tp,fp,fn,tn
ecol-SAMN15148360,1.0,0.0,0.9230769230769231,0.9230769230769231,0.9600000000000001,48,4,0,0
