isolate,recall,specificity,precision,accuracy,f1_score,tp,fp,fn,tn
ecol-SAMN15148102,0.9803921568627451,0.6666666666666666,0.9615384615384616,0.9473684210526315,0.970873786407767,50,2,1,4
