isolate,recall,specificity,precision,accuracy,f1_score,tp,fp,fn,tn
ecol-SAMN15148018,0.9548872180451128,0.34782608695652173,0.8943661971830986,0.8653846153846154,0.9236363636363636,127,15,6,8
