isolate,recall,specificity,precision,accuracy,f1_score,tp,fp,fn,tn
ecol-SAMN15148585,0.8765432098765432,0.0,0.9861111111111112,0.8658536585365854,0.9281045751633987,71,1,10,0
