isolate,recall,specificity,precision,accuracy,f1_score,tp,fp,fn,tn
ecol-SAMN15148426,0.9439252336448598,0.7272727272727273,0.9181818181818182,0.8928571428571429,0.9308755760368663,101,9,6,24
