isolate,recall,specificity,precision,accuracy,f1_score,tp,fp,fn,tn
ecol-SAMN15147970,0.25806451612903225,0.9558823529411765,0.7272727272727273,0.7373737373737373,0.38095238095238093,32,12,92,260
