isolate,recall,specificity,precision,accuracy,f1_score,tp,fp,fn,tn
ecol-SAMN15148563,0.9726775956284153,0.21428571428571427,0.8436018957345972,0.8311111111111111,0.9035532994923858,178,33,5,9
