isolate,recall,specificity,precision,accuracy,f1_score,tp,fp,fn,tn
ecol-SAMN15148585,0.9230769230769231,0.0,0.9953917050691244,0.9191489361702128,0.9578713968957872,216,1,18,0
