isolate,recall,specificity,precision,accuracy,f1_score,tp,fp,fn,tn
ecol-SAMN15148101,1.0,0.8333333333333334,0.9615384615384616,0.967741935483871,0.9803921568627451,25,1,0,5
