isolate,recall,specificity,precision,accuracy,f1_score,tp,fp,fn,tn
ecol-SAMN15148548,0.9454545454545454,0.42857142857142855,0.9285714285714286,0.8870967741935484,0.9369369369369368,52,4,3,3
