isolate,recall,specificity,precision,accuracy,f1_score,tp,fp,fn,tn
ecol-SAMN15148548,0.9305555555555556,0.3333333333333333,0.9571428571428572,0.8954248366013072,0.943661971830986,134,6,10,3
