isolate,recall,specificity,precision,accuracy,f1_score,tp,fp,fn,tn
ecol-SAMN15148400,0.21428571428571427,0.9534883720930233,0.5454545454545454,0.8007380073800738,0.30769230769230765,12,10,44,205
