isolate,recall,specificity,precision,accuracy,f1_score,tp,fp,fn,tn
ecol-SAMN15148139,0.984375,0.5,0.8513513513513513,0.8604651162790697,0.9130434782608695,63,11,1,11
