isolate,recall,specificity,precision,accuracy,f1_score,tp,fp,fn,tn
ecol-SAMN15148351,0.4,0.9436619718309859,0.3333333333333333,0.9078947368421053,0.3636363636363636,6,12,9,201
