isolate,recall,specificity,precision,accuracy,f1_score,tp,fp,fn,tn
ecol-SAMN15148268,0.3,0.9936708860759493,0.75,0.9523809523809523,0.4285714285714285,3,1,7,157
