isolate,recall,specificity,precision,accuracy,f1_score,tp,fp,fn,tn
ecol-SAMN15148121,0.9629629629629629,0.75,0.9811320754716981,0.9482758620689655,0.9719626168224299,52,1,2,3
