isolate,recall,specificity,precision,accuracy,f1_score,tp,fp,fn,tn
ecol-SAMN15148049,0.9714285714285714,0.6666666666666666,0.9855072463768116,0.958904109589041,0.9784172661870504,136,2,4,4
