isolate,recall,specificity,precision,accuracy,f1_score,tp,fp,fn,tn
ecol-SAMN15148482,0.919831223628692,0.24509803921568626,0.7389830508474576,0.7168141592920354,0.8195488721804511,218,77,19,25
