isolate,recall,specificity,precision,accuracy,f1_score,tp,fp,fn,tn
ecol-SAMN15148593,0.9571428571428572,0.9166666666666666,0.9852941176470589,0.9512195121951219,0.9710144927536232,67,1,3,11
