isolate,recall,specificity,precision,accuracy,f1_score,tp,fp,fn,tn
ecol-SAMN15148648,0.26153846153846155,0.8590308370044053,0.3469387755102041,0.726027397260274,0.29824561403508776,17,32,48,195
