isolate,recall,specificity,precision,accuracy,f1_score,tp,fp,fn,tn
ecol-SAMN15148400,0.9534883720930233,0.21428571428571427,0.8232931726907631,0.8007380073800738,0.8836206896551725,205,44,10,12
