isolate,recall,specificity,precision,accuracy,f1_score,tp,fp,fn,tn
ecol-SAMN15148072,0.6666666666666666,0.9523809523809523,0.5,0.9333333333333333,0.5714285714285715,2,2,1,40
