isolate,recall,specificity,precision,accuracy,f1_score,tp,fp,fn,tn
ecol-SAMN15148379,0.9583333333333334,0.5882352941176471,0.7666666666666667,0.8048780487804879,0.8518518518518519,23,7,1,10
