isolate,recall,specificity,precision,accuracy,f1_score,tp,fp,fn,tn
ecol-SAMN15148148,0.5,0.9672131147540983,0.6666666666666666,0.9130434782608695,0.5714285714285715,4,2,4,59
