isolate,recall,specificity,precision,accuracy,f1_score,tp,fp,fn,tn
ecol-SAMN15148391,0.9381898454746137,0.36666666666666664,0.91792656587473,0.8713450292397661,0.9279475982532752,425,38,28,22
