isolate,recall,specificity,precision,accuracy,f1_score,tp,fp,fn,tn
ecol-SAMN15148229,0.9183673469387755,0.75,0.9,0.8695652173913043,0.9090909090909091,45,5,4,15
