isolate,recall,specificity,precision,accuracy,f1_score,tp,fp,fn,tn
ecol-SAMN15148005,0.45454545454545453,0.9703703703703703,0.5555555555555556,0.9315068493150684,0.5,5,4,6,131
