isolate,recall,specificity,precision,accuracy,f1_score,tp,fp,fn,tn
ecol-SAMN15148482,0.2185430463576159,0.9414893617021277,0.75,0.6194690265486725,0.3384615384615385,33,11,118,177
