isolate,recall,specificity,precision,accuracy,f1_score,tp,fp,fn,tn
ecol-SAMN15148359,0.9900990099009901,0.5,0.9900990099009901,0.9805825242718447,0.9900990099009901,100,1,1,1
