isolate,recall,specificity,precision,accuracy,f1_score,tp,fp,fn,tn
ecol-SAMN15148570,0.6666666666666666,0.9857142857142858,0.6666666666666666,0.9726027397260274,0.6666666666666666,2,1,1,69
