isolate,recall,specificity,precision,accuracy,f1_score,tp,fp,fn,tn
ecol-SAMN15148576,0.37349397590361444,0.9726027397260274,0.8857142857142857,0.7554585152838428,0.5254237288135593,31,4,52,142
