isolate,recall,specificity,precision,accuracy,f1_score,tp,fp,fn,tn
ecol-SAMN15148331,1.0,0.3333333333333333,0.8787878787878788,0.8857142857142857,0.9354838709677419,29,4,0,2
