isolate,recall,specificity,precision,accuracy,f1_score,tp,fp,fn,tn
ecol-SAMN15148423,0.9436619718309859,0.43333333333333335,0.8874172185430463,0.8546511627906976,0.9146757679180887,134,17,8,13
