isolate,recall,specificity,precision,accuracy,f1_score,tp,fp,fn,tn
ecol-SAMN15148145,0.9777777777777777,0.8,0.9777777777777777,0.96,0.9777777777777777,44,1,1,4
