isolate,recall,specificity,precision,accuracy,f1_score,tp,fp,fn,tn
ecol-SAMN15148060,0.9540229885057471,0.23333333333333334,0.9154411764705882,0.8797250859106529,0.9343339587242027,249,23,12,7
