isolate,recall,specificity,precision,accuracy,f1_score,tp,fp,fn,tn
ecol-SAMN15148423,0.3333333333333333,0.952755905511811,0.7142857142857143,0.7906976744186046,0.4545454545454545,15,6,30,121
