isolate,recall,specificity,precision,accuracy,f1_score,tp,fp,fn,tn
ecol-SAMN15148138,0.9851851851851852,0.4,0.8986486486486487,0.89375,0.9399293286219081,133,15,2,10
