isolate,recall,specificity,precision,accuracy,f1_score,tp,fp,fn,tn
ecol-SAMN15148328,0.325,0.979381443298969,0.8666666666666667,0.7883211678832117,0.4727272727272728,13,2,27,95
