isolate,recall,specificity,precision,accuracy,f1_score,tp,fp,fn,tn
ecol-SAMN15148009,0.9591836734693877,,1.0,0.9591836734693877,0.9791666666666666,47,0,2,0
