isolate,recall,specificity,precision,accuracy,f1_score,tp,fp,fn,tn
ecol-SAMN15148139,0.4583333333333333,0.9838709677419355,0.9166666666666666,0.8372093023255814,0.611111111111111,11,1,13,61
