isolate,recall,specificity,precision,accuracy,f1_score,tp,fp,fn,tn
ecol-SAMN15148111,0.27848101265822783,0.9463087248322147,0.7333333333333333,0.7149122807017544,0.40366972477064217,22,8,57,141
