isolate,recall,specificity,precision,accuracy,f1_score,tp,fp,fn,tn
ecol-SAMN15147997,0.6666666666666666,0.9166666666666666,0.2,0.9090909090909091,0.30769230769230765,2,8,1,88
