isolate,recall,specificity,precision,accuracy,f1_score,tp,fp,fn,tn
ecol-SAMN15148298,0.5416666666666666,0.9895833333333334,0.9285714285714286,0.9,0.6842105263157894,13,1,11,95
