isolate,recall,specificity,precision,accuracy,f1_score,tp,fp,fn,tn
ecol-SAMN15148112,0.3793103448275862,0.9859154929577465,0.9166666666666666,0.81,0.5365853658536586,11,1,18,70
