isolate,recall,specificity,precision,accuracy,f1_score,tp,fp,fn,tn
ecol-SAMN15148218,0.9870967741935484,0.2631578947368421,0.9161676646706587,0.9080459770114943,0.9503105590062112,153,14,2,5
