isolate,recall,specificity,precision,accuracy,f1_score,tp,fp,fn,tn
ecol-SAMN15148515,0.9245283018867925,0.625,0.8909090909090909,0.855072463768116,0.9074074074074073,49,6,4,10
