isolate,recall,specificity,precision,accuracy,f1_score,tp,fp,fn,tn
ecol-SAMN15148099,0.9636363636363636,0.0,0.9298245614035088,0.8983050847457628,0.9464285714285715,53,4,2,0
