isolate,recall,specificity,precision,accuracy,f1_score,tp,fp,fn,tn
ecol-SAMN15148018,0.29411764705882354,0.9672131147540983,0.7142857142857143,0.8205128205128205,0.4166666666666667,10,4,24,118
