isolate,recall,specificity,precision,accuracy,f1_score,tp,fp,fn,tn
ecol-SAMN15148400,0.9418604651162791,0.6363636363636364,0.9529411764705882,0.9072164948453608,0.9473684210526314,81,4,5,7
