isolate,recall,specificity,precision,accuracy,f1_score,tp,fp,fn,tn
ecol-SAMN15148563,0.9772727272727273,0.6666666666666666,0.9347826086956522,0.9245283018867925,0.9555555555555557,43,3,1,6
