isolate,recall,specificity,precision,accuracy,f1_score,tp,fp,fn,tn
ecol-SAMN15148111,0.9385474860335196,0.3877551020408163,0.8484848484848485,0.8201754385964912,0.8912466843501327,168,30,11,19
