isolate,recall,specificity,precision,accuracy,f1_score,tp,fp,fn,tn
ecol-SAMN15148267,0.47619047619047616,0.9777777777777777,0.8333333333333334,0.8828828828828829,0.6060606060606061,10,2,11,88
