isolate,recall,specificity,precision,accuracy,f1_score,tp,fp,fn,tn
ecol-SAMN15148267,0.2558139534883721,0.9669421487603306,0.7333333333333333,0.7804878048780488,0.3793103448275862,11,4,32,117
