isolate,recall,specificity,precision,accuracy,f1_score,tp,fp,fn,tn
ecol-SAMN15148400,0.6363636363636364,0.9418604651162791,0.5833333333333334,0.9072164948453608,0.6086956521739131,7,5,4,81
