isolate,recall,specificity,precision,accuracy,f1_score,tp,fp,fn,tn
ecol-SAMN15148433,0.9565217391304348,1.0,1.0,0.9574468085106383,0.9777777777777777,132,0,6,3
