isolate,recall,specificity,precision,accuracy,f1_score,tp,fp,fn,tn
ecol-SAMN15148515,0.6470588235294118,0.9423076923076923,0.7857142857142857,0.8695652173913043,0.7096774193548386,11,3,6,49
