isolate,recall,specificity,precision,accuracy,f1_score,tp,fp,fn,tn
ecol-SAMN15148229,0.6956521739130435,0.9347826086956522,0.8421052631578947,0.855072463768116,0.761904761904762,16,3,7,43
