isolate,recall,specificity,precision,accuracy,f1_score,tp,fp,fn,tn
ecol-SAMN15148127,0.9375,0.4838709677419355,0.8241758241758241,0.8108108108108109,0.8771929824561403,75,16,5,15
