isolate,recall,specificity,precision,accuracy,f1_score,tp,fp,fn,tn
ecol-SAMN15148593,0.38461538461538464,0.9759615384615384,0.75,0.8825910931174089,0.5084745762711865,15,5,24,203
