isolate,recall,specificity,precision,accuracy,f1_score,tp,fp,fn,tn
ecol-SAMN15148388,0.9466666666666667,0.5483870967741935,0.8352941176470589,0.8301886792452831,0.8875,71,14,4,17
