isolate,recall,specificity,precision,accuracy,f1_score,tp,fp,fn,tn
ecol-SAMN15148548,0.42857142857142855,0.9454545454545454,0.5,0.8870967741935484,0.4615384615384615,3,3,4,52
