isolate,recall,specificity,precision,accuracy,f1_score,tp,fp,fn,tn
ecol-SAMN15148148,0.9672131147540983,0.5,0.9365079365079365,0.9130434782608695,0.9516129032258064,59,4,2,4
