isolate,recall,specificity,precision,accuracy,f1_score,tp,fp,fn,tn
ecol-SAMN15148215,0.9523809523809523,0.7222222222222222,0.9523809523809523,0.9186991869918699,0.9523809523809523,100,5,5,13
