isolate,recall,specificity,precision,accuracy,f1_score,tp,fp,fn,tn
ecol-SAMN15148475,0.8125,0.9516129032258065,0.8125,0.9230769230769231,0.8125,13,3,3,59
