isolate,recall,specificity,precision,accuracy,f1_score,tp,fp,fn,tn
ecol-SAMN15148102,0.6666666666666666,0.9803921568627451,0.8,0.9473684210526315,0.7272727272727272,4,1,2,50
