isolate,recall,specificity,precision,accuracy,f1_score,tp,fp,fn,tn
ecol-SAMN15148366,1.0,0.5714285714285714,0.9230769230769231,0.9302325581395349,0.9600000000000001,36,3,0,4
