isolate,recall,specificity,precision,accuracy,f1_score,tp,fp,fn,tn
ecol-SAMN15148217,0.9847328244274809,0.25,0.9555555555555556,0.9424460431654677,0.9699248120300753,129,6,2,2
