isolate,recall,specificity,precision,accuracy,f1_score,tp,fp,fn,tn
ecol-SAMN15148136,0.9466666666666667,0.42424242424242425,0.8328445747800587,0.8170426065162907,0.8861154446177847,284,57,16,42
