isolate,recall,specificity,precision,accuracy,f1_score,tp,fp,fn,tn
ecol-SAMN15147963,0.9572649572649573,0.6923076923076923,0.9655172413793104,0.9307692307692308,0.9613733905579399,112,4,5,9
