isolate,recall,specificity,precision,accuracy,f1_score,tp,fp,fn,tn
ecol-SAMN15148145,0.13333333333333333,0.9655172413793104,0.5714285714285714,0.7521367521367521,0.21621621621621623,4,3,26,84
