isolate,recall,specificity,precision,accuracy,f1_score,tp,fp,fn,tn
ecol-SAMN15148475,0.9259259259259259,0.3125,0.7317073170731707,0.7231404958677686,0.8174386920980927,150,55,12,25
