isolate,recall,specificity,precision,accuracy,f1_score,tp,fp,fn,tn
ecol-SAMN15148605,0.4,0.9519230769230769,0.5454545454545454,0.8823529411764706,0.4615384615384615,6,5,9,99
