isolate,recall,specificity,precision,accuracy,f1_score,tp,fp,fn,tn
ecol-SAMN15148593,0.8,0.9701492537313433,0.8571428571428571,0.9390243902439024,0.8275862068965518,12,2,3,65
