isolate,recall,specificity,precision,accuracy,f1_score,tp,fp,fn,tn
ecol-SAMN15148016,0.22916666666666666,0.9752066115702479,0.7857142857142857,0.7633136094674556,0.3548387096774194,11,3,37,118
