isolate,recall,specificity,precision,accuracy,f1_score,tp,fp,fn,tn
ecol-SAMN15148391,0.6060606060606061,0.95,0.6896551724137931,0.8967136150234741,0.6451612903225807,20,9,13,171
