isolate,recall,specificity,precision,accuracy,f1_score,tp,fp,fn,tn
ecol-SAMN15148093,0.6,0.9411764705882353,0.5,0.9107142857142857,0.5454545454545454,3,3,2,48
