isolate,recall,specificity,precision,accuracy,f1_score,tp,fp,fn,tn
ecol-SAMN15148138,0.3448275862068966,0.9847328244274809,0.8333333333333334,0.86875,0.4878048780487806,10,2,19,129
