isolate,recall,specificity,precision,accuracy,f1_score,tp,fp,fn,tn
ecol-SAMN15148701,0.9586776859504132,0.42857142857142855,0.9354838709677419,0.9037037037037037,0.946938775510204,116,8,5,6
