isolate,recall,specificity,precision,accuracy,f1_score,tp,fp,fn,tn
ecol-SAMN15148228,0.3333333333333333,0.9691119691119691,0.42857142857142855,0.927797833935018,0.375,6,8,12,251
