isolate,recall,specificity,precision,accuracy,f1_score,tp,fp,fn,tn
ecol-SAMN15148102,0.2857142857142857,0.9305555555555556,0.4444444444444444,0.8255813953488372,0.34782608695652173,4,5,10,67
