isolate,recall,specificity,precision,accuracy,f1_score,tp,fp,fn,tn
ecol-SAMN15147970,0.9537953795379538,0.3225806451612903,0.8210227272727273,0.8055555555555556,0.8824427480916032,289,63,14,30
