isolate,recall,specificity,precision,accuracy,f1_score,tp,fp,fn,tn
ecol-SAMN15148049,0.7142857142857143,0.9784172661870504,0.625,0.9657534246575342,0.6666666666666666,5,3,2,136
