isolate,recall,specificity,precision,accuracy,f1_score,tp,fp,fn,tn
ecol-SAMN15148025,0.4444444444444444,0.9696969696969697,0.8,0.8571428571428571,0.5714285714285714,4,1,5,32
