isolate,recall,specificity,precision,accuracy,f1_score,tp,fp,fn,tn
ecol-SAMN15147977,0.2222222222222222,0.9791666666666666,0.5,0.9142857142857143,0.30769230769230765,2,2,7,94
