isolate,recall,specificity,precision,accuracy,f1_score,tp,fp,fn,tn
ecol-SAMN15148366,0.46153846153846156,0.9925925925925926,0.8571428571428571,0.9459459459459459,0.6,6,1,7,134
