isolate,recall,specificity,precision,accuracy,f1_score,tp,fp,fn,tn
ecol-SAMN15148053,0.25,0.9752066115702479,0.5,0.9097744360902256,0.3333333333333333,3,3,9,118
