isolate,recall,specificity,precision,accuracy,f1_score,tp,fp,fn,tn
ecol-SAMN15148149,0.9795918367346939,0.0,0.9795918367346939,0.96,0.9795918367346939,48,1,1,0
