isolate,recall,specificity,precision,accuracy,f1_score,tp,fp,fn,tn
ecol-SAMN15148263,0.9530026109660574,0.4666666666666667,0.958005249343832,0.9176755447941889,0.9554973821989529,365,16,18,14
