isolate,recall,specificity,precision,accuracy,f1_score,tp,fp,fn,tn
ecol-SAMN15148461,0.9707602339181286,0.3333333333333333,0.9880952380952381,0.9597701149425287,0.9793510324483775,166,2,5,1
