isolate,recall,specificity,precision,accuracy,f1_score,tp,fp,fn,tn
ecol-SAMN15148207,0.9313725490196079,0.15,0.8482142857142857,0.8032786885245902,0.8878504672897195,95,17,7,3
