isolate,recall,specificity,precision,accuracy,f1_score,tp,fp,fn,tn
ecol-SAMN15148218,0.23809523809523808,0.9869281045751634,0.7142857142857143,0.896551724137931,0.35714285714285715,5,2,16,151
