isolate,recall,specificity,precision,accuracy,f1_score,tp,fp,fn,tn
ecol-SAMN15148360,0.986013986013986,0.0,0.9527027027027027,0.94,0.9690721649484535,141,7,2,0
