isolate,recall,specificity,precision,accuracy,f1_score,tp,fp,fn,tn
ecol-SAMN15148102,0.9367088607594937,0.5714285714285714,0.961038961038961,0.9069767441860465,0.9487179487179488,74,3,5,4
