isolate,recall,specificity,precision,accuracy,f1_score,tp,fp,fn,tn
kpne-SAMN21366037,0.9883720930232558,0.7040816326530612,0.8542713567839196,0.8851851851851852,0.9164420485175203,170,29,2,69
