isolate,recall,specificity,precision,accuracy,f1_score,tp,fp,fn,tn
kpne-SAMN21366094,0.9354838709677419,0.9591836734693877,0.9354838709677419,0.95,0.9354838709677419,29,2,2,47
