isolate,recall,specificity,precision,accuracy,f1_score,tp,fp,fn,tn
kpne-SAMN21366069,0.5595238095238095,0.9696969696969697,0.9791666666666666,0.6752136752136753,0.712121212121212,47,1,37,32
