isolate,recall,specificity,precision,accuracy,f1_score,tp,fp,fn,tn
kpne-SAMN21366095,0.8709677419354839,0.9777777777777777,0.9642857142857143,0.9342105263157895,0.9152542372881356,27,1,4,44
