isolate,recall,specificity,precision,accuracy,f1_score,tp,fp,fn,tn
kpne-SAMN21366043,0.3684210526315789,0.9512195121951219,0.9333333333333333,0.5726495726495726,0.5283018867924527,28,2,48,39
