isolate,recall,specificity,precision,accuracy,f1_score,tp,fp,fn,tn
kpne-SAMN21366091,0.4444444444444444,0.9787234042553191,0.9473684210526315,0.7314285714285714,0.6050420168067226,36,2,45,92
