isolate,recall,specificity,precision,accuracy,f1_score,tp,fp,fn,tn
kpne-SAMN21366070,0.5581395348837209,0.9583333333333334,0.96,0.7014925373134329,0.7058823529411763,48,2,38,46
