isolate,recall,specificity,precision,accuracy,f1_score,tp,fp,fn,tn
kpne-SAMN21366069,0.9545454545454546,0.9787234042553191,0.9545454545454546,0.9710144927536232,0.9545454545454546,21,1,1,46
