isolate,recall,specificity,precision,accuracy,f1_score,tp,fp,fn,tn
kpne-SAMN21366095,0.9166666666666666,0.42990654205607476,0.47413793103448276,0.6047904191616766,0.625,55,61,5,46
