isolate,recall,specificity,precision,accuracy,f1_score,tp,fp,fn,tn
kpne-SAMN21366069,0.9555555555555556,0.6388888888888888,0.6231884057971014,0.7606837606837606,0.7543859649122807,43,26,2,46
