isolate,recall,specificity,precision,accuracy,f1_score,tp,fp,fn,tn
kpne-SAMN21366037,0.85,0.9629629629629629,0.9714285714285714,0.8955223880597015,0.9066666666666667,68,2,12,52
