isolate,recall,specificity,precision,accuracy,f1_score,tp,fp,fn,tn
kpne-SAMN21366038,0.4266666666666667,1.0,1.0,0.5376344086021505,0.5981308411214953,32,0,43,18
