isolate,recall,specificity,precision,accuracy,f1_score,tp,fp,fn,tn
kpne-SAMN21366070,0.8518518518518519,0.9444444444444444,0.9583333333333334,0.8888888888888888,0.9019607843137256,46,2,8,34
