isolate,recall,specificity,precision,accuracy,f1_score,tp,fp,fn,tn
kpne-SAMN21366069,0.9215686274509803,1.0,1.0,0.9420289855072463,0.9591836734693878,47,0,4,18
