isolate,recall,specificity,precision,accuracy,f1_score,tp,fp,fn,tn
kpne-SAMN21366037,0.518796992481203,0.9854014598540146,0.971830985915493,0.7555555555555555,0.6764705882352942,69,2,64,135
