isolate,recall,specificity,precision,accuracy,f1_score,tp,fp,fn,tn
kpne-SAMN21366091,0.9537037037037037,0.4925373134328358,0.7518248175182481,0.7771428571428571,0.8408163265306122,103,34,5,33
