isolate,recall,specificity,precision,accuracy,f1_score,tp,fp,fn,tn
kpne-SAMN21366091,0.918918918918919,0.9615384615384616,0.9444444444444444,0.9438202247191011,0.9315068493150684,34,2,3,50
