isolate,recall,specificity,precision,accuracy,f1_score,tp,fp,fn,tn
kpne-SAMN21366037,0.9655172413793104,0.8947368421052632,0.875,0.9253731343283582,0.9180327868852458,56,8,2,68
