isolate,recall,specificity,precision,accuracy,f1_score,tp,fp,fn,tn
kpne-SAMN21366094,0.4305555555555556,0.9782608695652174,0.9393939393939394,0.7378048780487805,0.5904761904761905,31,2,41,90
