isolate,recall,specificity,precision,accuracy,f1_score,tp,fp,fn,tn
kpne-SAMN21366063,0.9565217391304348,0.9032258064516129,0.7857142857142857,0.9176470588235294,0.8627450980392156,22,6,1,56
