isolate,recall,specificity,precision,accuracy,f1_score,tp,fp,fn,tn
kpne-SAMN21366091,0.9122807017543859,0.96875,0.9811320754716981,0.9325842696629213,0.9454545454545454,52,1,5,31
