isolate,recall,specificity,precision,accuracy,f1_score,tp,fp,fn,tn
kpne-SAMN21366050,0.9736842105263158,0.8571428571428571,0.8409090909090909,0.9080459770114943,0.9024390243902439,37,7,1,42
