isolate,recall,specificity,precision,accuracy,f1_score,tp,fp,fn,tn
kpne-SAMN21366050,0.8235294117647058,0.9722222222222222,0.9767441860465116,0.8850574712643678,0.8936170212765957,42,1,9,35
