isolate,recall,specificity,precision,accuracy,f1_score,tp,fp,fn,tn
kpne-SAMN21366043,0.9591836734693877,0.4117647058823529,0.5402298850574713,0.6410256410256411,0.6911764705882353,47,40,2,28
