isolate,recall,specificity,precision,accuracy,f1_score,tp,fp,fn,tn
kpne-SAMN21366038,1.0,0.8611111111111112,0.7058823529411765,0.8958333333333334,0.8275862068965517,12,5,0,31
