isolate,recall,specificity,precision,accuracy,f1_score,tp,fp,fn,tn
kpne-SAMN21366094,0.9626168224299065,0.5087719298245614,0.7862595419847328,0.8048780487804879,0.8655462184873949,103,28,4,29
