isolate,recall,specificity,precision,accuracy,f1_score,tp,fp,fn,tn
kpne-SAMN21366070,0.9814814814814815,0.6125,0.6309523809523809,0.7611940298507462,0.7681159420289855,53,31,1,49
