isolate,recall,specificity,precision,accuracy,f1_score,tp,fp,fn,tn
kpne-SAMN21366063,0.43846153846153846,0.9473684210526315,0.9661016949152542,0.5535714285714286,0.6031746031746031,57,2,73,36
