isolate,recall,specificity,precision,accuracy,f1_score,tp,fp,fn,tn
kpne-SAMN21366063,0.9032258064516129,0.9565217391304348,0.9824561403508771,0.9176470588235294,0.9411764705882352,56,1,6,22
