isolate,recall,specificity,precision,accuracy,f1_score,tp,fp,fn,tn
kpne-SAMN21366095,0.9583333333333334,0.9285714285714286,0.9583333333333334,0.9473684210526315,0.9583333333333334,46,2,2,26
