isolate,recall,specificity,precision,accuracy,f1_score,tp,fp,fn,tn
kpne-SAMN21366095,0.42105263157894735,0.9433962264150944,0.9411764705882353,0.5868263473053892,0.5818181818181818,48,3,66,50
