isolate,recall,specificity,precision,accuracy,f1_score,tp,fp,fn,tn
kpne-SAMN21366050,0.8936170212765957,0.967741935483871,0.9767441860465116,0.9230769230769231,0.9333333333333332,42,1,5,30
