isolate,recall,specificity,precision,accuracy,f1_score,tp,fp,fn,tn
kpne-SAMN21366038,1.0,0.4507042253521127,0.36065573770491804,0.5806451612903226,0.5301204819277109,22,39,0,32
