isolate,recall,specificity,precision,accuracy,f1_score,tp,fp,fn,tn
kpne-SAMN21366050,0.9696969696969697,0.9333333333333333,0.9142857142857143,0.9487179487179487,0.9411764705882354,32,3,1,42
