isolate,recall,specificity,precision,accuracy,f1_score,tp,fp,fn,tn
kpne-SAMN21366070,0.9722222222222222,0.8703703703703703,0.8333333333333334,0.9111111111111111,0.8974358974358975,35,7,1,47
