isolate,recall,specificity,precision,accuracy,f1_score,tp,fp,fn,tn
E4239,0.5172413793103449,0.9395973154362416,0.7692307692307693,0.821256038647343,0.6185567010309279,30,9,28,140
