isolate,recall,specificity,precision,accuracy,f1_score,tp,fp,fn,tn
E8172,0.6194690265486725,0.9734513274336283,0.958904109589041,0.7964601769911505,0.7526881720430106,70,3,43,110
