isolate,recall,specificity,precision,accuracy,f1_score,tp,fp,fn,tn
E8172,0.9424460431654677,0.7471264367816092,0.8562091503267973,0.8672566371681416,0.8972602739726027,131,22,8,65
