isolate,recall,specificity,precision,accuracy,f1_score,tp,fp,fn,tn
E7591,0.9459459459459459,0.88,0.9668508287292817,0.9319148936170213,0.9562841530054644,175,6,10,44
