isolate,recall,specificity,precision,accuracy,f1_score,tp,fp,fn,tn
E4457,0.917910447761194,0.5855855855855856,0.727810650887574,0.7673469387755102,0.8118811881188119,123,46,11,65
