isolate,recall,specificity,precision,accuracy,f1_score,tp,fp,fn,tn
E4457,0.5384615384615384,0.9478260869565217,0.9210526315789473,0.7306122448979592,0.6796116504854369,70,6,60,109
