isolate,recall,specificity,precision,accuracy,f1_score,tp,fp,fn,tn
E7591,0.6447368421052632,0.9685534591194969,0.9074074074074074,0.8638297872340426,0.7538461538461537,49,5,27,154
