isolate,recall,specificity,precision,accuracy,f1_score,tp,fp,fn,tn
E2364,0.9772727272727273,0.0,0.9772727272727273,0.9555555555555556,0.9772727272727273,43,1,1,0
