isolate,recall,specificity,precision,accuracy,f1_score,tp,fp,fn,tn
E4239,0.9337349397590361,0.6829268292682927,0.9226190476190477,0.8840579710144928,0.9281437125748503,155,13,11,28
