isolate,recall,specificity,precision,accuracy,f1_score,tp,fp,fn,tn
kpne-SAMN21366050,0.47368421052631576,0.5510204081632653,0.45,0.5172413793103449,0.46153846153846156,18,22,20,27
