isolate,recall,specificity,precision,accuracy,f1_score,tp,fp,fn,tn
kpne-SAMN21366095,0.5416666666666666,0.42857142857142855,0.6190476190476191,0.5,0.5777777777777778,26,16,22,12
