isolate,recall,specificity,precision,accuracy,f1_score,tp,fp,fn,tn
kpne-SAMN21366094,0.24299065420560748,0.7192982456140351,0.6190476190476191,0.40853658536585363,0.348993288590604,26,16,81,41
