isolate,recall,specificity,precision,accuracy,f1_score,tp,fp,fn,tn
kpne-SAMN21366038,0.76,0.2777777777777778,0.8142857142857143,0.6666666666666666,0.7862068965517242,57,13,18,5
