isolate,recall,specificity,precision,accuracy,f1_score,tp,fp,fn,tn
kpne-SAMN21366095,0.7982456140350878,0.22641509433962265,0.6893939393939394,0.6167664670658682,0.7398373983739839,91,41,23,12
