isolate,recall,specificity,precision,accuracy,f1_score,tp,fp,fn,tn
kpne-SAMN21366070,0.6627906976744186,0.2916666666666667,0.6263736263736264,0.5298507462686567,0.6440677966101694,57,34,29,14
