isolate,recall,specificity,precision,accuracy,f1_score,tp,fp,fn,tn
kpne-SAMN21366043,0.7894736842105263,0.2926829268292683,0.6741573033707865,0.6153846153846154,0.7272727272727273,60,29,16,12
