isolate,recall,specificity,precision,accuracy,f1_score,tp,fp,fn,tn
kpne-SAMN21366050,0.5490196078431373,0.4722222222222222,0.5957446808510638,0.5172413793103449,0.5714285714285715,28,19,23,17
