isolate,recall,specificity,precision,accuracy,f1_score,tp,fp,fn,tn
kpne-SAMN21366069,0.5,0.5531914893617021,0.34375,0.5362318840579711,0.4074074074074074,11,21,11,26
