isolate,recall,specificity,precision,accuracy,f1_score,tp,fp,fn,tn
kpne-SAMN21366095,0.41935483870967744,0.5333333333333333,0.38235294117647056,0.4868421052631579,0.39999999999999997,13,21,18,24
