isolate,recall,specificity,precision,accuracy,f1_score,tp,fp,fn,tn
kpne-SAMN21366050,0.5106382978723404,0.5483870967741935,0.631578947368421,0.5256410256410257,0.5647058823529411,24,14,23,17
