isolate,recall,specificity,precision,accuracy,f1_score,tp,fp,fn,tn
kpne-SAMN21366091,0.2962962962962963,0.7014925373134329,0.6153846153846154,0.4514285714285714,0.4,32,20,76,47
