isolate,recall,specificity,precision,accuracy,f1_score,tp,fp,fn,tn
kpne-SAMN21366094,0.5161290322580645,0.46938775510204084,0.38095238095238093,0.4875,0.4383561643835616,16,26,15,23
