isolate,recall,specificity,precision,accuracy,f1_score,tp,fp,fn,tn
kpne-SAMN21366091,0.7407407407407407,0.32978723404255317,0.4878048780487805,0.52,0.588235294117647,60,63,21,31
