isolate,recall,specificity,precision,accuracy,f1_score,tp,fp,fn,tn
kpne-SAMN21366043,0.24489795918367346,0.7647058823529411,0.42857142857142855,0.5470085470085471,0.3116883116883117,12,16,37,52
