isolate,recall,specificity,precision,accuracy,f1_score,tp,fp,fn,tn
kpne-SAMN21366063,0.7384615384615385,0.21052631578947367,0.7619047619047619,0.6190476190476191,0.75,96,30,34,8
