isolate,recall,specificity,precision,accuracy,f1_score,tp,fp,fn,tn
kpne-SAMN21366091,0.49122807017543857,0.4375,0.6086956521739131,0.47191011235955055,0.5436893203883495,28,18,29,14
