isolate,recall,specificity,precision,accuracy,f1_score,tp,fp,fn,tn
kpne-SAMN21366037,0.3448275862068966,0.5526315789473685,0.37037037037037035,0.4626865671641791,0.35714285714285715,20,34,38,42
