isolate,recall,specificity,precision,accuracy,f1_score,tp,fp,fn,tn
kpne-SAMN21366037,0.7218045112781954,0.1386861313868613,0.4485981308411215,0.42592592592592593,0.5533141210374639,96,118,37,19
