isolate,recall,specificity,precision,accuracy,f1_score,tp,fp,fn,tn
kpne-SAMN21366070,0.48148148148148145,0.3611111111111111,0.5306122448979592,0.43333333333333335,0.5048543689320388,26,23,28,13
