isolate,recall,specificity,precision,accuracy,f1_score,tp,fp,fn,tn
kpne-SAMN21366063,0.2608695652173913,0.4838709677419355,0.15789473684210525,0.4235294117647059,0.19672131147540983,6,32,17,30
