isolate,recall,specificity,precision,accuracy,f1_score,tp,fp,fn,tn
kpne-SAMN21366069,0.24444444444444444,0.6944444444444444,0.3333333333333333,0.5213675213675214,0.28205128205128205,11,22,34,50
