isolate,recall,specificity,precision,accuracy,f1_score,tp,fp,fn,tn
kpne-SAMN21366038,0.22727272727272727,0.7464788732394366,0.21739130434782608,0.6236559139784946,0.22222222222222224,5,18,17,53
