isolate,recall,specificity,precision,accuracy,f1_score,tp,fp,fn,tn
kpne-SAMN21366070,0.24074074074074073,0.625,0.3023255813953488,0.4701492537313433,0.2680412371134021,13,30,41,50
