isolate,recall,specificity,precision,accuracy,f1_score,tp,fp,fn,tn
kpne-SAMN21366095,0.21666666666666667,0.794392523364486,0.37142857142857144,0.5868263473053892,0.2736842105263158,13,22,47,85
