isolate,recall,specificity,precision,accuracy,f1_score,tp,fp,fn,tn
kpne-SAMN21366038,0.4166666666666667,0.5,0.21739130434782608,0.4791666666666667,0.2857142857142857,5,18,7,18
