isolate,recall,specificity,precision,accuracy,f1_score,tp,fp,fn,tn
kpne-SAMN21366069,0.7142857142857143,0.2727272727272727,0.7142857142857143,0.5897435897435898,0.7142857142857143,60,24,24,9
