isolate,recall,specificity,precision,accuracy,f1_score,tp,fp,fn,tn
kpne-SAMN21366050,0.5454545454545454,0.5111111111111111,0.45,0.5256410256410257,0.4931506849315069,18,22,15,23
