isolate,recall,specificity,precision,accuracy,f1_score,tp,fp,fn,tn
kpne-SAMN21366037,0.12790697674418605,0.6530612244897959,0.39285714285714285,0.31851851851851853,0.19298245614035092,22,34,150,64
