isolate,recall,specificity,precision,accuracy,f1_score,tp,fp,fn,tn
kpne-SAMN21366091,0.4864864864864865,0.5192307692307693,0.4186046511627907,0.5056179775280899,0.45,18,25,19,27
