isolate,recall,specificity,precision,accuracy,f1_score,tp,fp,fn,tn
kpne-SAMN21366063,0.4838709677419355,0.2608695652173913,0.6382978723404256,0.4235294117647059,0.5504587155963303,30,17,32,6
