isolate,recall,specificity,precision,accuracy,f1_score,tp,fp,fn,tn
kpne-SAMN21366094,0.4339622641509434,0.4444444444444444,0.6052631578947368,0.4375,0.5054945054945055,23,15,30,12
