isolate,recall,specificity,precision,accuracy,f1_score,tp,fp,fn,tn
kpne-SAMN21366070,0.3333333333333333,0.46296296296296297,0.2926829268292683,0.4111111111111111,0.3116883116883117,12,29,24,25
