isolate,recall,specificity,precision,accuracy,f1_score,tp,fp,fn,tn
kpne-SAMN21366037,0.55,0.3333333333333333,0.55,0.4626865671641791,0.55,44,36,36,18
