isolate,recall,specificity,precision,accuracy,f1_score,tp,fp,fn,tn
kpne-SAMN21366069,0.5490196078431373,0.5,0.7567567567567568,0.5362318840579711,0.6363636363636364,28,9,23,9
