isolate,recall,specificity,precision,accuracy,f1_score,tp,fp,fn,tn
kpne-SAMN21366043,0.55,0.4074074074074074,0.4074074074074074,0.46808510638297873,0.46808510638297873,11,16,9,11
