isolate,recall,specificity,precision,accuracy,f1_score,tp,fp,fn,tn
kpne-SAMN21366094,0.7777777777777778,0.2826086956521739,0.45901639344262296,0.5,0.5773195876288659,56,66,16,26
