isolate,recall,specificity,precision,accuracy,f1_score,tp,fp,fn,tn
ecol-SAMN15148177,0.025,1.0,1.0,0.9144736842105263,0.04878048780487806,1,0,39,416
