isolate,recall,specificity,precision,accuracy,f1_score,tp,fp,fn,tn
ecol-SAMN15148627,0.07142857142857142,1.0,1.0,0.9403669724770642,0.13333333333333333,1,0,13,204
