isolate,recall,specificity,precision,accuracy,f1_score,tp,fp,fn,tn
ecol-SAMN15148391,0.9832402234636871,0.058823529411764705,0.8461538461538461,0.8356807511737089,0.9095607235142119,176,32,3,2
