isolate,recall,specificity,precision,accuracy,f1_score,tp,fp,fn,tn
ecol-SAMN15148090,1.0,0.125,0.8292682926829268,0.8333333333333334,0.9066666666666667,68,14,0,2
