isolate,recall,specificity,precision,accuracy,f1_score,tp,fp,fn,tn
ecol-SAMN15148102,0.14285714285714285,0.9859154929577465,0.6666666666666666,0.8470588235294118,0.23529411764705882,2,1,12,70
