isolate,recall,specificity,precision,accuracy,f1_score,tp,fp,fn,tn
ecol-SAMN15147963,1.0,0.0,0.8992248062015504,0.8992248062015504,0.9469387755102041,116,13,0,0
