isolate,recall,specificity,precision,accuracy,f1_score,tp,fp,fn,tn
ecol-SAMN15148720,1.0,0.0,0.9642857142857143,0.9642857142857143,0.9818181818181818,54,2,0,0
