isolate,recall,specificity,precision,accuracy,f1_score,tp,fp,fn,tn
ecol-SAMN15148136,0.9966777408637874,0.18,0.7853403141361257,0.7930174563591023,0.8784773060029283,300,82,1,18
