isolate,recall,specificity,precision,accuracy,f1_score,tp,fp,fn,tn
ecol-SAMN15148263,0.8932291666666666,0.4,0.9501385041551247,0.857487922705314,0.9208053691275168,343,18,41,12
