isolate,recall,specificity,precision,accuracy,f1_score,tp,fp,fn,tn
ecol-SAMN15148100,1.0,0.0,0.9708029197080292,0.9708029197080292,0.9851851851851852,133,4,0,0
