isolate,recall,specificity,precision,accuracy,f1_score,tp,fp,fn,tn
ecol-SAMN15148627,1.0,0.07692307692307693,0.9447004608294931,0.944954128440367,0.9715639810426541,205,12,0,1
