isolate,recall,specificity,precision,accuracy,f1_score,tp,fp,fn,tn
ecol-SAMN15148054,1.0,0.375,0.9685534591194969,0.9691358024691358,0.9840255591054313,154,5,0,3
