isolate,recall,specificity,precision,accuracy,f1_score,tp,fp,fn,tn
ecol-SAMN15148366,1.0,0.42857142857142855,0.9,0.9069767441860465,0.9473684210526316,36,4,0,3
