isolate,recall,specificity,precision,accuracy,f1_score,tp,fp,fn,tn
ecol-SAMN15148177,1.0,0.05555555555555555,0.9626373626373627,0.9627192982456141,0.9809630459126539,438,17,0,1
