isolate,recall,specificity,precision,accuracy,f1_score,tp,fp,fn,tn
ecol-SAMN15148387,1.0,0.25,0.8758620689655172,0.8807947019867549,0.9338235294117647,127,18,0,6
