isolate,recall,specificity,precision,accuracy,f1_score,tp,fp,fn,tn
ecol-SAMN15148426,0.0472972972972973,0.9673202614379085,0.5833333333333334,0.5149501661129569,0.08750000000000001,7,5,141,148
