isolate,recall,specificity,precision,accuracy,f1_score,tp,fp,fn,tn
ecol-SAMN15148314,1.0,0.6666666666666666,0.9915254237288136,0.9916666666666667,0.9957446808510638,117,1,0,2
