isolate,recall,specificity,precision,accuracy,f1_score,tp,fp,fn,tn
ecol-SAMN15148053,1.0,0.1111111111111111,0.9389312977099237,0.9393939393939394,0.9685039370078741,123,8,0,1
