isolate,recall,specificity,precision,accuracy,f1_score,tp,fp,fn,tn
ecol-SAMN15148732,1.0,0.06666666666666667,0.9306930693069307,0.9310344827586207,0.9641025641025642,188,14,0,1
