isolate,recall,specificity,precision,accuracy,f1_score,tp,fp,fn,tn
ecol-SAMN15148118,1.0,0.12162162162162163,0.8169014084507042,0.8214285714285714,0.8992248062015504,290,65,0,9
