isolate,recall,specificity,precision,accuracy,f1_score,tp,fp,fn,tn
ecol-SAMN15148118,1.0,0.0967741935483871,0.7383177570093458,0.7454545454545455,0.8494623655913979,79,28,0,3
