isolate,recall,specificity,precision,accuracy,f1_score,tp,fp,fn,tn
ecol-SAMN15148024,1.0,0.16666666666666666,0.9869451697127938,0.9869791666666666,0.9934296977660972,378,5,0,1
