isolate,recall,specificity,precision,accuracy,f1_score,tp,fp,fn,tn
ecol-SAMN15148218,0.09523809523809523,0.9934640522875817,0.6666666666666666,0.8850574712643678,0.16666666666666666,2,1,19,152
