isolate,recall,specificity,precision,accuracy,f1_score,tp,fp,fn,tn
ecol-SAMN15148351,1.0,0.0,0.9629629629629629,0.9629629629629629,0.9811320754716981,78,3,0,0
