isolate,recall,specificity,precision,accuracy,f1_score,tp,fp,fn,tn
ecol-SAMN15148350,1.0,0.030303030303030304,0.7264957264957265,0.7288135593220338,0.8415841584158416,85,32,0,1
