isolate,recall,specificity,precision,accuracy,f1_score,tp,fp,fn,tn
ecol-SAMN15148585,0.9506172839506173,0.0,0.9871794871794872,0.9390243902439024,0.9685534591194969,77,1,4,0
