isolate,recall,specificity,precision,accuracy,f1_score,tp,fp,fn,tn
ecol-SAMN15148148,1.0,0.0,0.9111111111111111,0.9111111111111111,0.9534883720930233,41,4,0,0
