isolate,recall,specificity,precision,accuracy,f1_score,tp,fp,fn,tn
ecol-SAMN15148005,0.2727272727272727,1.0,1.0,0.9444444444444444,0.42857142857142855,3,0,8,133
