isolate,recall,specificity,precision,accuracy,f1_score,tp,fp,fn,tn
ecol-SAMN15148102,1.0,0.14285714285714285,0.9285714285714286,0.9294117647058824,0.962962962962963,78,6,0,1
