isolate,recall,specificity,precision,accuracy,f1_score,tp,fp,fn,tn
ecol-SAMN15148391,0.1724137931034483,0.990632318501171,0.7894736842105263,0.8521400778210116,0.28301886792452835,15,4,72,423
