isolate,recall,specificity,precision,accuracy,f1_score,tp,fp,fn,tn
ecol-SAMN15148701,1.0,0.35714285714285715,0.9312977099236641,0.9338235294117647,0.9644268774703557,122,9,0,5
