isolate,recall,specificity,precision,accuracy,f1_score,tp,fp,fn,tn
ecol-SAMN15148547,1.0,0.6666666666666666,0.9761904761904762,0.9772727272727273,0.9879518072289156,41,1,0,2
