isolate,recall,specificity,precision,accuracy,f1_score,tp,fp,fn,tn
ecol-SAMN15148267,0.23255813953488372,0.9917355371900827,0.9090909090909091,0.7926829268292683,0.3703703703703703,10,1,33,120
