isolate,recall,specificity,precision,accuracy,f1_score,tp,fp,fn,tn
ecol-SAMN15148576,1.0,0.0,0.7205240174672489,0.7205240174672489,0.8375634517766497,165,64,0,0
