isolate,recall,specificity,precision,accuracy,f1_score,tp,fp,fn,tn
ecol-SAMN15148091,0.11764705882352941,1.0,1.0,0.8351648351648352,0.21052631578947367,2,0,15,74
