isolate,recall,specificity,precision,accuracy,f1_score,tp,fp,fn,tn
ecol-SAMN15148701,0.3076923076923077,1.0,1.0,0.8714285714285714,0.47058823529411764,4,0,9,57
