isolate,recall,specificity,precision,accuracy,f1_score,tp,fp,fn,tn
ecol-SAMN15148423,1.0,0.1111111111111111,0.8518518518518519,0.8545454545454545,0.92,92,16,0,2
