isolate,recall,specificity,precision,accuracy,f1_score,tp,fp,fn,tn
ecol-SAMN15148091,1.0,0.13333333333333333,0.8539325842696629,0.8571428571428571,0.9212121212121213,76,13,0,2
