isolate,recall,specificity,precision,accuracy,f1_score,tp,fp,fn,tn
ecol-SAMN15148379,1.0,0.009615384615384616,0.5708333333333333,0.5726141078838174,0.7267904509283819,137,103,0,1
