isolate,recall,specificity,precision,accuracy,f1_score,tp,fp,fn,tn
ecol-SAMN15148005,1.0,0.42857142857142855,0.9285714285714286,0.9322033898305084,0.962962962962963,52,4,0,3
