isolate,recall,specificity,precision,accuracy,f1_score,tp,fp,fn,tn
ecol-SAMN15148547,1.0,0.3333333333333333,0.9595959595959596,0.9603960396039604,0.979381443298969,95,4,0,2
