isolate,recall,specificity,precision,accuracy,f1_score,tp,fp,fn,tn
ecol-SAMN15148111,0.038461538461538464,1.0,1.0,0.6987951807228916,0.07407407407407407,1,0,25,57
