isolate,recall,specificity,precision,accuracy,f1_score,tp,fp,fn,tn
ecol-SAMN15148482,1.0,0.029411764705882353,0.7053571428571429,0.7079646017699115,0.8272251308900525,237,99,0,3
