isolate,recall,specificity,precision,accuracy,f1_score,tp,fp,fn,tn
ecol-SAMN15148136,0.36363636363636365,0.9895833333333334,0.9523809523809523,0.7615894039735099,0.5263157894736843,20,1,35,95
