isolate,recall,specificity,precision,accuracy,f1_score,tp,fp,fn,tn
ecol-SAMN15148101,1.0,0.3333333333333333,0.8620689655172413,0.8709677419354839,0.9259259259259259,25,4,0,2
