isolate,recall,specificity,precision,accuracy,f1_score,tp,fp,fn,tn
ecol-SAMN15148102,1.0,0.16666666666666666,0.9090909090909091,0.9107142857142857,0.9523809523809523,50,5,0,1
