isolate,recall,specificity,precision,accuracy,f1_score,tp,fp,fn,tn
ecol-SAMN15148739,1.0,0.0,0.9864864864864865,0.9864864864864865,0.9931972789115647,73,1,0,0
