isolate,recall,specificity,precision,accuracy,f1_score,tp,fp,fn,tn
ecol-SAMN15148570,1.0,0.0,0.958904109589041,0.958904109589041,0.9790209790209791,70,3,0,0
