isolate,recall,specificity,precision,accuracy,f1_score,tp,fp,fn,tn
ecol-SAMN15148387,1.0,0.18421052631578946,0.8959731543624161,0.898360655737705,0.9451327433628318,267,31,0,7
