isolate,recall,specificity,precision,accuracy,f1_score,tp,fp,fn,tn
ecol-SAMN15148053,1.0,0.2,0.9245283018867925,0.9259259259259259,0.9607843137254902,49,4,0,1
