isolate,recall,specificity,precision,accuracy,f1_score,tp,fp,fn,tn
ecol-SAMN15148710,1.0,0.06666666666666667,0.7741935483870968,0.7777777777777778,0.8727272727272727,48,14,0,1
