isolate,recall,specificity,precision,accuracy,f1_score,tp,fp,fn,tn
ecol-SAMN15148121,1.0,0.5,0.9642857142857143,0.9655172413793104,0.9818181818181818,54,2,0,2
