isolate,recall,specificity,precision,accuracy,f1_score,tp,fp,fn,tn
ecol-SAMN15148263,0.8333333333333334,0.5,0.9259259259259259,0.7941176470588235,0.8771929824561403,125,10,25,10
