isolate,recall,specificity,precision,accuracy,f1_score,tp,fp,fn,tn
ecol-SAMN15148548,1.0,0.42857142857142855,0.9310344827586207,0.9344262295081968,0.9642857142857143,54,4,0,3
