isolate,recall,specificity,precision,accuracy,f1_score,tp,fp,fn,tn
ecol-SAMN15148388,1.0,0.012048192771084338,0.7650429799426934,0.7657142857142857,0.8668831168831169,267,82,0,1
