isolate,recall,specificity,precision,accuracy,f1_score,tp,fp,fn,tn
ecol-SAMN15148127,0.08823529411764706,1.0,1.0,0.7459016393442623,0.1621621621621622,9,0,93,264
