isolate,recall,specificity,precision,accuracy,f1_score,tp,fp,fn,tn
ecol-SAMN15148070,1.0,0.0,0.9846153846153847,0.9846153846153847,0.9922480620155039,192,3,0,0
