isolate,recall,specificity,precision,accuracy,f1_score,tp,fp,fn,tn
ecol-SAMN15148039,1.0,0.0,0.9782608695652174,0.9782608695652174,0.989010989010989,45,1,0,0
