isolate,recall,specificity,precision,accuracy,f1_score,tp,fp,fn,tn
ecol-SAMN15148215,1.0,0.5384615384615384,0.9076923076923077,0.9166666666666666,0.9516129032258065,59,6,0,7
