isolate,recall,specificity,precision,accuracy,f1_score,tp,fp,fn,tn
ecol-SAMN15148605,0.9906542056074766,0.0,0.8983050847457628,0.8907563025210085,0.9422222222222222,106,12,1,0
