isolate,recall,specificity,precision,accuracy,f1_score,tp,fp,fn,tn
ecol-SAMN15148111,1.0,0.041666666666666664,0.7195121951219512,0.7228915662650602,0.8368794326241135,59,23,0,1
