isolate,recall,specificity,precision,accuracy,f1_score,tp,fp,fn,tn
ecol-SAMN15148268,1.0,0.2,0.9333333333333333,0.9344262295081968,0.9655172413793104,56,4,0,1
