isolate,recall,specificity,precision,accuracy,f1_score,tp,fp,fn,tn
ecol-SAMN15148350,1.0,0.011494252873563218,0.7409638554216867,0.7417417417417418,0.8512110726643599,246,86,0,1
