isolate,recall,specificity,precision,accuracy,f1_score,tp,fp,fn,tn
ecol-SAMN15148118,0.07692307692307693,1.0,1.0,0.6727272727272727,0.14285714285714288,3,0,36,71
