isolate,recall,specificity,precision,accuracy,f1_score,tp,fp,fn,tn
ecol-SAMN15148127,1.0,0.0967741935483871,0.7407407407407407,0.7477477477477478,0.851063829787234,80,28,0,3
