isolate,recall,specificity,precision,accuracy,f1_score,tp,fp,fn,tn
ecol-SAMN15148267,0.9925373134328358,0.2,0.8471337579617835,0.8475609756097561,0.9140893470790379,133,24,1,6
