isolate,recall,specificity,precision,accuracy,f1_score,tp,fp,fn,tn
ecol-SAMN15148482,1.0,0.06818181818181818,0.7515151515151515,0.7559523809523809,0.8581314878892733,124,41,0,3
