isolate,recall,specificity,precision,accuracy,f1_score,tp,fp,fn,tn
ecol-SAMN15148093,1.0,0.0,0.896551724137931,0.896551724137931,0.9454545454545454,26,3,0,0
