isolate,recall,specificity,precision,accuracy,f1_score,tp,fp,fn,tn
ecol-SAMN15148263,0.8431372549019608,0.8842975206611571,0.5058823529411764,0.8792270531400966,0.6323529411764706,43,42,8,321
