isolate,recall,specificity,precision,accuracy,f1_score,tp,fp,fn,tn
ecol-SAMN15148111,0.012658227848101266,1.0,1.0,0.6578947368421053,0.024999999999999998,1,0,78,149
