isolate,recall,specificity,precision,accuracy,f1_score,tp,fp,fn,tn
ecol-SAMN15148593,0.9857142857142858,0.3333333333333333,0.8961038961038961,0.8902439024390244,0.9387755102040817,69,8,1,4
