isolate,recall,specificity,precision,accuracy,f1_score,tp,fp,fn,tn
ecol-SAMN15148426,0.9870967741935484,0.04794520547945205,0.523972602739726,0.53156146179402,0.6845637583892618,153,139,2,7
