isolate,recall,specificity,precision,accuracy,f1_score,tp,fp,fn,tn
ecol-SAMN15148139,1.0,0.09090909090909091,0.7619047619047619,0.7674418604651163,0.8648648648648648,64,20,0,2
