isolate,recall,specificity,precision,accuracy,f1_score,tp,fp,fn,tn
ecol-SAMN15148714,1.0,0.0,0.9743589743589743,0.9743589743589743,0.9870129870129869,38,1,0,0
