isolate,recall,specificity,precision,accuracy,f1_score,tp,fp,fn,tn
ecol-SAMN15148143,1.0,0.36363636363636365,0.9473684210526315,0.948905109489051,0.972972972972973,126,7,0,4
