isolate,recall,specificity,precision,accuracy,f1_score,tp,fp,fn,tn
ecol-SAMN15148111,1.0,0.02040816326530612,0.788546255506608,0.7894736842105263,0.8817733990147782,179,48,0,1
