isolate,recall,specificity,precision,accuracy,f1_score,tp,fp,fn,tn
ecol-SAMN15147977,0.8888888888888888,0.6666666666666666,0.2,0.6857142857142857,0.326530612244898,8,32,1,64
