isolate,recall,specificity,precision,accuracy,f1_score,tp,fp,fn,tn
ecol-SAMN15147972,1.0,0.1111111111111111,0.8571428571428571,0.8596491228070176,0.923076923076923,96,16,0,2
