isolate,recall,specificity,precision,accuracy,f1_score,tp,fp,fn,tn
ecol-SAMN15148710,1.0,0.041666666666666664,0.8466666666666667,0.847682119205298,0.9169675090252708,127,23,0,1
