isolate,recall,specificity,precision,accuracy,f1_score,tp,fp,fn,tn
ecol-SAMN15148605,0.9976359338061466,0.0,0.871900826446281,0.8701030927835052,0.930540242557883,422,62,1,0
