isolate,recall,specificity,precision,accuracy,f1_score,tp,fp,fn,tn
ecol-SAMN15147970,1.0,0.023809523809523808,0.7602339181286549,0.7616279069767442,0.8637873754152824,130,41,0,1
