isolate,recall,specificity,precision,accuracy,f1_score,tp,fp,fn,tn
ecol-SAMN15148397,1.0,0.16666666666666666,0.9418604651162791,0.9425287356321839,0.970059880239521,81,5,0,1
