isolate,recall,specificity,precision,accuracy,f1_score,tp,fp,fn,tn
ecol-SAMN15148083,1.0,0.05263157894736842,0.8953488372093024,0.8959537572254336,0.9447852760736196,154,18,0,1
