isolate,recall,specificity,precision,accuracy,f1_score,tp,fp,fn,tn
ecol-SAMN15148136,0.9904761904761905,0.34782608695652173,0.7761194029850746,0.7947019867549668,0.8702928870292886,104,30,1,16
