isolate,recall,specificity,precision,accuracy,f1_score,tp,fp,fn,tn
ecol-SAMN15148267,0.989247311827957,0.2777777777777778,0.8761904761904762,0.8738738738738738,0.9292929292929293,92,13,1,5
