isolate,recall,specificity,precision,accuracy,f1_score,tp,fp,fn,tn
ecol-SAMN15148391,0.9911894273127754,0.1,0.8928571428571429,0.8871595330739299,0.9394572025052192,450,54,4,6
