isolate,recall,specificity,precision,accuracy,f1_score,tp,fp,fn,tn
ecol-SAMN15148101,1.0,0.25,0.9117647058823529,0.9142857142857143,0.9538461538461539,62,6,0,2
