isolate,recall,specificity,precision,accuracy,f1_score,tp,fp,fn,tn
ecol-SAMN15148139,0.07692307692307693,1.0,1.0,0.7791411042944786,0.14285714285714288,3,0,36,124
