isolate,recall,specificity,precision,accuracy,f1_score,tp,fp,fn,tn
ecol-SAMN15148102,0.3333333333333333,0.98,0.6666666666666666,0.9107142857142857,0.4444444444444444,2,1,4,49
