isolate,recall,specificity,precision,accuracy,f1_score,tp,fp,fn,tn
ecol-SAMN15147990,1.0,0.0,0.9772727272727273,0.9772727272727273,0.9885057471264368,43,1,0,0
