isolate,recall,specificity,precision,accuracy,f1_score,tp,fp,fn,tn
ecol-SAMN15148072,1.0,0.5,0.9767441860465116,0.9772727272727273,0.988235294117647,42,1,0,1
