isolate,recall,specificity,precision,accuracy,f1_score,tp,fp,fn,tn
ecol-SAMN15148426,0.9813084112149533,0.18181818181818182,0.7954545454545454,0.7928571428571428,0.8786610878661087,105,27,2,6
