isolate,recall,specificity,precision,accuracy,f1_score,tp,fp,fn,tn
ecol-SAMN15148423,1.0,0.06666666666666667,0.8352941176470589,0.8372093023255814,0.9102564102564102,142,28,0,2
