isolate,recall,specificity,precision,accuracy,f1_score,tp,fp,fn,tn
ecol-SAMN15148072,1.0,0.5,0.9927007299270073,0.9927536231884058,0.9963369963369962,136,1,0,1
