isolate,recall,specificity,precision,accuracy,f1_score,tp,fp,fn,tn
ecol-SAMN15148397,1.0,0.14285714285714285,0.9712918660287081,0.9714285714285714,0.9854368932038834,203,6,0,1
