isolate,recall,specificity,precision,accuracy,f1_score,tp,fp,fn,tn
ecol-SAMN15148350,0.05405405405405406,1.0,1.0,0.7033898305084746,0.10256410256410257,2,0,35,81
