isolate,recall,specificity,precision,accuracy,f1_score,tp,fp,fn,tn
ecol-SAMN15148585,0.9829787234042553,0.0,0.9956896551724138,0.9788135593220338,0.9892933618843684,231,1,4,0
