isolate,recall,specificity,precision,accuracy,f1_score,tp,fp,fn,tn
ecol-SAMN15148177,1.0,0.07142857142857142,0.9007633587786259,0.9015151515151515,0.9477911646586346,118,13,0,1
