isolate,recall,specificity,precision,accuracy,f1_score,tp,fp,fn,tn
ecol-SAMN15148388,1.0,0.03225806451612903,0.7142857142857143,0.7169811320754716,0.8333333333333333,75,30,0,1
