isolate,recall,specificity,precision,accuracy,f1_score,tp,fp,fn,tn
ecol-SAMN15148218,0.2222222222222222,0.9824561403508771,0.6666666666666666,0.8787878787878788,0.3333333333333333,2,1,7,56
