isolate,recall,specificity,precision,accuracy,f1_score,tp,fp,fn,tn
ecol-SAMN15148215,0.6428571428571429,1.0,1.0,0.9305555555555556,0.782608695652174,9,0,5,58
