isolate,recall,specificity,precision,accuracy,f1_score,tp,fp,fn,tn
ecol-SAMN15148593,0.9911111111111112,0.21739130434782608,0.9253112033195021,0.9193548387096774,0.9570815450643777,223,18,2,5
