isolate,recall,specificity,precision,accuracy,f1_score,tp,fp,fn,tn
ecol-SAMN15148298,1.0,0.06451612903225806,0.8982456140350877,0.8989547038327527,0.9463955637707948,256,29,0,2
