isolate,recall,specificity,precision,accuracy,f1_score,tp,fp,fn,tn
ecol-SAMN15148426,0.17142857142857143,0.9809523809523809,0.75,0.7785714285714286,0.2790697674418604,6,2,29,103
