isolate,recall,specificity,precision,accuracy,f1_score,tp,fp,fn,tn
ecol-SAMN15148049,0.2857142857142857,0.9855072463768116,0.5,0.9517241379310345,0.36363636363636365,2,2,5,136
