isolate,recall,specificity,precision,accuracy,f1_score,tp,fp,fn,tn
ecol-SAMN15148228,1.0,0.0,0.9420289855072463,0.9420289855072463,0.9701492537313433,65,4,0,0
