isolate,recall,specificity,precision,accuracy,f1_score,tp,fp,fn,tn
ecol-SAMN15148148,1.0,0.0,0.8840579710144928,0.8840579710144928,0.9384615384615386,61,8,0,0
