isolate,recall,specificity,precision,accuracy,f1_score,tp,fp,fn,tn
ecol-SAMN15148263,0.85,0.8666666666666667,0.4594594594594595,0.8647058823529412,0.5964912280701754,17,20,3,130
