isolate,recall,specificity,precision,accuracy,f1_score,tp,fp,fn,tn
ecol-SAMN15148218,0.9830508474576272,0.2857142857142857,0.9206349206349206,0.9090909090909091,0.9508196721311476,58,5,1,2
