isolate,recall,specificity,precision,accuracy,f1_score,tp,fp,fn,tn
ecol-SAMN15148060,1.0,0.03333333333333333,0.9,0.9003436426116839,0.9473684210526316,261,29,0,1
