isolate,recall,specificity,precision,accuracy,f1_score,tp,fp,fn,tn
ecol-SAMN15148049,0.3333333333333333,0.975609756097561,0.5,0.9318181818181818,0.4,2,2,4,80
