isolate,recall,specificity,precision,accuracy,f1_score,tp,fp,fn,tn
ecol-SAMN15148548,1.0,0.3333333333333333,0.959731543624161,0.9605263157894737,0.9794520547945206,143,6,0,3
