isolate,recall,specificity,precision,accuracy,f1_score,tp,fp,fn,tn
ecol-SAMN15148267,0.2857142857142857,0.9888888888888889,0.8571428571428571,0.8558558558558559,0.42857142857142855,6,1,15,89
