isolate,recall,specificity,precision,accuracy,f1_score,tp,fp,fn,tn
ecol-SAMN15148548,0.7142857142857143,1.0,1.0,0.9672131147540983,0.8333333333333333,5,0,2,54
