isolate,recall,specificity,precision,accuracy,f1_score,tp,fp,fn,tn
ecol-SAMN15148053,0.08333333333333333,1.0,1.0,0.9166666666666666,0.15384615384615385,1,0,11,120
