isolate,recall,specificity,precision,accuracy,f1_score,tp,fp,fn,tn
ecol-SAMN15148060,1.0,0.09090909090909091,0.8214285714285714,0.8245614035087719,0.9019607843137255,46,10,0,1
