isolate,recall,specificity,precision,accuracy,f1_score,tp,fp,fn,tn
ecol-SAMN15148112,1.0,0.03333333333333333,0.71,0.7128712871287128,0.8304093567251462,71,29,0,1
