isolate,recall,specificity,precision,accuracy,f1_score,tp,fp,fn,tn
ecol-SAMN15148136,0.23741007194244604,0.9961832061068703,0.9705882352941176,0.7331670822942643,0.3815028901734104,33,1,106,261
