isolate,recall,specificity,precision,accuracy,f1_score,tp,fp,fn,tn
ecol-SAMN15148648,1.0,0.030303030303030304,0.8907849829351536,0.891156462585034,0.9422382671480144,261,32,0,1
