isolate,recall,specificity,precision,accuracy,f1_score,tp,fp,fn,tn
ecol-SAMN15148049,0.9879518072289156,0.4,0.9647058823529412,0.9545454545454546,0.9761904761904762,82,3,1,2
