isolate,recall,specificity,precision,accuracy,f1_score,tp,fp,fn,tn
ecol-SAMN15147977,0.5294117647058824,0.7924528301886793,0.21428571428571427,0.7670454545454546,0.30508474576271183,9,33,8,126
