isolate,recall,specificity,precision,accuracy,f1_score,tp,fp,fn,tn
ecol-SAMN15148648,0.0625,1.0,1.0,0.8275862068965517,0.11764705882352941,2,0,30,142
