isolate,recall,specificity,precision,accuracy,f1_score,tp,fp,fn,tn
ecol-SAMN15148400,0.09090909090909091,1.0,1.0,0.8969072164948454,0.16666666666666669,1,0,10,86
