isolate,recall,specificity,precision,accuracy,f1_score,tp,fp,fn,tn
ecol-SAMN15148732,1.0,0.1111111111111111,0.8933333333333333,0.8947368421052632,0.9436619718309859,67,8,0,1
