isolate,recall,specificity,precision,accuracy,f1_score,tp,fp,fn,tn
ecol-SAMN15148732,0.041666666666666664,1.0,1.0,0.8866995073891626,0.07999999999999999,1,0,23,179
