isolate,recall,specificity,precision,accuracy,f1_score,tp,fp,fn,tn
ecol-SAMN15148400,0.017857142857142856,1.0,1.0,0.7970479704797048,0.03508771929824561,1,0,55,215
