isolate,recall,specificity,precision,accuracy,f1_score,tp,fp,fn,tn
ecol-SAMN15148739,1.0,0.0,0.9859154929577465,0.9859154929577465,0.9929078014184397,140,2,0,0
