isolate,recall,specificity,precision,accuracy,f1_score,tp,fp,fn,tn
ecol-SAMN15147972,1.0,0.07142857142857142,0.8609625668449198,0.8624338624338624,0.9252873563218391,161,26,0,2
