isolate,recall,specificity,precision,accuracy,f1_score,tp,fp,fn,tn
ecol-SAMN15148049,0.9928057553956835,0.3333333333333333,0.971830985915493,0.9655172413793104,0.9822064056939502,138,4,1,2
