isolate,recall,specificity,precision,accuracy,f1_score,tp,fp,fn,tn
ecol-SAMN15148400,1.0,0.09090909090909091,0.8958333333333334,0.8969072164948454,0.945054945054945,86,10,0,1
