isolate,recall,specificity,precision,accuracy,f1_score,tp,fp,fn,tn
ecol-SAMN15148112,1.0,0.1,0.7804878048780488,0.7857142857142857,0.8767123287671234,32,9,0,1
