isolate,recall,specificity,precision,accuracy,f1_score,tp,fp,fn,tn
ecol-SAMN15148400,1.0,0.017857142857142856,0.7962962962962963,0.7970479704797048,0.8865979381443299,215,55,0,1
