isolate,recall,specificity,precision,accuracy,f1_score,tp,fp,fn,tn
ecol-SAMN15148025,1.0,0.21212121212121213,0.7868852459016393,0.7984496124031008,0.8807339449541284,96,26,0,7
