isolate,recall,specificity,precision,accuracy,f1_score,tp,fp,fn,tn
ecol-SAMN15148461,1.0,0.0,0.9828571428571429,0.9828571428571429,0.9913544668587896,172,3,0,0
