isolate,recall,specificity,precision,accuracy,f1_score,tp,fp,fn,tn
ecol-SAMN15148127,1.0,0.12,0.8151260504201681,0.819672131147541,0.8981481481481481,291,66,0,9
