isolate,recall,specificity,precision,accuracy,f1_score,tp,fp,fn,tn
ecol-SAMN15147970,1.0,0.010526315789473684,0.7638190954773869,0.7644110275689223,0.8660968660968661,304,94,0,1
