isolate,recall,specificity,precision,accuracy,f1_score,tp,fp,fn,tn
ecol-SAMN15148093,1.0,0.0,0.9285714285714286,0.9285714285714286,0.962962962962963,52,4,0,0
