isolate,recall,specificity,precision,accuracy,f1_score,tp,fp,fn,tn
ecol-SAMN15148083,0.16666666666666666,1.0,1.0,0.8571428571428571,0.2857142857142857,2,0,10,58
