isolate,recall,specificity,precision,accuracy,f1_score,tp,fp,fn,tn
ecol-SAMN15148060,0.1111111111111111,1.0,1.0,0.8596491228070176,0.19999999999999998,1,0,8,48
