isolate,recall,specificity,precision,accuracy,f1_score,tp,fp,fn,tn
ecol-SAMN15148218,0.9935483870967742,0.10526315789473684,0.9005847953216374,0.896551724137931,0.9447852760736196,154,17,1,2
