isolate,recall,specificity,precision,accuracy,f1_score,tp,fp,fn,tn
ecol-SAMN15148482,0.07692307692307693,1.0,1.0,0.7142857142857143,0.14285714285714288,4,0,48,116
