isolate,recall,specificity,precision,accuracy,f1_score,tp,fp,fn,tn
ecol-SAMN15148268,0.16666666666666666,1.0,1.0,0.9180327868852459,0.2857142857142857,1,0,5,55
