isolate,recall,specificity,precision,accuracy,f1_score,tp,fp,fn,tn
ecol-SAMN15148139,1.0,0.06060606060606061,0.8074534161490683,0.8098159509202454,0.8934707903780068,130,31,0,2
