isolate,recall,specificity,precision,accuracy,f1_score,tp,fp,fn,tn
ecol-SAMN15148143,1.0,0.14814814814814814,0.907258064516129,0.9087301587301587,0.9513742071881607,225,23,0,4
