isolate,recall,specificity,precision,accuracy,f1_score,tp,fp,fn,tn
ecol-SAMN15148423,0.09523809523809523,1.0,1.0,0.8272727272727273,0.17391304347826084,2,0,19,89
