isolate,recall,specificity,precision,accuracy,f1_score,tp,fp,fn,tn
ecol-SAMN15148391,0.15151515151515152,0.9833333333333333,0.625,0.8544600938967136,0.24390243902439024,5,3,28,177
