isolate,recall,specificity,precision,accuracy,f1_score,tp,fp,fn,tn
ecol-SAMN15147977,0.7844311377245509,0.1111111111111111,0.9424460431654677,0.75,0.8562091503267975,131,8,36,1
