isolate,recall,specificity,precision,accuracy,f1_score,tp,fp,fn,tn
ecol-SAMN15148089,0.07142857142857142,1.0,1.0,0.8708609271523179,0.13333333333333333,3,0,39,260
