isolate,recall,specificity,precision,accuracy,f1_score,tp,fp,fn,tn
ecol-SAMN15148423,0.044444444444444446,1.0,1.0,0.75,0.0851063829787234,2,0,43,127
