isolate,recall,specificity,precision,accuracy,f1_score,tp,fp,fn,tn
ecol-SAMN15148091,1.0,0.07692307692307693,0.899581589958159,0.9004149377593361,0.947136563876652,215,24,0,2
