isolate,recall,specificity,precision,accuracy,f1_score,tp,fp,fn,tn
ecol-SAMN15148515,1.0,0.0,0.7681159420289855,0.7681159420289855,0.8688524590163935,53,16,0,0
