isolate,recall,specificity,precision,accuracy,f1_score,tp,fp,fn,tn
ecol-SAMN15148701,1.0,0.4444444444444444,0.9242424242424242,0.9285714285714286,0.9606299212598425,61,5,0,4
