isolate,recall,specificity,precision,accuracy,f1_score,tp,fp,fn,tn
ecol-SAMN15148388,0.009523809523809525,1.0,1.0,0.7028571428571428,0.01886792452830189,1,0,104,245
