isolate,recall,specificity,precision,accuracy,f1_score,tp,fp,fn,tn
ecol-SAMN15148648,1.0,0.03571428571428571,0.8439306358381503,0.8448275862068966,0.9153605015673981,146,27,0,1
