isolate,recall,specificity,precision,accuracy,f1_score,tp,fp,fn,tn
c_freundii_014,0.6909090909090909,0.8470588235294118,0.59375,0.8088888888888889,0.6386554621848739,38,26,17,144
