isolate,recall,specificity,precision,accuracy,f1_score,tp,fp,fn,tn
c_freundii_040,0.7692307692307693,0.8482142857142857,0.7017543859649122,0.823170731707317,0.7339449541284404,40,17,12,95
