isolate,recall,specificity,precision,accuracy,f1_score,tp,fp,fn,tn
c_freundii_030,0.7341772151898734,0.32432432432432434,0.43609022556390975,0.49473684210526314,0.5471698113207547,58,75,21,36
