isolate,recall,specificity,precision,accuracy,f1_score,tp,fp,fn,tn
c_freundii_014,0.7286432160804021,0.38461538461538464,0.9006211180124224,0.6888888888888889,0.8055555555555555,145,16,54,10
