isolate,recall,specificity,precision,accuracy,f1_score,tp,fp,fn,tn
c_freundii_051,0.9545454545454546,,1.0,0.9545454545454546,0.9767441860465117,42,0,2,0
