isolate,recall,specificity,precision,accuracy,f1_score,tp,fp,fn,tn
c_freundii_074,0.4041095890410959,,1.0,0.4041095890410959,0.5756097560975609,59,0,87,0
