isolate,recall,specificity,precision,accuracy,f1_score,tp,fp,fn,tn
c_freundii_087,0.8695652173913043,,1.0,0.8695652173913043,0.9302325581395349,40,0,6,0
