isolate,recall,specificity,precision,accuracy,f1_score,tp,fp,fn,tn
c_freundii_068,0.891566265060241,0.18181818181818182,0.891566265060241,0.8085106382978723,0.891566265060241,74,9,9,2
