isolate,recall,specificity,precision,accuracy,f1_score,tp,fp,fn,tn
c_freundii_021,0.6923076923076923,0.5102040816326531,0.7894736842105263,0.6424581005586593,0.7377049180327868,90,24,40,25
