isolate,recall,specificity,precision,accuracy,f1_score,tp,fp,fn,tn
c_freundii_018,0.6470588235294118,0.3333333333333333,0.8148148148148148,0.5903614457831325,0.7213114754098361,44,10,24,5
