isolate,recall,specificity,precision,accuracy,f1_score,tp,fp,fn,tn
c_freundii_050,0.9523809523809523,,1.0,0.9523809523809523,0.975609756097561,40,0,2,0
