isolate,recall,specificity,precision,accuracy,f1_score,tp,fp,fn,tn
c_freundii_080,0.8015267175572519,0.3333333333333333,0.9130434782608695,0.7534246575342466,0.8536585365853658,105,10,26,5
