isolate,recall,specificity,precision,accuracy,f1_score,tp,fp,fn,tn
c_freundii_044,0.7558139534883721,0.3302752293577982,0.47101449275362317,0.517948717948718,0.5803571428571429,65,73,21,36
