isolate,recall,specificity,precision,accuracy,f1_score,tp,fp,fn,tn
c_freundii_013,0.8918918918918919,0.5,0.9565217391304348,0.8625,0.9230769230769231,66,3,8,3
