isolate,recall,specificity,precision,accuracy,f1_score,tp,fp,fn,tn
c_freundii_048,0.7368421052631579,0.8461538461538461,0.7368421052631579,0.8058252427184466,0.7368421052631579,28,10,10,55
