isolate,recall,specificity,precision,accuracy,f1_score,tp,fp,fn,tn
c_freundii_033,0.9259259259259259,,1.0,0.9259259259259259,0.9615384615384615,50,0,4,0
