isolate,recall,specificity,precision,accuracy,f1_score,tp,fp,fn,tn
c_freundii_023,0.7027027027027027,0.9615384615384616,0.8666666666666667,0.8936170212765957,0.7761194029850748,26,4,11,100
