isolate,recall,specificity,precision,accuracy,f1_score,tp,fp,fn,tn
c_freundii_001,0.8771929824561403,,1.0,0.8771929824561403,0.9345794392523363,50,0,7,0
