isolate,recall,specificity,precision,accuracy,f1_score,tp,fp,fn,tn
c_freundii_078,0.8717948717948718,,1.0,0.8717948717948718,0.9315068493150686,34,0,5,0
