isolate,recall,specificity,precision,accuracy,f1_score,tp,fp,fn,tn
c_freundii_053,0.8064516129032258,0.7804878048780488,0.847457627118644,0.7961165048543689,0.8264462809917354,50,9,12,32
