isolate,recall,specificity,precision,accuracy,f1_score,tp,fp,fn,tn
c_freundii_071,0.9534883720930233,,1.0,0.9534883720930233,0.9761904761904763,41,0,2,0
