isolate,recall,specificity,precision,accuracy,f1_score,tp,fp,fn,tn
c_freundii_073,0.9761904761904762,,1.0,0.9761904761904762,0.9879518072289156,41,0,1,0
