isolate,recall,specificity,precision,accuracy,f1_score,tp,fp,fn,tn
c_freundii_025,0.7272727272727273,0.8823529411764706,0.6666666666666666,0.8444444444444444,0.6956521739130435,8,4,3,30
