isolate,recall,specificity,precision,accuracy,f1_score,tp,fp,fn,tn
c_freundii_025,0.8823529411764706,0.7272727272727273,0.9090909090909091,0.8444444444444444,0.8955223880597014,30,3,4,8
