isolate,recall,specificity,precision,accuracy,f1_score,tp,fp,fn,tn
c_freundii_052,0.8175182481751825,0.8846153846153846,0.9739130434782609,0.8282208588957055,0.8888888888888888,112,3,25,23
