isolate,recall,specificity,precision,accuracy,f1_score,tp,fp,fn,tn
c_freundii_027,0.9310344827586207,,1.0,0.9310344827586207,0.9642857142857143,27,0,2,0
