isolate,recall,specificity,precision,accuracy,f1_score,tp,fp,fn,tn
c_freundii_044,0.358974358974359,0.8076923076923077,0.7368421052631579,0.5384615384615384,0.4827586206896552,42,15,75,63
