isolate,recall,specificity,precision,accuracy,f1_score,tp,fp,fn,tn
c_freundii_039,0.6415094339622641,0.8317757009345794,0.6538461538461539,0.76875,0.6476190476190475,34,18,19,89
