isolate,recall,specificity,precision,accuracy,f1_score,tp,fp,fn,tn
c_freundii_054,0.7142857142857143,0.5945945945945946,0.8235294117647058,0.6814814814814815,0.7650273224043717,70,15,28,22
