isolate,recall,specificity,precision,accuracy,f1_score,tp,fp,fn,tn
c_freundii_064,0.631578947368421,0.8235294117647058,0.6666666666666666,0.7547169811320755,0.6486486486486486,24,12,14,56
