isolate,recall,specificity,precision,accuracy,f1_score,tp,fp,fn,tn
c_freundii_031,0.8,0.8217821782178217,0.7906976744186046,0.8118279569892473,0.7953216374269007,68,18,17,83
