isolate,recall,specificity,precision,accuracy,f1_score,tp,fp,fn,tn
c_freundii_021,0.6666666666666666,0.8557692307692307,0.7692307692307693,0.776536312849162,0.7142857142857142,50,15,25,89
