isolate,recall,specificity,precision,accuracy,f1_score,tp,fp,fn,tn
c_freundii_004,0.8846153846153846,0.9154929577464789,0.7931034482758621,0.9072164948453608,0.8363636363636363,23,6,3,65
