isolate,recall,specificity,precision,accuracy,f1_score,tp,fp,fn,tn
c_freundii_016,0.8064516129032258,0.0,0.9615384615384616,0.78125,0.8771929824561403,25,1,6,0
