isolate,recall,specificity,precision,accuracy,f1_score,tp,fp,fn,tn
c_freundii_019,0.5,0.7647058823529411,0.058823529411764705,0.7571428571428571,0.10526315789473684,1,16,1,52
