isolate,recall,specificity,precision,accuracy,f1_score,tp,fp,fn,tn
c_freundii_060,0.8108108108108109,,1.0,0.8108108108108109,0.8955223880597014,30,0,7,0
