isolate,recall,specificity,precision,accuracy,f1_score,tp,fp,fn,tn
c_freundii_093,0.5384615384615384,0.8823529411764706,0.7777777777777778,0.7333333333333333,0.6363636363636364,21,6,18,45
