isolate,recall,specificity,precision,accuracy,f1_score,tp,fp,fn,tn
c_freundii_042,0.7169811320754716,0.8169014084507042,0.7450980392156863,0.7741935483870968,0.7307692307692308,38,13,15,58
