isolate,recall,specificity,precision,accuracy,f1_score,tp,fp,fn,tn
c_freundii_023,0.9523809523809523,0.6944444444444444,0.9009009009009009,0.8865248226950354,0.925925925925926,100,11,5,25
