isolate,recall,specificity,precision,accuracy,f1_score,tp,fp,fn,tn
c_freundii_015,0.9342105263157895,,1.0,0.9342105263157895,0.9659863945578232,71,0,5,0
