isolate,recall,specificity,precision,accuracy,f1_score,tp,fp,fn,tn
c_freundii_080,0.6071428571428571,0.8813559322033898,0.5483870967741935,0.8287671232876712,0.5762711864406779,17,14,11,104
