isolate,recall,specificity,precision,accuracy,f1_score,tp,fp,fn,tn
c_freundii_085,0.5714285714285714,0.8888888888888888,0.4444444444444444,0.8461538461538461,0.5,4,5,3,40
