isolate,recall,specificity,precision,accuracy,f1_score,tp,fp,fn,tn
c_freundii_005,0.9803921568627451,,1.0,0.9803921568627451,0.99009900990099,100,0,2,0
