isolate,recall,specificity,precision,accuracy,f1_score,tp,fp,fn,tn
c_freundii_026,0.7380952380952381,0.916030534351145,0.7380952380952381,0.8728323699421965,0.7380952380952381,31,11,11,120
