isolate,recall,specificity,precision,accuracy,f1_score,tp,fp,fn,tn
c_freundii_055,0.9117647058823529,,1.0,0.9117647058823529,0.9538461538461539,62,0,6,0
