isolate,recall,specificity,precision,accuracy,f1_score,tp,fp,fn,tn
c_freundii_093,0.8823529411764706,0.5384615384615384,0.7142857142857143,0.7333333333333333,0.7894736842105262,45,18,6,21
