isolate,recall,specificity,precision,accuracy,f1_score,tp,fp,fn,tn
c_freundii_046,0.6041666666666666,0.8699186991869918,0.6444444444444445,0.7953216374269005,0.6236559139784946,29,16,19,107
