isolate,recall,specificity,precision,accuracy,f1_score,tp,fp,fn,tn
c_freundii_062,0.9696969696969697,,1.0,0.9696969696969697,0.9846153846153847,64,0,2,0
