isolate,recall,specificity,precision,accuracy,f1_score,tp,fp,fn,tn
c_freundii_004,0.8666666666666667,0.8636363636363636,0.9558823529411765,0.865979381443299,0.9090909090909091,65,3,10,19
