isolate,recall,specificity,precision,accuracy,f1_score,tp,fp,fn,tn
c_freundii_040,0.7121212121212122,0.59375,0.8785046728971962,0.6890243902439024,0.7866108786610878,94,13,38,19
