isolate,recall,specificity,precision,accuracy,f1_score,tp,fp,fn,tn
c_freundii_083,0.8160919540229885,0.0,0.9861111111111112,0.8068181818181818,0.8930817610062893,71,1,16,0
