isolate,recall,specificity,precision,accuracy,f1_score,tp,fp,fn,tn
c_freundii_038,0.6567164179104478,0.9705882352941176,0.9565217391304348,0.8148148148148148,0.7787610619469028,44,2,23,66
