isolate,recall,specificity,precision,accuracy,f1_score,tp,fp,fn,tn
c_freundii_045,0.8285714285714286,0.8348623853211009,0.7631578947368421,0.8324022346368715,0.7945205479452055,58,18,12,91
