isolate,recall,specificity,precision,accuracy,f1_score,tp,fp,fn,tn
c_freundii_094,0.8444444444444444,,1.0,0.8444444444444444,0.9156626506024096,38,0,7,0
