isolate,recall,specificity,precision,accuracy,f1_score,tp,fp,fn,tn
c_freundii_030,0.3474576271186441,0.7777777777777778,0.7192982456140351,0.5105263157894737,0.4685714285714286,41,16,77,56
