isolate,recall,specificity,precision,accuracy,f1_score,tp,fp,fn,tn
c_freundii_002,0.7611940298507462,0.5142857142857142,0.8571428571428571,0.7100591715976331,0.8063241106719368,102,17,32,18
