isolate,recall,specificity,precision,accuracy,f1_score,tp,fp,fn,tn
c_freundii_045,0.6533333333333333,0.8275862068965517,0.9514563106796117,0.6815642458100558,0.774703557312253,98,5,52,24
