isolate,recall,specificity,precision,accuracy,f1_score,tp,fp,fn,tn
c_freundii_017,0.8205128205128205,,1.0,0.8205128205128205,0.9014084507042254,32,0,7,0
