isolate,recall,specificity,precision,accuracy,f1_score,tp,fp,fn,tn
c_freundii_037,0.5,0.8494623655913979,0.2222222222222222,0.8217821782178217,0.30769230769230765,4,14,4,79
