isolate,recall,specificity,precision,accuracy,f1_score,tp,fp,fn,tn
c_freundii_003,0.8383838383838383,0.4807692307692308,0.7545454545454545,0.7152317880794702,0.7942583732057416,83,27,16,25
