isolate,recall,specificity,precision,accuracy,f1_score,tp,fp,fn,tn
c_freundii_026,0.8686131386861314,0.6666666666666666,0.9083969465648855,0.8265895953757225,0.8880597014925373,119,12,18,24
