isolate,recall,specificity,precision,accuracy,f1_score,tp,fp,fn,tn
c_freundii_047,0.8909090909090909,,1.0,0.8909090909090909,0.9423076923076923,49,0,6,0
