isolate,recall,specificity,precision,accuracy,f1_score,tp,fp,fn,tn
c_freundii_024,0.7828947368421053,0.5454545454545454,0.9596774193548387,0.7668711656441718,0.8623188405797102,119,5,33,6
