isolate,recall,specificity,precision,accuracy,f1_score,tp,fp,fn,tn
c_freundii_043,0.7375886524822695,0.65,0.8813559322033898,0.7182320441988951,0.8030888030888029,104,14,37,26
