isolate,recall,specificity,precision,accuracy,f1_score,tp,fp,fn,tn
c_freundii_063,0.8666666666666667,0.0,0.975,0.8478260869565217,0.9176470588235294,39,1,6,0
