isolate,recall,specificity,precision,accuracy,f1_score,tp,fp,fn,tn
c_freundii_019,0.7536231884057971,0.0,0.9811320754716981,0.7428571428571429,0.8524590163934427,52,1,17,0
