isolate,recall,specificity,precision,accuracy,f1_score,tp,fp,fn,tn
c_freundii_022,0.8688524590163934,0.16666666666666666,0.9137931034482759,0.8059701492537313,0.8907563025210085,53,5,8,1
