isolate,recall,specificity,precision,accuracy,f1_score,tp,fp,fn,tn
c_freundii_046,0.8029197080291971,0.5294117647058824,0.873015873015873,0.7485380116959064,0.8365019011406843,110,16,27,18
