isolate,recall,specificity,precision,accuracy,f1_score,tp,fp,fn,tn
c_freundii_068,0.3333333333333333,0.9240506329113924,0.45454545454545453,0.8297872340425532,0.3846153846153846,5,6,10,73
