isolate,recall,specificity,precision,accuracy,f1_score,tp,fp,fn,tn
c_freundii_058,0.8478260869565217,,1.0,0.8478260869565217,0.9176470588235294,39,0,7,0
