isolate,recall,specificity,precision,accuracy,f1_score,tp,fp,fn,tn
c_freundii_007,0.7307692307692307,0.9236641221374046,0.7916666666666666,0.8688524590163934,0.76,38,10,14,121
