isolate,recall,specificity,precision,accuracy,f1_score,tp,fp,fn,tn
c_freundii_024,0.7272727272727273,0.8368794326241135,0.41025641025641024,0.8220858895705522,0.5245901639344261,16,23,6,118
