isolate,recall,specificity,precision,accuracy,f1_score,tp,fp,fn,tn
c_freundii_038,0.8961038961038961,0.6551724137931034,0.7752808988764045,0.7925925925925926,0.8313253012048193,69,20,8,38
