isolate,recall,specificity,precision,accuracy,f1_score,tp,fp,fn,tn
c_freundii_082,0.9333333333333333,,1.0,0.9333333333333333,0.9655172413793104,42,0,3,0
