isolate,recall,specificity,precision,accuracy,f1_score,tp,fp,fn,tn
c_freundii_003,0.5757575757575758,0.9647058823529412,0.926829268292683,0.7947019867549668,0.7102803738317758,38,3,28,82
