isolate,recall,specificity,precision,accuracy,f1_score,tp,fp,fn,tn
c_freundii_018,0.5925925925925926,0.7678571428571429,0.5517241379310345,0.7108433734939759,0.5714285714285714,16,13,11,43
