isolate,recall,specificity,precision,accuracy,f1_score,tp,fp,fn,tn
c_freundii_022,0.16666666666666666,0.8688524590163934,0.1111111111111111,0.8059701492537313,0.13333333333333333,1,8,5,53
