isolate,recall,specificity,precision,accuracy,f1_score,tp,fp,fn,tn
c_freundii_020,0.9736842105263158,,1.0,0.9736842105263158,0.9866666666666666,37,0,1,0
