isolate,recall,specificity,precision,accuracy,f1_score,tp,fp,fn,tn
c_freundii_007,0.8840579710144928,0.7111111111111111,0.9037037037037037,0.8415300546448088,0.8937728937728937,122,13,16,32
