isolate,recall,specificity,precision,accuracy,f1_score,tp,fp,fn,tn
c_freundii_011,0.8452380952380952,0.6666666666666666,0.9594594594594594,0.8279569892473119,0.8987341772151899,71,3,13,6
