isolate,recall,specificity,precision,accuracy,f1_score,tp,fp,fn,tn
koxy-SAMN15148651,0.8296296296296296,0.6410256410256411,0.8,0.7605633802816901,0.8145454545454545,112,28,23,50
