isolate,recall,specificity,precision,accuracy,f1_score,tp,fp,fn,tn
koxy-SAMN15148669,0.7664233576642335,0.8237885462555066,0.7241379310344828,0.8021978021978022,0.7446808510638298,105,40,32,187
