isolate,recall,specificity,precision,accuracy,f1_score,tp,fp,fn,tn
koxy-SAMN15148636,0.802547770700637,0.5909090909090909,0.9333333333333333,0.776536312849162,0.863013698630137,126,9,31,13
