isolate,recall,specificity,precision,accuracy,f1_score,tp,fp,fn,tn
koxy-SAMN15148592,0.8333333333333334,0.9024390243902439,0.9712230215827338,0.8472906403940886,0.8970099667774086,135,4,27,37
