isolate,recall,specificity,precision,accuracy,f1_score,tp,fp,fn,tn
koxy-SAMN15148463,0.74,0.9178082191780822,0.8604651162790697,0.8455284552845529,0.7956989247311828,74,12,26,134
