isolate,recall,specificity,precision,accuracy,f1_score,tp,fp,fn,tn
koxy-SAMN15148734,0.8333333333333334,0.8975903614457831,0.860655737704918,0.8698630136986302,0.846774193548387,105,17,21,149
