isolate,recall,specificity,precision,accuracy,f1_score,tp,fp,fn,tn
koxy-SAMN15148522,0.8104838709677419,0.872093023255814,0.9481132075471698,0.8263473053892215,0.8739130434782608,201,11,47,75
