isolate,recall,specificity,precision,accuracy,f1_score,tp,fp,fn,tn
koxy-SAMN15148527,0.8227848101265823,0.2,0.8904109589041096,0.7528089887640449,0.855263157894737,65,8,14,2
