isolate,recall,specificity,precision,accuracy,f1_score,tp,fp,fn,tn
koxy-SAMN15148604,0.7916666666666666,0.9770992366412213,0.9779411764705882,0.8729096989966555,0.875,133,3,35,128
