isolate,recall,specificity,precision,accuracy,f1_score,tp,fp,fn,tn
koxy-SAMN15148287,0.8275862068965517,0.90625,0.6666666666666666,0.89171974522293,0.7384615384615385,24,12,5,116
