isolate,recall,specificity,precision,accuracy,f1_score,tp,fp,fn,tn
koxy-SAMN15148174,0.8947368421052632,0.8803418803418803,0.5483870967741935,0.8823529411764706,0.6799999999999999,17,14,2,103
