isolate,recall,specificity,precision,accuracy,f1_score,tp,fp,fn,tn
koxy-SAMN15148651,0.68,0.9557522123893806,0.9315068493150684,0.8262910798122066,0.7861271676300579,68,5,32,108
