isolate,recall,specificity,precision,accuracy,f1_score,tp,fp,fn,tn
koxy-SAMN15148673,0.8279569892473119,0.8055555555555556,0.9166666666666666,0.8217054263565892,0.8700564971751412,77,7,16,29
