isolate,recall,specificity,precision,accuracy,f1_score,tp,fp,fn,tn
koxy-SAMN15148459,0.808695652173913,0.8,0.8611111111111112,0.8052631578947368,0.8340807174887893,93,15,22,60
