isolate,recall,specificity,precision,accuracy,f1_score,tp,fp,fn,tn
koxy-SAMN15148173,0.8712121212121212,0.8571428571428571,0.9745762711864406,0.869281045751634,0.92,115,3,17,18
