isolate,recall,specificity,precision,accuracy,f1_score,tp,fp,fn,tn
koxy-SAMN15148527,0.4166666666666667,0.8571428571428571,0.3125,0.797752808988764,0.35714285714285715,5,11,7,66
