isolate,recall,specificity,precision,accuracy,f1_score,tp,fp,fn,tn
koxy-SAMN15148741,0.776,0.693069306930693,0.610062893081761,0.7247706422018348,0.6830985915492959,97,62,28,140
