isolate,recall,specificity,precision,accuracy,f1_score,tp,fp,fn,tn
koxy-SAMN15148459,0.8170731707317073,0.8611111111111112,0.8170731707317073,0.8421052631578947,0.8170731707317073,67,15,15,93
