isolate,recall,specificity,precision,accuracy,f1_score,tp,fp,fn,tn
koxy-SAMN15148734,0.7638190954773869,0.8064516129032258,0.8941176470588236,0.7773972602739726,0.8238482384823848,152,18,47,75
