isolate,recall,specificity,precision,accuracy,f1_score,tp,fp,fn,tn
koxy-SAMN15148669,0.83203125,0.9444444444444444,0.9726027397260274,0.8653846153846154,0.8968421052631579,213,6,43,102
