isolate,recall,specificity,precision,accuracy,f1_score,tp,fp,fn,tn
koxy-SAMN15148609,0.7037037037037037,0.9347826086956522,0.9047619047619048,0.8265895953757225,0.7916666666666667,57,6,24,86
