isolate,recall,specificity,precision,accuracy,f1_score,tp,fp,fn,tn
koxy-SAMN15148636,0.71875,0.8571428571428571,0.5227272727272727,0.8324022346368715,0.6052631578947368,23,21,9,126
