isolate,recall,specificity,precision,accuracy,f1_score,tp,fp,fn,tn
koxy-SAMN15148522,0.7403846153846154,0.8043478260869565,0.6311475409836066,0.7844311377245509,0.6814159292035398,77,45,27,185
