isolate,recall,specificity,precision,accuracy,f1_score,tp,fp,fn,tn
koxy-SAMN15148592,0.8775510204081632,0.8636363636363636,0.671875,0.8669950738916257,0.7610619469026548,43,21,6,133
