isolate,recall,specificity,precision,accuracy,f1_score,tp,fp,fn,tn
koxy-SAMN15148463,0.8203592814371258,0.7088607594936709,0.85625,0.7845528455284553,0.8379204892966362,137,23,30,56
