isolate,recall,specificity,precision,accuracy,f1_score,tp,fp,fn,tn
koxy-SAMN15148681,0.6086956521739131,0.9382716049382716,0.9180327868852459,0.7630057803468208,0.7320261437908497,56,5,36,76
