isolate,recall,specificity,precision,accuracy,f1_score,tp,fp,fn,tn
koxy-SAMN15148531,0.55,0.9166666666666666,0.6111111111111112,0.8461538461538461,0.5789473684210527,11,7,9,77
