isolate,recall,specificity,precision,accuracy,f1_score,tp,fp,fn,tn
koxy-SAMN15148657,0.8405797101449275,0.6,0.8923076923076924,0.791907514450867,0.8656716417910447,116,14,22,21
