isolate,recall,specificity,precision,accuracy,f1_score,tp,fp,fn,tn
koxy-SAMN15148287,0.8992248062015504,0.8214285714285714,0.9586776859504132,0.8853503184713376,0.9279999999999999,116,5,13,23
