isolate,recall,specificity,precision,accuracy,f1_score,tp,fp,fn,tn
koxy-SAMN15148647,0.872093023255814,0.6666666666666666,0.974025974025974,0.8586956521739131,0.9202453987730062,75,2,11,4
