isolate,recall,specificity,precision,accuracy,f1_score,tp,fp,fn,tn
koxy-SAMN15148681,0.8461538461538461,0.6521739130434783,0.7857142857142857,0.7687861271676301,0.8148148148148148,88,24,16,45
