isolate,recall,specificity,precision,accuracy,f1_score,tp,fp,fn,tn
koxy-SAMN15148609,0.8035714285714286,0.6721311475409836,0.8181818181818182,0.7572254335260116,0.8108108108108109,90,20,22,41
