isolate,recall,specificity,precision,accuracy,f1_score,tp,fp,fn,tn
koxy-SAMN15148173,0.8571428571428571,0.8712121212121212,0.5142857142857142,0.869281045751634,0.6428571428571428,18,17,3,115
