isolate,recall,specificity,precision,accuracy,f1_score,tp,fp,fn,tn
koxy-SAMN15148604,0.8333333333333334,0.7692307692307693,0.7975460122699386,0.802675585284281,0.8150470219435737,130,33,26,110
