isolate,recall,specificity,precision,accuracy,f1_score,tp,fp,fn,tn
koxy-SAMN15148741,0.706140350877193,0.9292929292929293,0.9583333333333334,0.7737003058103975,0.8131313131313131,161,7,67,92
