isolate,recall,specificity,precision,accuracy,f1_score,tp,fp,fn,tn
koxy-SAMN15148529,0.5238095238095238,0.9135802469135802,0.6111111111111112,0.8333333333333334,0.5641025641025642,11,7,10,74
