isolate,recall,specificity,precision,accuracy,f1_score,tp,fp,fn,tn
koxy-SAMN15148716,0.48,0.9148936170212766,0.5,0.8493975903614458,0.4897959183673469,12,12,13,129
