isolate,recall,specificity,precision,accuracy,f1_score,tp,fp,fn,tn
koxy-SAMN15148529,0.8604651162790697,0.375,0.8809523809523809,0.7843137254901961,0.8705882352941177,74,10,12,6
