isolate,recall,specificity,precision,accuracy,f1_score,tp,fp,fn,tn
koxy-SAMN15148647,0.7777777777777778,0.9036144578313253,0.4666666666666667,0.8913043478260869,0.5833333333333334,7,8,2,75
