isolate,recall,specificity,precision,accuracy,f1_score,tp,fp,fn,tn
koxy-SAMN15148174,0.8803418803418803,0.8947368421052632,0.9809523809523809,0.8823529411764706,0.9279279279279279,103,2,14,17
