isolate,recall,specificity,precision,accuracy,f1_score,tp,fp,fn,tn
koxy-SAMN15148716,0.8716216216216216,0.2777777777777778,0.9084507042253521,0.8072289156626506,0.8896551724137931,129,13,19,5
