isolate,recall,specificity,precision,accuracy,f1_score,tp,fp,fn,tn
koxy-SAMN15148657,0.6585365853658537,0.8787878787878788,0.627906976744186,0.8265895953757225,0.6428571428571429,27,16,14,116
