isolate,recall,specificity,precision,accuracy,f1_score,tp,fp,fn,tn
koxy-SAMN15148673,0.782608695652174,0.891566265060241,0.8,0.8527131782945736,0.7912087912087912,36,9,10,74
