isolate,recall,specificity,precision,accuracy,f1_score,tp,fp,fn,tn
vpar-SAMEA5540086,0.8992248062015504,,1.0,0.8992248062015504,0.9469387755102041,116,0,13,0
