isolate,recall,specificity,precision,accuracy,f1_score,tp,fp,fn,tn
vpar-SAMEA5540085,1.0,0.8305084745762712,0.47368421052631576,0.8529411764705882,0.6428571428571429,9,10,0,49
