isolate,recall,specificity,precision,accuracy,f1_score,tp,fp,fn,tn
vpar-SAMEA5540085,0.6349206349206349,0.4,0.9302325581395349,0.6176470588235294,0.7547169811320754,40,3,23,2
