isolate,recall,specificity,precision,accuracy,f1_score,tp,fp,fn,tn
vpar-SAMEA5540087,0.3333333333333333,0.8865979381443299,0.08333333333333333,0.87,0.13333333333333333,1,11,2,86
