isolate,recall,specificity,precision,accuracy,f1_score,tp,fp,fn,tn
ecol-SAMN15148627,0.6666666666666666,0.14285714285714285,0.8333333333333334,0.5961538461538461,0.7407407407407408,30,6,15,1
