isolate,recall,specificity,precision,accuracy,f1_score,tp,fp,fn,tn
ecol-SAMN15148596,0.23333333333333334,0.8,0.3684210526315789,0.6111111111111112,0.2857142857142857,7,12,23,48
