isolate,recall,specificity,precision,accuracy,f1_score,tp,fp,fn,tn
ecol-SAMN15148426,0.34285714285714286,0.638095238095238,0.24,0.5642857142857143,0.2823529411764706,12,38,23,67
