isolate,recall,specificity,precision,accuracy,f1_score,tp,fp,fn,tn
ecol-SAMN15148016,0.020833333333333332,0.8429752066115702,0.05,0.6094674556213018,0.029411764705882353,1,19,47,102
