isolate,recall,specificity,precision,accuracy,f1_score,tp,fp,fn,tn
ecol-SAMN15148591,0.5869565217391305,0.3333333333333333,0.8709677419354839,0.5576923076923077,0.7012987012987013,27,4,19,2
