isolate,recall,specificity,precision,accuracy,f1_score,tp,fp,fn,tn
ecol-SAMN15148054,0.2,0.9006622516556292,0.11764705882352941,0.8571428571428571,0.14814814814814817,2,15,8,136
