isolate,recall,specificity,precision,accuracy,f1_score,tp,fp,fn,tn
ecol-SAMN15148714,0.6842105263157895,0.0,0.9629629629629629,0.6666666666666666,0.7999999999999999,26,1,12,0
