isolate,recall,specificity,precision,accuracy,f1_score,tp,fp,fn,tn
ecol-SAMN15148024,0.6666666666666666,0.0,0.9090909090909091,0.625,0.7692307692307692,40,4,20,0
