isolate,recall,specificity,precision,accuracy,f1_score,tp,fp,fn,tn
ecol-SAMN15148563,0.8961748633879781,0.023809523809523808,0.8,0.7333333333333333,0.8453608247422681,164,41,19,1
