isolate,recall,specificity,precision,accuracy,f1_score,tp,fp,fn,tn
ecol-SAMN15148207,0.5128205128205128,0.0,0.7142857142857143,0.425531914893617,0.5970149253731343,20,8,19,0
