isolate,recall,specificity,precision,accuracy,f1_score,tp,fp,fn,tn
ecol-SAMN15148005,0.36363636363636365,0.8222222222222222,0.14285714285714285,0.7876712328767124,0.2051282051282051,4,24,7,111
