isolate,recall,specificity,precision,accuracy,f1_score,tp,fp,fn,tn
ecol-SAMN15148701,0.7540983606557377,0.3333333333333333,0.8846153846153846,0.7,0.8141592920353982,46,6,15,3
