isolate,recall,specificity,precision,accuracy,f1_score,tp,fp,fn,tn
ecol-SAMN15148018,0.8721804511278195,0.043478260869565216,0.8405797101449275,0.75,0.8560885608856088,116,22,17,1
