isolate,recall,specificity,precision,accuracy,f1_score,tp,fp,fn,tn
ecol-SAMN15148366,0.15384615384615385,0.8740740740740741,0.10526315789473684,0.8108108108108109,0.125,2,17,11,118
