isolate,recall,specificity,precision,accuracy,f1_score,tp,fp,fn,tn
ecol-SAMN15148263,0.6066666666666667,0.5,0.900990099009901,0.5941176470588235,0.7250996015936254,91,10,59,10
