isolate,recall,specificity,precision,accuracy,f1_score,tp,fp,fn,tn
ecol-SAMN15148397,0.7142857142857143,0.8159203980099502,0.11904761904761904,0.8125,0.2040816326530612,5,37,2,164
