isolate,recall,specificity,precision,accuracy,f1_score,tp,fp,fn,tn
ecol-SAMN15148515,0.17647058823529413,0.8076923076923077,0.23076923076923078,0.6521739130434783,0.20000000000000004,3,10,14,42
