isolate,recall,specificity,precision,accuracy,f1_score,tp,fp,fn,tn
ecol-SAMN15148328,0.7101449275362319,0.15789473684210525,0.7538461538461538,0.5909090909090909,0.7313432835820897,49,16,20,3
