isolate,recall,specificity,precision,accuracy,f1_score,tp,fp,fn,tn
ecol-SAMN15148351,0.6794871794871795,0.0,0.9464285714285714,0.654320987654321,0.791044776119403,53,3,25,0
