isolate,recall,specificity,precision,accuracy,f1_score,tp,fp,fn,tn
ecol-SAMN15147977,0.6288659793814433,0.5,0.9384615384615385,0.6190476190476191,0.7530864197530864,61,4,36,4
