isolate,recall,specificity,precision,accuracy,f1_score,tp,fp,fn,tn
ecol-SAMN15147962,0.6911764705882353,0.0,0.8392857142857143,0.6103896103896104,0.7580645161290324,47,9,21,0
