isolate,recall,specificity,precision,accuracy,f1_score,tp,fp,fn,tn
ecol-SAMN15148090,0.8819188191881919,0.13793103448275862,0.9053030303030303,0.81,0.8934579439252337,239,25,32,4
