isolate,recall,specificity,precision,accuracy,f1_score,tp,fp,fn,tn
ecol-SAMN15148387,0.5859375,0.20833333333333334,0.7978723404255319,0.5263157894736842,0.6756756756756757,75,19,53,5
