isolate,recall,specificity,precision,accuracy,f1_score,tp,fp,fn,tn
ecol-SAMN15148349,0.5,0.7419354838709677,0.1111111111111111,0.7272727272727273,0.1818181818181818,2,16,2,46
