isolate,recall,specificity,precision,accuracy,f1_score,tp,fp,fn,tn
ecol-SAMN15148570,0.8564814814814815,0.25,0.9840425531914894,0.8454545454545455,0.9158415841584159,185,3,31,1
