isolate,recall,specificity,precision,accuracy,f1_score,tp,fp,fn,tn
ecol-SAMN15148083,0.043478260869565216,0.8333333333333334,0.038461538461538464,0.7283236994219653,0.04081632653061224,1,25,22,125
