isolate,recall,specificity,precision,accuracy,f1_score,tp,fp,fn,tn
ecol-SAMN15148547,0.8095238095238095,0.3333333333333333,0.9444444444444444,0.7777777777777778,0.8717948717948718,34,2,8,1
