isolate,recall,specificity,precision,accuracy,f1_score,tp,fp,fn,tn
ecol-SAMN15148229,0.8333333333333334,0.21739130434782608,0.8163265306122449,0.7142857142857143,0.8247422680412372,80,18,16,5
