isolate,recall,specificity,precision,accuracy,f1_score,tp,fp,fn,tn
ecol-SAMN15148053,0.08333333333333333,0.8099173553719008,0.041666666666666664,0.7443609022556391,0.05555555555555555,1,23,11,98
