isolate,recall,specificity,precision,accuracy,f1_score,tp,fp,fn,tn
ecol-SAMN15148391,0.45454545454545453,0.6111111111111112,0.17647058823529413,0.5868544600938967,0.25423728813559326,15,70,18,110
