isolate,recall,specificity,precision,accuracy,f1_score,tp,fp,fn,tn
ecol-SAMN15147963,0.6833333333333333,0.0,0.8367346938775511,0.6029411764705882,0.7522935779816514,41,8,19,0
