isolate,recall,specificity,precision,accuracy,f1_score,tp,fp,fn,tn
ecol-SAMN15148037,0.9057591623036649,0.0,0.9942528735632183,0.9010416666666666,0.947945205479452,173,1,18,0
