isolate,recall,specificity,precision,accuracy,f1_score,tp,fp,fn,tn
ecol-SAMN15148314,0.8448275862068966,0.6666666666666666,0.98989898989899,0.8403361344537815,0.9116279069767442,98,1,18,2
