isolate,recall,specificity,precision,accuracy,f1_score,tp,fp,fn,tn
ecol-SAMN15148366,0.25,0.6857142857142857,0.15384615384615385,0.6046511627906976,0.1904761904761905,2,11,6,24
