isolate,recall,specificity,precision,accuracy,f1_score,tp,fp,fn,tn
ecol-SAMN15148350,0.21621621621621623,0.6666666666666666,0.22857142857142856,0.5254237288135594,0.22222222222222224,8,27,29,54
