isolate,recall,specificity,precision,accuracy,f1_score,tp,fp,fn,tn
ecol-SAMN15148483,0.7567567567567568,,1.0,0.7567567567567568,0.8615384615384616,28,0,9,0
