isolate,recall,specificity,precision,accuracy,f1_score,tp,fp,fn,tn
ecol-SAMN15148426,0.10810810810810811,0.7189542483660131,0.2711864406779661,0.4186046511627907,0.15458937198067632,16,43,132,110
