isolate,recall,specificity,precision,accuracy,f1_score,tp,fp,fn,tn
ecol-SAMN15148218,0.14285714285714285,0.8562091503267973,0.12,0.7701149425287356,0.13043478260869565,3,22,18,131
