isolate,recall,specificity,precision,accuracy,f1_score,tp,fp,fn,tn
ecol-SAMN15148732,0.8835978835978836,0.13333333333333333,0.9277777777777778,0.8284313725490197,0.905149051490515,167,13,22,2
