isolate,recall,specificity,precision,accuracy,f1_score,tp,fp,fn,tn
ecol-SAMN15148053,0.8145161290322581,0.1111111111111111,0.926605504587156,0.7669172932330827,0.8669527896995709,101,8,23,1
