isolate,recall,specificity,precision,accuracy,f1_score,tp,fp,fn,tn
ecol-SAMN15148083,0.08333333333333333,0.6206896551724138,0.043478260869565216,0.5285714285714286,0.057142857142857134,1,22,11,36
