isolate,recall,specificity,precision,accuracy,f1_score,tp,fp,fn,tn
ecol-SAMN15148143,0.7777777777777778,0.07407407407407407,0.875,0.7023809523809523,0.823529411764706,175,25,50,2
