isolate,recall,specificity,precision,accuracy,f1_score,tp,fp,fn,tn
ecol-SAMN15148461,0.847953216374269,0.3333333333333333,0.9863945578231292,0.8390804597701149,0.9119496855345911,145,2,26,1
