isolate,recall,specificity,precision,accuracy,f1_score,tp,fp,fn,tn
ecol-SAMN15148627,0.8975609756097561,0.07692307692307693,0.9387755102040817,0.8486238532110092,0.917705735660848,184,12,21,1
