isolate,recall,specificity,precision,accuracy,f1_score,tp,fp,fn,tn
ecol-SAMN15148433,0.3333333333333333,0.8768115942028986,0.05555555555555555,0.8652482269503546,0.09523809523809525,1,17,2,121
