isolate,recall,specificity,precision,accuracy,f1_score,tp,fp,fn,tn
ecol-SAMN15148379,0.23529411764705882,0.625,0.3076923076923077,0.4634146341463415,0.26666666666666666,4,9,13,15
