isolate,recall,specificity,precision,accuracy,f1_score,tp,fp,fn,tn
ecol-SAMN15148482,0.7763713080168776,0.18627450980392157,0.6891385767790262,0.5988200589970502,0.7301587301587302,184,83,53,19
