isolate,recall,specificity,precision,accuracy,f1_score,tp,fp,fn,tn
ecol-SAMN15148268,0.8757763975155279,0.42857142857142855,0.9724137931034482,0.8571428571428571,0.9215686274509803,141,4,20,3
