isolate,recall,specificity,precision,accuracy,f1_score,tp,fp,fn,tn
ecol-SAMN15148710,0.21621621621621623,0.8584070796460177,0.3333333333333333,0.7,0.26229508196721313,8,16,29,97
