isolate,recall,specificity,precision,accuracy,f1_score,tp,fp,fn,tn
ecol-SAMN15148136,0.2246376811594203,0.8659003831417624,0.4696969696969697,0.6441102756892231,0.30392156862745096,31,35,107,226
