isolate,recall,specificity,precision,accuracy,f1_score,tp,fp,fn,tn
ecol-SAMN15148145,0.8173076923076923,0.0,0.8673469387755102,0.7264957264957265,0.8415841584158416,85,13,19,0
