isolate,recall,specificity,precision,accuracy,f1_score,tp,fp,fn,tn
ecol-SAMN15148596,0.9207920792079208,0.12380952380952381,0.6690647482014388,0.6482084690553745,0.775,186,92,16,13
