isolate,recall,specificity,precision,accuracy,f1_score,tp,fp,fn,tn
ecol-SAMN15148177,0.6610169491525424,0.14285714285714285,0.8666666666666667,0.6060606060606061,0.7500000000000001,78,12,40,2
