isolate,recall,specificity,precision,accuracy,f1_score,tp,fp,fn,tn
ecol-SAMN15148049,0.6190476190476191,0.6,0.9629629629629629,0.6179775280898876,0.7536231884057971,52,2,32,3
