isolate,recall,specificity,precision,accuracy,f1_score,tp,fp,fn,tn
ecol-SAMN15148111,0.8938547486033519,0.10204081632653061,0.7843137254901961,0.7236842105263158,0.835509138381201,160,44,19,5
