isolate,recall,specificity,precision,accuracy,f1_score,tp,fp,fn,tn
ecol-SAMN15148515,0.8113207547169812,0.1875,0.7678571428571429,0.6666666666666666,0.7889908256880735,43,13,10,3
