isolate,recall,specificity,precision,accuracy,f1_score,tp,fp,fn,tn
ecol-SAMN15147983,0.1,0.7962962962962963,0.15384615384615385,0.6081081081081081,0.12121212121212123,4,22,36,86
