isolate,recall,specificity,precision,accuracy,f1_score,tp,fp,fn,tn
ecol-SAMN15148701,0.22727272727272727,0.8230088495575221,0.2,0.725925925925926,0.21276595744680854,5,20,17,93
