isolate,recall,specificity,precision,accuracy,f1_score,tp,fp,fn,tn
ecol-SAMN15148368,0.904,0.0,0.9741379310344828,0.8828125,0.9377593360995852,226,6,24,0
