isolate,recall,specificity,precision,accuracy,f1_score,tp,fp,fn,tn
ecol-SAMN15148217,0.4,0.6222222222222222,0.10526315789473684,0.6,0.16666666666666666,2,17,3,28
