isolate,recall,specificity,precision,accuracy,f1_score,tp,fp,fn,tn
ecol-SAMN15148648,0.34375,0.5774647887323944,0.15492957746478872,0.5344827586206896,0.21359223300970873,11,60,21,82
