isolate,recall,specificity,precision,accuracy,f1_score,tp,fp,fn,tn
ecol-SAMN15148139,0.5,0.6451612903225806,0.35294117647058826,0.6046511627906976,0.41379310344827586,12,22,12,40
