isolate,recall,specificity,precision,accuracy,f1_score,tp,fp,fn,tn
ecol-SAMN15148400,0.8883720930232558,0.03571428571428571,0.7795918367346939,0.7121771217712177,0.8304347826086957,191,54,24,2
