isolate,recall,specificity,precision,accuracy,f1_score,tp,fp,fn,tn
ecol-SAMN15148461,0.6440677966101694,0.5,0.9743589743589743,0.639344262295082,0.7755102040816326,38,1,21,1
