isolate,recall,specificity,precision,accuracy,f1_score,tp,fp,fn,tn
ecol-SAMN15148362,0.5,0.5833333333333334,0.047619047619047616,0.58,0.08695652173913042,1,20,1,28
