isolate,recall,specificity,precision,accuracy,f1_score,tp,fp,fn,tn
ecol-SAMN15148593,0.10256410256410256,0.8894230769230769,0.14814814814814814,0.7651821862348178,0.12121212121212123,4,23,35,185
