isolate,recall,specificity,precision,accuracy,f1_score,tp,fp,fn,tn
ecol-SAMN15148090,0.6176470588235294,0.1875,0.7636363636363637,0.5357142857142857,0.6829268292682927,42,13,26,3
