isolate,recall,specificity,precision,accuracy,f1_score,tp,fp,fn,tn
ecol-SAMN15148018,0.6862745098039216,0.16666666666666666,0.875,0.631578947368421,0.7692307692307692,35,5,16,1
