isolate,recall,specificity,precision,accuracy,f1_score,tp,fp,fn,tn
ecol-SAMN15148547,0.16666666666666666,0.8958333333333334,0.09090909090909091,0.8529411764705882,0.11764705882352942,1,10,5,86
