isolate,recall,specificity,precision,accuracy,f1_score,tp,fp,fn,tn
ecol-SAMN15148426,0.6448598130841121,0.36363636363636365,0.7666666666666667,0.5785714285714286,0.7005076142131978,69,21,38,12
