isolate,recall,specificity,precision,accuracy,f1_score,tp,fp,fn,tn
ecol-SAMN15148732,0.7205882352941176,0.2222222222222222,0.875,0.6623376623376623,0.7903225806451613,49,7,19,2
