isolate,recall,specificity,precision,accuracy,f1_score,tp,fp,fn,tn
ecol-SAMN15148148,0.5,0.7317073170731707,0.15384615384615385,0.7111111111111111,0.23529411764705882,2,11,2,30
