isolate,recall,specificity,precision,accuracy,f1_score,tp,fp,fn,tn
ecol-SAMN15148387,0.7835820895522388,0.15789473684210525,0.8677685950413223,0.7058823529411765,0.8235294117647058,210,32,58,6
