isolate,recall,specificity,precision,accuracy,f1_score,tp,fp,fn,tn
ecol-SAMN15148350,0.6705882352941176,0.21212121212121213,0.6867469879518072,0.5423728813559322,0.6785714285714286,57,26,28,7
