isolate,recall,specificity,precision,accuracy,f1_score,tp,fp,fn,tn
ecol-SAMN15148362,0.8682634730538922,0.14285714285714285,0.9602649006622517,0.8390804597701149,0.9119496855345912,145,6,22,1
