isolate,recall,specificity,precision,accuracy,f1_score,tp,fp,fn,tn
ecol-SAMN15148060,0.1111111111111111,0.6458333333333334,0.05555555555555555,0.5614035087719298,0.07407407407407407,1,17,8,31
