isolate,recall,specificity,precision,accuracy,f1_score,tp,fp,fn,tn
ecol-SAMN15148083,0.6271186440677966,0.09090909090909091,0.7872340425531915,0.5428571428571428,0.6981132075471698,37,10,22,1
