isolate,recall,specificity,precision,accuracy,f1_score,tp,fp,fn,tn
ecol-SAMN15148475,0.8827160493827161,0.025,0.6470588235294118,0.5991735537190083,0.7467362924281985,143,78,19,2
