isolate,recall,specificity,precision,accuracy,f1_score,tp,fp,fn,tn
ecol-SAMN15148093,0.8461538461538461,0.0,0.9166666666666666,0.7857142857142857,0.8799999999999999,44,4,8,0
