isolate,recall,specificity,precision,accuracy,f1_score,tp,fp,fn,tn
ecol-SAMN15148090,0.14634146341463414,0.8841698841698842,0.16666666666666666,0.7833333333333333,0.15584415584415584,6,30,35,229
