isolate,recall,specificity,precision,accuracy,f1_score,tp,fp,fn,tn
ecol-SAMN15147972,0.7391304347826086,0.32142857142857145,0.8623188405797102,0.6772486772486772,0.7959866220735786,119,19,42,9
