isolate,recall,specificity,precision,accuracy,f1_score,tp,fp,fn,tn
ecol-SAMN15148576,0.15,0.5932203389830508,0.1111111111111111,0.4810126582278481,0.12765957446808512,3,24,17,35
