isolate,recall,specificity,precision,accuracy,f1_score,tp,fp,fn,tn
ecol-SAMN15148111,0.07692307692307693,0.7017543859649122,0.10526315789473684,0.5060240963855421,0.08888888888888889,2,17,24,40
