isolate,recall,specificity,precision,accuracy,f1_score,tp,fp,fn,tn
ecol-SAMN15148298,0.4583333333333333,0.6354166666666666,0.2391304347826087,0.6,0.3142857142857143,11,35,13,61
