isolate,recall,specificity,precision,accuracy,f1_score,tp,fp,fn,tn
ecol-SAMN15148379,0.625,0.23529411764705882,0.5357142857142857,0.4634146341463415,0.576923076923077,15,13,9,4
