isolate,recall,specificity,precision,accuracy,f1_score,tp,fp,fn,tn
ecol-SAMN15148127,0.09803921568627451,0.9049429657794676,0.2857142857142857,0.6794520547945205,0.145985401459854,10,25,92,238
