isolate,recall,specificity,precision,accuracy,f1_score,tp,fp,fn,tn
ecol-SAMN15148229,0.21739130434782608,0.6956521739130435,0.2631578947368421,0.5362318840579711,0.23809523809523808,5,14,18,32
