isolate,recall,specificity,precision,accuracy,f1_score,tp,fp,fn,tn
ecol-SAMN15148570,0.3333333333333333,0.6285714285714286,0.037037037037037035,0.6164383561643836,0.06666666666666667,1,26,2,44
