isolate,recall,specificity,precision,accuracy,f1_score,tp,fp,fn,tn
ecol-SAMN15148400,0.09090909090909091,0.7441860465116279,0.043478260869565216,0.6701030927835051,0.0588235294117647,1,22,10,64
