isolate,recall,specificity,precision,accuracy,f1_score,tp,fp,fn,tn
ecol-SAMN15148593,0.26666666666666666,0.7014925373134329,0.16666666666666666,0.6219512195121951,0.2051282051282051,4,20,11,47
