isolate,recall,specificity,precision,accuracy,f1_score,tp,fp,fn,tn
ecol-SAMN15148548,0.9166666666666666,0.3333333333333333,0.9565217391304348,0.8823529411764706,0.9361702127659574,132,6,12,3
