isolate,recall,specificity,precision,accuracy,f1_score,tp,fp,fn,tn
ecol-SAMN15148217,0.2222222222222222,0.8538461538461538,0.09523809523809523,0.8129496402877698,0.13333333333333333,2,19,7,111
