isolate,recall,specificity,precision,accuracy,f1_score,tp,fp,fn,tn
ecol-SAMN15148648,0.5753424657534246,0.32142857142857145,0.8155339805825242,0.5344827586206896,0.6746987951807228,84,19,62,9
