isolate,recall,specificity,precision,accuracy,f1_score,tp,fp,fn,tn
ecol-SAMN15148024,0.9366754617414248,0.0,0.9833795013850416,0.922077922077922,0.9594594594594594,355,6,24,0
