isolate,recall,specificity,precision,accuracy,f1_score,tp,fp,fn,tn
ecol-SAMN15148070,0.865979381443299,0.0,0.9824561403508771,0.8527918781725888,0.9205479452054794,168,3,26,0
