isolate,recall,specificity,precision,accuracy,f1_score,tp,fp,fn,tn
ecol-SAMN15148025,0.027777777777777776,0.8494623655913979,0.06666666666666667,0.6201550387596899,0.0392156862745098,1,14,35,79
