isolate,recall,specificity,precision,accuracy,f1_score,tp,fp,fn,tn
ecol-SAMN15148423,0.35555555555555557,0.6850393700787402,0.2857142857142857,0.5988372093023255,0.31683168316831684,16,40,29,87
