isolate,recall,specificity,precision,accuracy,f1_score,tp,fp,fn,tn
ecol-SAMN15148349,0.6666666666666666,0.6341463414634146,0.11764705882352941,0.6363636363636364,0.2,2,15,1,26
