isolate,recall,specificity,precision,accuracy,f1_score,tp,fp,fn,tn
ecol-SAMN15148048,0.7983193277310925,,1.0,0.7983193277310925,0.8878504672897196,95,0,24,0
