isolate,recall,specificity,precision,accuracy,f1_score,tp,fp,fn,tn
ecol-SAMN15147970,0.6153846153846154,0.4523809523809524,0.7766990291262136,0.5755813953488372,0.6866952789699571,80,23,50,19
