isolate,recall,specificity,precision,accuracy,f1_score,tp,fp,fn,tn
ecol-SAMN15147977,0.35294117647058826,0.779874213836478,0.14634146341463414,0.7386363636363636,0.20689655172413793,6,35,11,124
