isolate,recall,specificity,precision,accuracy,f1_score,tp,fp,fn,tn
ecol-SAMN15148433,0.8768115942028986,0.3333333333333333,0.983739837398374,0.8652482269503546,0.9272030651340997,121,2,17,1
