isolate,recall,specificity,precision,accuracy,f1_score,tp,fp,fn,tn
ecol-SAMN15148349,0.6410256410256411,0.6,0.9259259259259259,0.6363636363636364,0.7575757575757577,25,2,14,3
