isolate,recall,specificity,precision,accuracy,f1_score,tp,fp,fn,tn
ecol-SAMN15148177,0.1,0.8792270531400966,0.07407407407407407,0.8105726872246696,0.0851063829787234,4,50,36,364
