isolate,recall,specificity,precision,accuracy,f1_score,tp,fp,fn,tn
ecol-SAMN15148596,0.8064516129032258,0.25,0.704225352112676,0.6333333333333333,0.7518796992481203,50,21,12,7
