isolate,recall,specificity,precision,accuracy,f1_score,tp,fp,fn,tn
ecol-SAMN15148433,0.3333333333333333,0.7021276595744681,0.06666666666666667,0.68,0.1111111111111111,1,14,2,33
