isolate,recall,specificity,precision,accuracy,f1_score,tp,fp,fn,tn
ecol-SAMN15148701,0.8264462809917356,0.2857142857142857,0.9090909090909091,0.7703703703703704,0.8658008658008658,100,10,21,4
