isolate,recall,specificity,precision,accuracy,f1_score,tp,fp,fn,tn
ecol-SAMN15148091,0.13157894736842105,0.8423645320197044,0.13513513513513514,0.7302904564315352,0.13333333333333333,5,32,33,171
