isolate,recall,specificity,precision,accuracy,f1_score,tp,fp,fn,tn
ecol-SAMN15148112,0.5,0.2,0.6666666666666666,0.42857142857142855,0.5714285714285715,16,8,16,2
