isolate,recall,specificity,precision,accuracy,f1_score,tp,fp,fn,tn
ecol-SAMN15148400,0.03571428571428571,0.8883720930232558,0.07692307692307693,0.7121771217712177,0.04878048780487805,2,24,54,191
