isolate,recall,specificity,precision,accuracy,f1_score,tp,fp,fn,tn
ecol-SAMN15148570,0.6285714285714286,0.3333333333333333,0.9565217391304348,0.6164383561643836,0.7586206896551724,44,2,26,1
