isolate,recall,specificity,precision,accuracy,f1_score,tp,fp,fn,tn
ecol-SAMN15148143,0.16666666666666666,0.632,0.041666666666666664,0.5912408759124088,0.06666666666666667,2,46,10,79
