isolate,recall,specificity,precision,accuracy,f1_score,tp,fp,fn,tn
ecol-SAMN15148229,0.14285714285714285,0.8095238095238095,0.23809523809523808,0.6134453781512605,0.17857142857142855,5,16,30,68
