isolate,recall,specificity,precision,accuracy,f1_score,tp,fp,fn,tn
ecol-SAMN15148627,0.07142857142857142,0.8970588235294118,0.045454545454545456,0.8440366972477065,0.05555555555555555,1,21,13,183
