isolate,recall,specificity,precision,accuracy,f1_score,tp,fp,fn,tn
ecol-SAMN15147990,0.8020833333333334,0.0,0.9871794871794872,0.7938144329896907,0.8850574712643677,77,1,19,0
