isolate,recall,specificity,precision,accuracy,f1_score,tp,fp,fn,tn
ecol-SAMN15148515,0.9034090909090909,0.08620689655172414,0.75,0.7008547008547008,0.8195876288659795,159,53,17,5
