isolate,recall,specificity,precision,accuracy,f1_score,tp,fp,fn,tn
ecol-SAMN15148314,0.4,0.8421052631578947,0.1,0.8235294117647058,0.16000000000000003,2,18,3,96
