isolate,recall,specificity,precision,accuracy,f1_score,tp,fp,fn,tn
ecol-SAMN15148268,0.3,0.8734177215189873,0.13043478260869565,0.8392857142857143,0.18181818181818182,3,20,7,138
