isolate,recall,specificity,precision,accuracy,f1_score,tp,fp,fn,tn
ecol-SAMN15148591,0.058823529411764705,0.7904761904761904,0.043478260869565216,0.6885245901639344,0.049999999999999996,1,22,16,83
