isolate,recall,specificity,precision,accuracy,f1_score,tp,fp,fn,tn
ecol-SAMN15148475,0.039603960396039604,0.8794326241134752,0.19047619047619047,0.5289256198347108,0.06557377049180328,4,17,97,124
