isolate,recall,specificity,precision,accuracy,f1_score,tp,fp,fn,tn
ecol-SAMN15148701,0.3076923076923077,0.7543859649122807,0.2222222222222222,0.6714285714285714,0.2580645161290323,4,14,9,43
