isolate,recall,specificity,precision,accuracy,f1_score,tp,fp,fn,tn
ecol-SAMN15148118,0.09900990099009901,0.9045801526717557,0.2857142857142857,0.6804407713498623,0.14705882352941177,10,25,91,237
