isolate,recall,specificity,precision,accuracy,f1_score,tp,fp,fn,tn
ecol-SAMN15147970,0.42,0.6065573770491803,0.30434782608695654,0.5523255813953488,0.3529411764705883,21,48,29,74
