isolate,recall,specificity,precision,accuracy,f1_score,tp,fp,fn,tn
ecol-SAMN15148138,0.4444444444444444,0.6111111111111112,0.27586206896551724,0.5694444444444444,0.3404255319148936,8,21,10,33
