isolate,recall,specificity,precision,accuracy,f1_score,tp,fp,fn,tn
ecol-SAMN15148215,0.42857142857142855,0.6551724137931034,0.23076923076923078,0.6111111111111112,0.3,6,20,8,38
