isolate,recall,specificity,precision,accuracy,f1_score,tp,fp,fn,tn
ecol-SAMN15148273,0.5268817204301075,0.3333333333333333,0.9607843137254902,0.5208333333333334,0.6805555555555556,49,2,44,1
