isolate,recall,specificity,precision,accuracy,f1_score,tp,fp,fn,tn
ecol-SAMN15148016,0.8473282442748091,0.0,0.7449664429530202,0.6568047337278107,0.7928571428571429,111,38,20,0
