isolate,recall,specificity,precision,accuracy,f1_score,tp,fp,fn,tn
ecol-SAMN15148563,0.023255813953488372,0.8956043956043956,0.05,0.7288888888888889,0.031746031746031744,1,19,42,163
