isolate,recall,specificity,precision,accuracy,f1_score,tp,fp,fn,tn
ecol-SAMN15148379,0.057692307692307696,0.9097744360902256,0.3333333333333333,0.5358649789029536,0.09836065573770493,6,12,98,121
