isolate,recall,specificity,precision,accuracy,f1_score,tp,fp,fn,tn
ecol-SAMN15148148,0.7317073170731707,0.5,0.9375,0.7111111111111111,0.821917808219178,30,2,11,2
