isolate,recall,specificity,precision,accuracy,f1_score,tp,fp,fn,tn
ecol-SAMN15148228,0.6615384615384615,0.0,0.9148936170212766,0.6231884057971014,0.7678571428571428,43,4,22,0
