isolate,recall,specificity,precision,accuracy,f1_score,tp,fp,fn,tn
ecol-SAMN15148025,0.8541666666666666,0.030303030303030304,0.7192982456140351,0.6434108527131783,0.7809523809523811,82,32,14,1
