isolate,recall,specificity,precision,accuracy,f1_score,tp,fp,fn,tn
ecol-SAMN15148136,0.41818181818181815,0.6458333333333334,0.40350877192982454,0.5629139072847682,0.4107142857142857,23,34,32,62
