isolate,recall,specificity,precision,accuracy,f1_score,tp,fp,fn,tn
ecol-SAMN15148267,0.4838709677419355,0.5,0.8333333333333334,0.4864864864864865,0.6122448979591837,45,9,48,9
