isolate,recall,specificity,precision,accuracy,f1_score,tp,fp,fn,tn
ecol-SAMN15147972,0.5729166666666666,0.5,0.859375,0.5614035087719298,0.6875,55,9,41,9
