isolate,recall,specificity,precision,accuracy,f1_score,tp,fp,fn,tn
ecol-SAMN15148263,0.8224543080939948,0.4,0.9459459459459459,0.7917675544794189,0.8798882681564245,315,18,68,12
