isolate,recall,specificity,precision,accuracy,f1_score,tp,fp,fn,tn
ecol-SAMN15148148,0.819672131147541,0.25,0.8928571428571429,0.7536231884057971,0.8547008547008548,50,6,11,2
