isolate,recall,specificity,precision,accuracy,f1_score,tp,fp,fn,tn
ecol-SAMN15148475,0.125,0.7903225806451613,0.13333333333333333,0.6538461538461539,0.12903225806451615,2,13,14,49
