isolate,recall,specificity,precision,accuracy,f1_score,tp,fp,fn,tn
ecol-SAMN15148025,0.6060606060606061,0.0,0.6896551724137931,0.47619047619047616,0.6451612903225807,20,9,13,0
