isolate,recall,specificity,precision,accuracy,f1_score,tp,fp,fn,tn
ecol-SAMN15148127,0.7125,0.16129032258064516,0.6867469879518072,0.5585585585585585,0.6993865030674846,57,26,23,5
