isolate,recall,specificity,precision,accuracy,f1_score,tp,fp,fn,tn
ecol-SAMN15148391,0.8123620309050773,0.26666666666666666,0.8932038834951457,0.7485380116959064,0.8508670520231214,368,44,85,16
