isolate,recall,specificity,precision,accuracy,f1_score,tp,fp,fn,tn
ecol-SAMN15148397,0.6049382716049383,0.8333333333333334,0.98,0.6206896551724138,0.7480916030534351,49,1,32,5
