isolate,recall,specificity,precision,accuracy,f1_score,tp,fp,fn,tn
ecol-SAMN15148267,0.27906976744186046,0.6033057851239669,0.2,0.5182926829268293,0.23300970873786406,12,48,31,73
