isolate,recall,specificity,precision,accuracy,f1_score,tp,fp,fn,tn
ecol-SAMN15148048,0.5849056603773585,,1.0,0.5849056603773585,0.738095238095238,31,0,22,0
