isolate,recall,specificity,precision,accuracy,f1_score,tp,fp,fn,tn
ecol-SAMN15148720,0.7407407407407407,0.0,0.9523809523809523,0.7142857142857143,0.8333333333333334,40,2,14,0
