isolate,recall,specificity,precision,accuracy,f1_score,tp,fp,fn,tn
ecol-SAMN15148037,0.08333333333333333,0.9055555555555556,0.05555555555555555,0.8541666666666666,0.06666666666666667,1,17,11,163
