isolate,recall,specificity,precision,accuracy,f1_score,tp,fp,fn,tn
ecol-SAMN15148739,0.5945945945945946,0.0,0.9777777777777777,0.5866666666666667,0.7394957983193278,44,1,30,0
