isolate,recall,specificity,precision,accuracy,f1_score,tp,fp,fn,tn
ecol-SAMN15148099,0.780952380952381,0.14285714285714285,0.9318181818181818,0.7410714285714286,0.849740932642487,82,6,23,1
