isolate,recall,specificity,precision,accuracy,f1_score,tp,fp,fn,tn
ecol-SAMN15148366,0.6944444444444444,0.2857142857142857,0.8333333333333334,0.627906976744186,0.7575757575757577,25,5,11,2
