isolate,recall,specificity,precision,accuracy,f1_score,tp,fp,fn,tn
ecol-SAMN15148331,0.8275862068965517,0.16666666666666666,0.8275862068965517,0.7142857142857143,0.8275862068965517,24,5,5,1
