isolate,recall,specificity,precision,accuracy,f1_score,tp,fp,fn,tn
ecol-SAMN15148136,0.6476190476190476,0.43478260869565216,0.723404255319149,0.5827814569536424,0.6834170854271358,68,26,37,20
