isolate,recall,specificity,precision,accuracy,f1_score,tp,fp,fn,tn
ecol-SAMN15148009,0.9222797927461139,,1.0,0.9222797927461139,0.9595687331536388,178,0,15,0
