isolate,recall,specificity,precision,accuracy,f1_score,tp,fp,fn,tn
ecol-SAMN15148298,0.25,0.8260869565217391,0.25925925925925924,0.7132867132867133,0.2545454545454545,14,40,42,190
