isolate,recall,specificity,precision,accuracy,f1_score,tp,fp,fn,tn
ecol-SAMN15148089,0.6818181818181818,0.21052631578947367,0.75,0.5764705882352941,0.7142857142857143,45,15,21,4
