isolate,recall,specificity,precision,accuracy,f1_score,tp,fp,fn,tn
ecol-SAMN15148482,0.6048387096774194,0.4318181818181818,0.75,0.5595238095238095,0.6696428571428571,75,25,49,19
