isolate,recall,specificity,precision,accuracy,f1_score,tp,fp,fn,tn
ecol-SAMN15147990,0.6046511627906976,0.0,0.9629629629629629,0.5909090909090909,0.7428571428571429,26,1,17,0
