isolate,recall,specificity,precision,accuracy,f1_score,tp,fp,fn,tn
ecol-SAMN15148218,0.8516129032258064,0.10526315789473684,0.8859060402684564,0.7701149425287356,0.8684210526315789,132,17,23,2
