isolate,recall,specificity,precision,accuracy,f1_score,tp,fp,fn,tn
ecol-SAMN15148218,0.3333333333333333,0.6842105263157895,0.14285714285714285,0.6363636363636364,0.2,3,18,6,39
