isolate,recall,specificity,precision,accuracy,f1_score,tp,fp,fn,tn
ecol-SAMN15148388,0.846441947565543,0.14457831325301204,0.7609427609427609,0.68,0.801418439716312,226,71,41,12
