isolate,recall,specificity,precision,accuracy,f1_score,tp,fp,fn,tn
ecol-SAMN15148298,0.8196078431372549,0.25806451612903225,0.9008620689655172,0.7587412587412588,0.8583162217659138,209,23,46,8
