isolate,recall,specificity,precision,accuracy,f1_score,tp,fp,fn,tn
ecol-SAMN15148391,0.19767441860465115,0.8032786885245902,0.16831683168316833,0.7017543859649122,0.18181818181818182,17,84,69,343
