isolate,recall,specificity,precision,accuracy,f1_score,tp,fp,fn,tn
ecol-SAMN15148268,0.7142857142857143,0.4,0.9302325581395349,0.6885245901639344,0.8080808080808081,40,3,16,2
