isolate,recall,specificity,precision,accuracy,f1_score,tp,fp,fn,tn
ecol-SAMN15148089,0.19047619047619047,0.9038461538461539,0.24242424242424243,0.804635761589404,0.21333333333333335,8,25,34,235
