isolate,recall,specificity,precision,accuracy,f1_score,tp,fp,fn,tn
ecol-SAMN15148148,0.25,0.819672131147541,0.15384615384615385,0.7536231884057971,0.1904761904761905,2,11,6,50
