isolate,recall,specificity,precision,accuracy,f1_score,tp,fp,fn,tn
ecol-SAMN15148112,0.7605633802816901,0.10344827586206896,0.675,0.57,0.7152317880794701,54,26,17,3
