isolate,recall,specificity,precision,accuracy,f1_score,tp,fp,fn,tn
ecol-SAMN15148268,0.3333333333333333,0.7090909090909091,0.1111111111111111,0.6721311475409836,0.16666666666666666,2,16,4,39
