isolate,recall,specificity,precision,accuracy,f1_score,tp,fp,fn,tn
ecol-SAMN15148648,0.18461538461538463,0.7180616740088106,0.15789473684210525,0.5993150684931506,0.1702127659574468,12,64,53,163
