isolate,recall,specificity,precision,accuracy,f1_score,tp,fp,fn,tn
ecol-SAMN15148102,0.16666666666666666,0.7647058823529411,0.07692307692307693,0.7017543859649122,0.10526315789473684,1,12,5,39
