isolate,recall,specificity,precision,accuracy,f1_score,tp,fp,fn,tn
ecol-SAMN15148732,0.125,0.8833333333333333,0.125,0.7941176470588235,0.125,3,21,21,159
