isolate,recall,specificity,precision,accuracy,f1_score,tp,fp,fn,tn
ecol-SAMN15148397,0.8333333333333334,0.6049382716049383,0.13513513513513514,0.6206896551724138,0.23255813953488372,5,32,1,49
