isolate,recall,specificity,precision,accuracy,f1_score,tp,fp,fn,tn
ecol-SAMN15148118,0.7215189873417721,0.1935483870967742,0.6951219512195121,0.5727272727272728,0.7080745341614906,57,25,22,6
