isolate,recall,specificity,precision,accuracy,f1_score,tp,fp,fn,tn
ecol-SAMN15148089,0.9037037037037037,0.21875,0.9070631970260223,0.8311258278145696,0.9053803339517625,244,25,26,7
