isolate,recall,specificity,precision,accuracy,f1_score,tp,fp,fn,tn
ecol-SAMN15148648,0.7413127413127413,0.2727272727272727,0.8888888888888888,0.6883561643835616,0.808421052631579,192,24,67,9
