isolate,recall,specificity,precision,accuracy,f1_score,tp,fp,fn,tn
ecol-SAMN15148060,0.6521739130434783,0.18181818181818182,0.7692307692307693,0.5614035087719298,0.7058823529411764,30,9,16,2
