isolate,recall,specificity,precision,accuracy,f1_score,tp,fp,fn,tn
ecol-SAMN15148423,0.6190476190476191,0.5617977528089888,0.25,0.5727272727272728,0.3561643835616438,13,39,8,50
