isolate,recall,specificity,precision,accuracy,f1_score,tp,fp,fn,tn
ecol-SAMN15148060,0.041666666666666664,0.9138576779026217,0.041666666666666664,0.8419243986254296,0.041666666666666664,1,23,23,244
