isolate,recall,specificity,precision,accuracy,f1_score,tp,fp,fn,tn
ecol-SAMN15148005,0.6111111111111112,0.5714285714285714,0.9166666666666666,0.6065573770491803,0.7333333333333334,33,3,21,4
