isolate,recall,specificity,precision,accuracy,f1_score,tp,fp,fn,tn
ecol-SAMN15148732,0.2,0.7164179104477612,0.09523809523809523,0.6493506493506493,0.12903225806451613,2,19,8,48
