isolate,recall,specificity,precision,accuracy,f1_score,tp,fp,fn,tn
ecol-SAMN15148591,0.8076923076923077,0.16666666666666666,0.8484848484848485,0.7131147540983607,0.8275862068965517,84,15,20,3
