isolate,recall,specificity,precision,accuracy,f1_score,tp,fp,fn,tn
ecol-SAMN15147972,0.23076923076923078,0.72,0.17647058823529413,0.6190476190476191,0.20000000000000004,9,42,30,108
