isolate,recall,specificity,precision,accuracy,f1_score,tp,fp,fn,tn
ecol-SAMN15148328,0.7870370370370371,0.10344827586206896,0.7657657657657657,0.6423357664233577,0.7762557077625571,85,26,23,3
