isolate,recall,specificity,precision,accuracy,f1_score,tp,fp,fn,tn
ecol-SAMN15148111,0.711864406779661,0.08333333333333333,0.65625,0.5301204819277109,0.6829268292682927,42,22,17,2
