isolate,recall,specificity,precision,accuracy,f1_score,tp,fp,fn,tn
ecol-SAMN15148049,0.5,0.6144578313253012,0.08571428571428572,0.6067415730337079,0.14634146341463414,3,32,3,51
