isolate,recall,specificity,precision,accuracy,f1_score,tp,fp,fn,tn
ecol-SAMN15148387,0.11538461538461539,0.7716535433070866,0.09375,0.6601307189542484,0.10344827586206896,6,58,46,196
