isolate,recall,specificity,precision,accuracy,f1_score,tp,fp,fn,tn
ecol-SAMN15148149,0.7472527472527473,0.0,0.9855072463768116,0.7391304347826086,0.8500000000000001,68,1,23,0
