isolate,recall,specificity,precision,accuracy,f1_score,tp,fp,fn,tn
ecol-SAMN15148605,0.05555555555555555,0.8976982097186701,0.1111111111111111,0.7401247401247402,0.07407407407407407,5,40,85,351
