isolate,recall,specificity,precision,accuracy,f1_score,tp,fp,fn,tn
ecol-SAMN15147977,0.5555555555555556,0.6354166666666666,0.125,0.6285714285714286,0.20408163265306123,5,35,4,61
