isolate,recall,specificity,precision,accuracy,f1_score,tp,fp,fn,tn
ecol-SAMN15148605,0.8997613365155132,0.04838709677419355,0.8646788990825688,0.7900207900207901,0.8818713450292398,377,59,42,3
