isolate,recall,specificity,precision,accuracy,f1_score,tp,fp,fn,tn
ecol-SAMN15148388,0.21875,0.581081081081081,0.18421052631578946,0.4716981132075472,0.19999999999999998,7,31,25,43
