isolate,recall,specificity,precision,accuracy,f1_score,tp,fp,fn,tn
ecol-SAMN15148111,0.06329113924050633,0.87248322147651,0.20833333333333334,0.5921052631578947,0.0970873786407767,5,19,74,130
