isolate,recall,specificity,precision,accuracy,f1_score,tp,fp,fn,tn
ecol-SAMN15148139,0.65625,0.5454545454545454,0.8076923076923077,0.627906976744186,0.7241379310344829,42,10,22,12
