isolate,recall,specificity,precision,accuracy,f1_score,tp,fp,fn,tn
ecol-SAMN15147983,0.1111111111111111,0.5961538461538461,0.08695652173913043,0.4714285714285714,0.0975609756097561,2,21,16,31
