isolate,recall,specificity,precision,accuracy,f1_score,tp,fp,fn,tn
ecol-SAMN15147970,0.24193548387096775,0.8051470588235294,0.3614457831325301,0.6287878787878788,0.28985507246376807,30,53,94,219
