isolate,recall,specificity,precision,accuracy,f1_score,tp,fp,fn,tn
ecol-SAMN15148267,0.47619047619047616,0.4777777777777778,0.17543859649122806,0.4774774774774775,0.2564102564102564,10,47,11,43
