isolate,recall,specificity,precision,accuracy,f1_score,tp,fp,fn,tn
ecol-SAMN15148273,0.7215909090909091,0.3333333333333333,0.9844961240310077,0.7150837988826816,0.8327868852459016,127,2,49,1
