isolate,recall,specificity,precision,accuracy,f1_score,tp,fp,fn,tn
ecol-SAMN15148177,0.17647058823529413,0.6608695652173913,0.07142857142857142,0.5984848484848485,0.10169491525423728,3,39,14,76
