isolate,recall,specificity,precision,accuracy,f1_score,tp,fp,fn,tn
ecol-SAMN15148359,0.5882352941176471,0.0,0.9090909090909091,0.5555555555555556,0.7142857142857143,20,2,14,0
