isolate,recall,specificity,precision,accuracy,f1_score,tp,fp,fn,tn
ecol-SAMN15148121,0.8275862068965517,0.0,0.9230769230769231,0.7741935483870968,0.8727272727272727,120,10,25,0
