isolate,recall,specificity,precision,accuracy,f1_score,tp,fp,fn,tn
ecol-SAMN15148273,0.3333333333333333,0.7215909090909091,0.02,0.7150837988826816,0.03773584905660377,1,49,2,127
