isolate,recall,specificity,precision,accuracy,f1_score,tp,fp,fn,tn
ecol-SAMN15148005,0.5,0.6037735849056604,0.16,0.5901639344262295,0.24242424242424243,4,21,4,32
