isolate,recall,specificity,precision,accuracy,f1_score,tp,fp,fn,tn
ecol-SAMN15148049,0.42857142857142855,0.7482014388489209,0.07894736842105263,0.7328767123287672,0.13333333333333333,3,35,4,104
