isolate,recall,specificity,precision,accuracy,f1_score,tp,fp,fn,tn
ecol-SAMN15148018,0.029411764705882353,0.860655737704918,0.05555555555555555,0.6794871794871795,0.03846153846153846,1,17,33,105
