isolate,recall,specificity,precision,accuracy,f1_score,tp,fp,fn,tn
ecol-SAMN15148228,0.9077490774907749,0.0,0.9761904761904762,0.8880866425992779,0.9407265774378586,246,6,25,0
