isolate,recall,specificity,precision,accuracy,f1_score,tp,fp,fn,tn
ecol-SAMN15148215,0.8,0.3888888888888889,0.8842105263157894,0.7398373983739838,0.8400000000000001,84,11,21,7
