isolate,recall,specificity,precision,accuracy,f1_score,tp,fp,fn,tn
ecol-SAMN15148267,0.6343283582089553,0.36666666666666664,0.8173076923076923,0.5853658536585366,0.7142857142857144,85,19,49,11
