isolate,recall,specificity,precision,accuracy,f1_score,tp,fp,fn,tn
ecol-SAMN15148563,0.6363636363636364,0.0,0.7567567567567568,0.5283018867924528,0.691358024691358,28,9,16,0
