isolate,recall,specificity,precision,accuracy,f1_score,tp,fp,fn,tn
ecol-SAMN15148093,0.6923076923076923,0.0,0.8571428571428571,0.6206896551724138,0.7659574468085107,18,3,8,0
