isolate,recall,specificity,precision,accuracy,f1_score,tp,fp,fn,tn
ecol-SAMN15148102,0.7647058823529411,0.16666666666666666,0.8863636363636364,0.7017543859649122,0.8210526315789474,39,5,12,1
