isolate,recall,specificity,precision,accuracy,f1_score,tp,fp,fn,tn
ecol-SAMN15148433,0.7021276595744681,0.3333333333333333,0.9428571428571428,0.68,0.8048780487804879,33,2,14,1
