isolate,recall,specificity,precision,accuracy,f1_score,tp,fp,fn,tn
ecol-SAMN15148548,0.8181818181818182,0.42857142857142855,0.9183673469387755,0.7741935483870968,0.8653846153846154,45,4,10,3
