isolate,recall,specificity,precision,accuracy,f1_score,tp,fp,fn,tn
ecol-SAMN15148360,0.6041666666666666,0.75,0.9666666666666667,0.6153846153846154,0.7435897435897435,29,1,19,3
