isolate,recall,specificity,precision,accuracy,f1_score,tp,fp,fn,tn
ecol-SAMN15148366,0.875,0.16666666666666666,0.9224806201550387,0.8175675675675675,0.8981132075471698,119,10,17,2
