isolate,recall,specificity,precision,accuracy,f1_score,tp,fp,fn,tn
ecol-SAMN15148298,0.62,0.4,0.8378378378378378,0.5833333333333334,0.7126436781609196,62,12,38,8
