isolate,recall,specificity,precision,accuracy,f1_score,tp,fp,fn,tn
ecol-SAMN15148547,0.3333333333333333,0.8095238095238095,0.1111111111111111,0.7777777777777778,0.16666666666666666,1,8,2,34
