isolate,recall,specificity,precision,accuracy,f1_score,tp,fp,fn,tn
ecol-SAMN15148482,0.36538461538461536,0.5775862068965517,0.27941176470588236,0.5119047619047619,0.3166666666666667,19,49,33,67
