isolate,recall,specificity,precision,accuracy,f1_score,tp,fp,fn,tn
ecol-SAMN15148720,0.8712121212121212,0.0,0.9829059829059829,0.8582089552238806,0.9236947791164658,115,2,17,0
