isolate,recall,specificity,precision,accuracy,f1_score,tp,fp,fn,tn
ecol-SAMN15148091,0.23529411764705882,0.6351351351351351,0.12903225806451613,0.5604395604395604,0.16666666666666666,4,27,13,47
