isolate,recall,specificity,precision,accuracy,f1_score,tp,fp,fn,tn
ecol-SAMN15148388,0.5866666666666667,0.22580645161290322,0.6470588235294118,0.4811320754716981,0.6153846153846153,44,24,31,7
