isolate,recall,specificity,precision,accuracy,f1_score,tp,fp,fn,tn
ecol-SAMN15148423,0.5652173913043478,0.6666666666666666,0.896551724137931,0.5818181818181818,0.6933333333333332,52,6,40,12
