isolate,recall,specificity,precision,accuracy,f1_score,tp,fp,fn,tn
ecol-SAMN15147983,0.8205128205128205,0.16129032258064516,0.7868852459016393,0.6824324324324325,0.803347280334728,96,26,21,5
