isolate,recall,specificity,precision,accuracy,f1_score,tp,fp,fn,tn
ecol-SAMN15148102,0.14285714285714285,0.8194444444444444,0.13333333333333333,0.7093023255813954,0.1379310344827586,2,13,12,59
