isolate,recall,specificity,precision,accuracy,f1_score,tp,fp,fn,tn
ecol-SAMN15148143,0.6349206349206349,0.18181818181818182,0.898876404494382,0.5985401459854015,0.7441860465116279,80,9,46,2
