isolate,recall,specificity,precision,accuracy,f1_score,tp,fp,fn,tn
ecol-SAMN15148426,0.7225806451612903,0.1095890410958904,0.4628099173553719,0.42524916943521596,0.5642317380352645,112,130,43,16
