isolate,recall,specificity,precision,accuracy,f1_score,tp,fp,fn,tn
ecol-SAMN15148127,0.15384615384615385,0.6944444444444444,0.21428571428571427,0.5045045045045045,0.1791044776119403,6,22,33,50
