isolate,recall,specificity,precision,accuracy,f1_score,tp,fp,fn,tn
ecol-SAMN15148263,0.5,0.6066666666666667,0.14492753623188406,0.5941176470588235,0.22471910112359553,10,59,10,91
