isolate,recall,specificity,precision,accuracy,f1_score,tp,fp,fn,tn
ecol-SAMN15148350,0.102803738317757,0.8539823008849557,0.25,0.6126126126126126,0.1456953642384106,11,33,96,193
