isolate,recall,specificity,precision,accuracy,f1_score,tp,fp,fn,tn
ecol-SAMN15148054,0.9013157894736842,0.2222222222222222,0.9513888888888888,0.8633540372670807,0.9256756756756757,137,7,15,2
