isolate,recall,specificity,precision,accuracy,f1_score,tp,fp,fn,tn
ecol-SAMN15148215,0.6610169491525424,0.46153846153846156,0.8478260869565217,0.625,0.7428571428571429,39,7,20,6
