isolate,recall,specificity,precision,accuracy,f1_score,tp,fp,fn,tn
ecol-SAMN15148273,0.3333333333333333,0.5268817204301075,0.022222222222222223,0.5208333333333334,0.04166666666666667,1,44,2,49
