isolate,recall,specificity,precision,accuracy,f1_score,tp,fp,fn,tn
ecol-SAMN15148576,0.8181818181818182,0.046875,0.6887755102040817,0.6026200873362445,0.7479224376731302,135,61,30,3
