isolate,recall,specificity,precision,accuracy,f1_score,tp,fp,fn,tn
ecol-SAMN15148359,0.8415841584158416,0.0,0.9770114942528736,0.8252427184466019,0.9042553191489361,85,2,16,0
