isolate,recall,specificity,precision,accuracy,f1_score,tp,fp,fn,tn
ecol-SAMN15148118,0.15384615384615385,0.6901408450704225,0.21428571428571427,0.5,0.1791044776119403,6,22,33,49
