isolate,recall,specificity,precision,accuracy,f1_score,tp,fp,fn,tn
ecol-SAMN15147997,0.6428571428571429,0.0,0.9310344827586207,0.6136363636363636,0.7605633802816901,27,2,15,0
