isolate,recall,specificity,precision,accuracy,f1_score,tp,fp,fn,tn
ecol-SAMN15148605,0.13333333333333333,0.6634615384615384,0.05405405405405406,0.5966386554621849,0.07692307692307693,2,35,13,69
