isolate,recall,specificity,precision,accuracy,f1_score,tp,fp,fn,tn
ecol-SAMN15148229,0.7142857142857143,0.25,0.7,0.5797101449275363,0.7070707070707072,35,15,14,5
