isolate,recall,specificity,precision,accuracy,f1_score,tp,fp,fn,tn
ecol-SAMN15147970,0.8151815181518152,0.2903225806451613,0.7891373801916933,0.6919191919191919,0.801948051948052,247,66,56,27
