isolate,recall,specificity,precision,accuracy,f1_score,tp,fp,fn,tn
ecol-SAMN15148710,0.873015873015873,0.3333333333333333,0.873015873015873,0.7866666666666666,0.8730158730158731,110,16,16,8
