isolate,recall,specificity,precision,accuracy,f1_score,tp,fp,fn,tn
ecol-SAMN15148328,0.125,0.6875,0.13043478260869565,0.5340909090909091,0.1276595744680851,3,20,21,44
