isolate,recall,specificity,precision,accuracy,f1_score,tp,fp,fn,tn
ecol-SAMN15148101,0.72,0.16666666666666666,0.782608695652174,0.6129032258064516,0.7499999999999999,18,5,7,1
