isolate,recall,specificity,precision,accuracy,f1_score,tp,fp,fn,tn
ecol-SAMN15148548,0.23076923076923078,0.9142857142857143,0.2,0.8562091503267973,0.21428571428571427,3,12,10,128
