isolate,recall,specificity,precision,accuracy,f1_score,tp,fp,fn,tn
ecol-SAMN15148005,0.8260869565217391,0.5,0.9661016949152542,0.8082191780821918,0.890625,114,4,24,4
