isolate,recall,specificity,precision,accuracy,f1_score,tp,fp,fn,tn
ecol-SAMN15148360,0.8601398601398601,0.42857142857142855,0.968503937007874,0.84,0.9111111111111111,123,4,20,3
