isolate,recall,specificity,precision,accuracy,f1_score,tp,fp,fn,tn
ecol-SAMN15148060,0.9157088122605364,0.06666666666666667,0.8951310861423221,0.8281786941580757,0.9053030303030303,239,28,22,2
