isolate,recall,specificity,precision,accuracy,f1_score,tp,fp,fn,tn
ecol-SAMN15148475,0.7846153846153846,0.07692307692307693,0.8095238095238095,0.6666666666666666,0.7968749999999999,51,12,14,1
