isolate,recall,specificity,precision,accuracy,f1_score,tp,fp,fn,tn
ecol-SAMN15148328,0.075,0.7628865979381443,0.11538461538461539,0.5620437956204379,0.09090909090909093,3,23,37,74
