isolate,recall,specificity,precision,accuracy,f1_score,tp,fp,fn,tn
ecol-SAMN15147962,0.8372093023255814,0.09090909090909091,0.9152542372881356,0.7785714285714286,0.8744939271255062,108,10,21,1
