isolate,recall,specificity,precision,accuracy,f1_score,tp,fp,fn,tn
ecol-SAMN15148387,0.19230769230769232,0.5793650793650794,0.08620689655172414,0.5131578947368421,0.11904761904761904,5,53,21,73
