isolate,recall,specificity,precision,accuracy,f1_score,tp,fp,fn,tn
ecol-SAMN15147962,0.047619047619047616,0.8235294117647058,0.045454545454545456,0.7071428571428572,0.046511627906976744,1,21,20,98
