isolate,recall,specificity,precision,accuracy,f1_score,tp,fp,fn,tn
ecol-SAMN15148391,0.6089385474860335,0.4411764705882353,0.8515625,0.5821596244131455,0.7100977198697067,109,19,70,15
