isolate,recall,specificity,precision,accuracy,f1_score,tp,fp,fn,tn
ecol-SAMN15148547,0.8958333333333334,0.16666666666666666,0.945054945054945,0.8529411764705882,0.9197860962566845,86,5,10,1
