isolate,recall,specificity,precision,accuracy,f1_score,tp,fp,fn,tn
ecol-SAMN15148217,0.6086956521739131,0.25,0.9032258064516129,0.58,0.7272727272727272,28,3,18,1
