isolate,recall,specificity,precision,accuracy,f1_score,tp,fp,fn,tn
ecol-SAMN15148218,0.6779661016949152,0.2857142857142857,0.8888888888888888,0.6363636363636364,0.7692307692307693,40,5,19,2
