isolate,recall,specificity,precision,accuracy,f1_score,tp,fp,fn,tn
ecol-SAMN15148136,0.8733333333333333,0.2828282828282828,0.7867867867867868,0.7268170426065163,0.8278041074249605,262,71,38,28
