isolate,recall,specificity,precision,accuracy,f1_score,tp,fp,fn,tn
ecol-SAMN15148400,0.7441860465116279,0.09090909090909091,0.8648648648648649,0.6701030927835051,0.8,64,10,22,1
