isolate,recall,specificity,precision,accuracy,f1_score,tp,fp,fn,tn
ecol-SAMN15148070,0.6363636363636364,0.0,0.9767441860465116,0.6268656716417911,0.7706422018348624,42,1,24,0
