isolate,recall,specificity,precision,accuracy,f1_score,tp,fp,fn,tn
ecol-SAMN15148576,0.6065573770491803,0.16666666666666666,0.7115384615384616,0.5063291139240507,0.654867256637168,37,15,24,3
