isolate,recall,specificity,precision,accuracy,f1_score,tp,fp,fn,tn
ecol-SAMN15148099,0.25,0.6,0.043478260869565216,0.576271186440678,0.07407407407407408,1,22,3,33
