isolate,recall,specificity,precision,accuracy,f1_score,tp,fp,fn,tn
ecol-SAMN15148576,0.060240963855421686,0.8082191780821918,0.15151515151515152,0.537117903930131,0.08620689655172414,5,28,78,118
