isolate,recall,specificity,precision,accuracy,f1_score,tp,fp,fn,tn
ecol-SAMN15148482,0.13245033112582782,0.723404255319149,0.2777777777777778,0.46017699115044247,0.17937219730941706,20,52,131,136
