isolate,recall,specificity,precision,accuracy,f1_score,tp,fp,fn,tn
ecol-SAMN15148593,0.8933333333333333,0.13636363636363635,0.9136363636363637,0.8259109311740891,0.9033707865168539,201,19,24,3
