isolate,recall,specificity,precision,accuracy,f1_score,tp,fp,fn,tn
ecol-SAMN15148053,0.16666666666666666,0.5714285714285714,0.045454545454545456,0.5272727272727272,0.07142857142857144,1,21,5,28
