isolate,recall,specificity,precision,accuracy,f1_score,tp,fp,fn,tn
ecol-SAMN15148605,0.6635514018691588,0.08333333333333333,0.8658536585365854,0.6050420168067226,0.7513227513227514,71,11,36,1
