isolate,recall,specificity,precision,accuracy,f1_score,tp,fp,fn,tn
ecol-SAMN15148596,0.10743801652892562,0.9139784946236559,0.4482758620689655,0.5960912052117264,0.17333333333333334,13,16,108,170
