isolate,recall,specificity,precision,accuracy,f1_score,tp,fp,fn,tn
ecol-SAMN15148090,0.2222222222222222,0.6212121212121212,0.13793103448275862,0.5357142857142857,0.1702127659574468,4,25,14,41
