isolate,recall,specificity,precision,accuracy,f1_score,tp,fp,fn,tn
ecol-SAMN15148138,0.3103448275862069,0.8091603053435115,0.2647058823529412,0.71875,0.28571428571428575,9,25,20,106
