isolate,recall,specificity,precision,accuracy,f1_score,tp,fp,fn,tn
ecol-SAMN15148710,0.7291666666666666,0.4666666666666667,0.813953488372093,0.6666666666666666,0.7692307692307692,35,8,13,7
