isolate,recall,specificity,precision,accuracy,f1_score,tp,fp,fn,tn
ecol-SAMN15147977,0.7784431137724551,0.4444444444444444,0.9629629629629629,0.7613636363636364,0.8609271523178809,130,5,37,4
