isolate,recall,specificity,precision,accuracy,f1_score,tp,fp,fn,tn
ecol-SAMN15148072,0.8613138686131386,0.0,0.9833333333333333,0.8489208633093526,0.9182879377431906,118,2,19,0
