isolate,recall,specificity,precision,accuracy,f1_score,tp,fp,fn,tn
ecol-SAMN15148083,0.8376623376623377,0.05263157894736842,0.8775510204081632,0.7514450867052023,0.8571428571428572,129,18,25,1
