isolate,recall,specificity,precision,accuracy,f1_score,tp,fp,fn,tn
ecol-SAMN15148548,0.42857142857142855,0.8181818181818182,0.23076923076923078,0.7741935483870968,0.3,3,10,4,45
