isolate,recall,specificity,precision,accuracy,f1_score,tp,fp,fn,tn
ecol-SAMN15148139,0.358974358974359,0.8211382113821138,0.3888888888888889,0.7098765432098766,0.3733333333333333,14,22,25,101
