isolate,recall,specificity,precision,accuracy,f1_score,tp,fp,fn,tn
ecol-SAMN15147963,0.05555555555555555,0.8303571428571429,0.05,0.7230769230769231,0.052631578947368425,1,19,17,93
