isolate,recall,specificity,precision,accuracy,f1_score,tp,fp,fn,tn
ecol-SAMN15148350,0.8617886178861789,0.11494252873563218,0.7335640138408305,0.6666666666666666,0.7925233644859814,212,77,34,10
