isolate,recall,specificity,precision,accuracy,f1_score,tp,fp,fn,tn
ecol-SAMN15148461,0.5,0.6440677966101694,0.045454545454545456,0.639344262295082,0.08333333333333334,1,21,1,38
