isolate,recall,specificity,precision,accuracy,f1_score,tp,fp,fn,tn
ecol-SAMN15148710,0.4117647058823529,0.717391304347826,0.35,0.6349206349206349,0.37837837837837834,7,13,10,33
