isolate,recall,specificity,precision,accuracy,f1_score,tp,fp,fn,tn
ecol-SAMN15148100,0.7851851851851852,0.0,0.9636363636363636,0.762589928057554,0.8653061224489796,106,4,29,0
