isolate,recall,specificity,precision,accuracy,f1_score,tp,fp,fn,tn
ecol-SAMN15148714,0.8627450980392157,0.0,0.9887640449438202,0.8543689320388349,0.9214659685863874,88,1,14,0
