isolate,recall,specificity,precision,accuracy,f1_score,tp,fp,fn,tn
ecol-SAMN15148461,0.3333333333333333,0.847953216374269,0.037037037037037035,0.8390804597701149,0.06666666666666667,1,26,2,145
