isolate,recall,specificity,precision,accuracy,f1_score,tp,fp,fn,tn
ecol-SAMN15148362,0.5,0.872093023255814,0.043478260869565216,0.867816091954023,0.08,1,22,1,150
