isolate,recall,specificity,precision,accuracy,f1_score,tp,fp,fn,tn
ecol-SAMN15148143,0.0625,0.7727272727272727,0.038461538461538464,0.6825396825396826,0.04761904761904762,2,50,30,170
