isolate,recall,specificity,precision,accuracy,f1_score,tp,fp,fn,tn
ecol-SAMN15148039,0.8950276243093923,0.0,0.9878048780487805,0.8852459016393442,0.9391304347826087,162,2,19,0
