isolate,recall,specificity,precision,accuracy,f1_score,tp,fp,fn,tn
ecol-SAMN15148094,0.8367346938775511,0.0,0.9761904761904762,0.82,0.9010989010989012,41,1,8,0
