isolate,recall,specificity,precision,accuracy,f1_score,tp,fp,fn,tn
ecol-SAMN15148177,0.8807339449541285,0.1111111111111111,0.96,0.8502202643171806,0.9186602870813397,384,16,52,2
