isolate,recall,specificity,precision,accuracy,f1_score,tp,fp,fn,tn
ecol-SAMN15148138,0.6140350877192983,0.4666666666666667,0.813953488372093,0.5833333333333334,0.7,35,8,22,7
