isolate,recall,specificity,precision,accuracy,f1_score,tp,fp,fn,tn
ecol-SAMN15148112,0.2,0.5,0.1111111111111111,0.42857142857142855,0.14285714285714285,2,16,8,16
