isolate,recall,specificity,precision,accuracy,f1_score,tp,fp,fn,tn
ecol-SAMN15148314,0.6666666666666666,0.575,0.10526315789473684,0.5813953488372093,0.18181818181818182,2,17,1,23
