isolate,recall,specificity,precision,accuracy,f1_score,tp,fp,fn,tn
ecol-SAMN15148379,0.9097744360902256,0.057692307692307696,0.5525114155251142,0.5358649789029536,0.6875000000000001,121,98,12,6
