isolate,recall,specificity,precision,accuracy,f1_score,tp,fp,fn,tn
ecol-SAMN15148388,0.12380952380952381,0.8367346938775511,0.24528301886792453,0.6228571428571429,0.16455696202531647,13,40,92,205
