isolate,recall,specificity,precision,accuracy,f1_score,tp,fp,fn,tn
ecol-SAMN15148118,0.9100346020761245,0.12162162162162163,0.801829268292683,0.7493112947658402,0.8525121555915722,263,65,26,9
