isolate,recall,specificity,precision,accuracy,f1_score,tp,fp,fn,tn
ecol-SAMN15148331,0.9156626506024096,0.125,0.9156626506024096,0.8461538461538461,0.9156626506024096,76,7,7,1
