isolate,recall,specificity,precision,accuracy,f1_score,tp,fp,fn,tn
ecol-SAMN15148423,0.704225352112676,0.4666666666666667,0.8620689655172413,0.6627906976744186,0.7751937984496124,100,16,42,14
