isolate,recall,specificity,precision,accuracy,f1_score,tp,fp,fn,tn
ecol-SAMN15148072,0.627906976744186,0.0,0.9310344827586207,0.6,0.7499999999999999,27,2,16,0
