isolate,recall,specificity,precision,accuracy,f1_score,tp,fp,fn,tn
ecol-SAMN15148102,0.8227848101265823,0.14285714285714285,0.9154929577464789,0.7674418604651163,0.8666666666666667,65,6,14,1
