isolate,recall,specificity,precision,accuracy,f1_score,tp,fp,fn,tn
ecol-SAMN15148217,0.8473282442748091,0.125,0.940677966101695,0.8057553956834532,0.891566265060241,111,7,20,1
