isolate,recall,specificity,precision,accuracy,f1_score,tp,fp,fn,tn
ecol-SAMN15147983,0.6346153846153846,0.2222222222222222,0.7021276595744681,0.5285714285714286,0.6666666666666666,33,14,19,4
