isolate,recall,specificity,precision,accuracy,f1_score,tp,fp,fn,tn
ecol-SAMN15147963,0.8376068376068376,0.07692307692307693,0.8909090909090909,0.7615384615384615,0.8634361233480177,98,12,19,1
