isolate,recall,specificity,precision,accuracy,f1_score,tp,fp,fn,tn
ecol-SAMN15148139,0.8217054263565892,0.3939393939393939,0.8412698412698413,0.7345679012345679,0.8313725490196078,106,20,23,13
