isolate,recall,specificity,precision,accuracy,f1_score,tp,fp,fn,tn
ecol-SAMN15148515,0.09836065573770492,0.9075144508670521,0.2727272727272727,0.6965811965811965,0.14457831325301204,6,16,55,157
