isolate,recall,specificity,precision,accuracy,f1_score,tp,fp,fn,tn
ecol-SAMN15148018,0.16666666666666666,0.6862745098039216,0.058823529411764705,0.631578947368421,0.08695652173913045,1,16,5,35
