isolate,recall,specificity,precision,accuracy,f1_score,tp,fp,fn,tn
ecol-SAMN15148054,0.3333333333333333,0.6129032258064516,0.14285714285714285,0.5675675675675675,0.2,2,12,4,19
