isolate,recall,specificity,precision,accuracy,f1_score,tp,fp,fn,tn
ecol-SAMN15148121,0.6481481481481481,0.0,0.8974358974358975,0.603448275862069,0.7526881720430108,35,4,19,0
