isolate,recall,specificity,precision,accuracy,f1_score,tp,fp,fn,tn
ecol-SAMN15148091,0.8465116279069768,0.15384615384615385,0.8921568627450981,0.7717842323651453,0.8687350835322196,182,22,33,4
