isolate,recall,specificity,precision,accuracy,f1_score,tp,fp,fn,tn
ecol-SAMN15148362,0.5833333333333334,0.5,0.9655172413793104,0.58,0.7272727272727274,28,1,20,1
