isolate,recall,specificity,precision,accuracy,f1_score,tp,fp,fn,tn
ecol-SAMN15148397,0.8159203980099502,0.7142857142857143,0.9879518072289156,0.8125,0.8937329700272478,164,2,37,5
