isolate,recall,specificity,precision,accuracy,f1_score,tp,fp,fn,tn
pmeg-SAMN16083678,0.7777777777777778,0.2222222222222222,0.5555555555555556,0.5308641975308642,0.6481481481481481,70,56,20,16
