isolate,recall,specificity,precision,accuracy,f1_score,tp,fp,fn,tn
pmeg-SAMN16083679,0.8771929824561403,0.4065934065934066,0.4807692307692308,0.5878378378378378,0.6211180124223603,50,54,7,37
