isolate,recall,specificity,precision,accuracy,f1_score,tp,fp,fn,tn
pmeg-SAMN16083678,0.2912621359223301,0.8983050847457628,0.8333333333333334,0.5123456790123457,0.4316546762589928,30,6,73,53
