isolate,recall,specificity,precision,accuracy,f1_score,tp,fp,fn,tn
pmeg-SAMN16083679,0.4,0.9166666666666666,0.9090909090909091,0.5675675675675675,0.5555555555555556,40,4,60,44
