isolate,recall,specificity,precision,accuracy,f1_score,tp,fp,fn,tn
kpne-SAMN21366094,0.7096774193548387,0.5102040816326531,0.4782608695652174,0.5875,0.5714285714285714,22,24,9,25
