isolate,recall,specificity,precision,accuracy,f1_score,tp,fp,fn,tn
kpne-SAMN21366069,0.4444444444444444,0.7361111111111112,0.5128205128205128,0.6239316239316239,0.47619047619047616,20,19,25,53
