isolate,recall,specificity,precision,accuracy,f1_score,tp,fp,fn,tn
kpne-SAMN21366043,0.5,0.7777777777777778,0.625,0.6595744680851063,0.5555555555555556,10,6,10,21
