isolate,recall,specificity,precision,accuracy,f1_score,tp,fp,fn,tn
kpne-SAMN21366063,0.7923076923076923,0.5789473684210527,0.865546218487395,0.7440476190476191,0.8273092369477912,103,16,27,22
