isolate,recall,specificity,precision,accuracy,f1_score,tp,fp,fn,tn
kpne-SAMN21366091,0.37037037037037035,0.9104477611940298,0.8695652173913043,0.5771428571428572,0.5194805194805194,40,6,68,61
