isolate,recall,specificity,precision,accuracy,f1_score,tp,fp,fn,tn
kpne-SAMN21366063,0.6290322580645161,0.6521739130434783,0.8297872340425532,0.6352941176470588,0.7155963302752293,39,8,23,15
