isolate,recall,specificity,precision,accuracy,f1_score,tp,fp,fn,tn
kpne-SAMN21366070,0.7790697674418605,0.3958333333333333,0.6979166666666666,0.6417910447761194,0.7362637362637364,67,29,19,19
