isolate,recall,specificity,precision,accuracy,f1_score,tp,fp,fn,tn
kpne-SAMN21366037,0.43103448275862066,0.6052631578947368,0.45454545454545453,0.5298507462686567,0.44247787610619466,25,30,33,46
