isolate,recall,specificity,precision,accuracy,f1_score,tp,fp,fn,tn
kpne-SAMN21366038,0.6486486486486487,0.45454545454545453,0.8,0.6041666666666666,0.7164179104477612,24,6,13,5
