isolate,recall,specificity,precision,accuracy,f1_score,tp,fp,fn,tn
kpne-SAMN21366069,0.7380952380952381,0.5151515151515151,0.7948717948717948,0.6752136752136753,0.7654320987654322,62,16,22,17
