isolate,recall,specificity,precision,accuracy,f1_score,tp,fp,fn,tn
kpne-SAMN21366094,0.5094339622641509,0.7407407407407407,0.7941176470588235,0.5875,0.6206896551724137,27,7,26,20
