isolate,recall,specificity,precision,accuracy,f1_score,tp,fp,fn,tn
kpne-SAMN21366095,0.7982456140350878,0.4528301886792453,0.7583333333333333,0.688622754491018,0.7777777777777778,91,29,23,24
