isolate,recall,specificity,precision,accuracy,f1_score,tp,fp,fn,tn
kpne-SAMN21366095,0.625,0.6071428571428571,0.7317073170731707,0.618421052631579,0.6741573033707865,30,11,18,17
