isolate,recall,specificity,precision,accuracy,f1_score,tp,fp,fn,tn
kpne-SAMN21366063,0.6521739130434783,0.6290322580645161,0.39473684210526316,0.6352941176470588,0.49180327868852464,15,23,8,39
