isolate,recall,specificity,precision,accuracy,f1_score,tp,fp,fn,tn
kpne-SAMN21366037,0.7593984962406015,0.24817518248175183,0.4950980392156863,0.5,0.599406528189911,101,103,32,34
