isolate,recall,specificity,precision,accuracy,f1_score,tp,fp,fn,tn
kpne-SAMN21366043,0.7777777777777778,0.5,0.6774193548387096,0.6595744680851063,0.7241379310344828,21,10,6,10
