isolate,recall,specificity,precision,accuracy,f1_score,tp,fp,fn,tn
kpne-SAMN21366095,0.4666666666666667,0.822429906542056,0.5957446808510638,0.6946107784431138,0.5233644859813084,28,19,32,88
