isolate,recall,specificity,precision,accuracy,f1_score,tp,fp,fn,tn
kpne-SAMN21366038,0.2727272727272727,0.7746478873239436,0.2727272727272727,0.6559139784946236,0.2727272727272727,6,16,16,55
