isolate,recall,specificity,precision,accuracy,f1_score,tp,fp,fn,tn
kpne-SAMN21366038,0.4166666666666667,0.6388888888888888,0.2777777777777778,0.5833333333333334,0.33333333333333337,5,13,7,23
