isolate,recall,specificity,precision,accuracy,f1_score,tp,fp,fn,tn
kpne-SAMN21366050,0.6382978723404256,0.41935483870967744,0.625,0.5512820512820513,0.631578947368421,30,18,17,13
