isolate,recall,specificity,precision,accuracy,f1_score,tp,fp,fn,tn
kpne-SAMN21366037,0.6,0.42592592592592593,0.6075949367088608,0.5298507462686567,0.6037735849056604,48,31,32,23
