isolate,recall,specificity,precision,accuracy,f1_score,tp,fp,fn,tn
kpne-SAMN21366094,0.8055555555555556,0.30434782608695654,0.47540983606557374,0.524390243902439,0.5979381443298968,58,64,14,28
