isolate,recall,specificity,precision,accuracy,f1_score,tp,fp,fn,tn
kpne-SAMN21366070,0.6481481481481481,0.4166666666666667,0.625,0.5555555555555556,0.6363636363636364,35,21,19,15
