isolate,recall,specificity,precision,accuracy,f1_score,tp,fp,fn,tn
kpne-SAMN21366069,0.6078431372549019,0.7222222222222222,0.8611111111111112,0.6376811594202898,0.7126436781609194,31,5,20,13
