isolate,recall,specificity,precision,accuracy,f1_score,tp,fp,fn,tn
kpne-SAMN21366050,0.39473684210526316,0.673469387755102,0.4838709677419355,0.5517241379310345,0.43478260869565216,15,16,23,33
