isolate,recall,specificity,precision,accuracy,f1_score,tp,fp,fn,tn
kpne-SAMN21366091,0.7837837837837838,0.5384615384615384,0.5471698113207547,0.6404494382022472,0.6444444444444444,29,24,8,28
