isolate,recall,specificity,precision,accuracy,f1_score,tp,fp,fn,tn
kpne-SAMN21366043,0.32653061224489793,0.8970588235294118,0.6956521739130435,0.6581196581196581,0.4444444444444445,16,7,33,61
