isolate,recall,specificity,precision,accuracy,f1_score,tp,fp,fn,tn
kpne-SAMN21366070,0.35185185185185186,0.7625,0.5,0.5970149253731343,0.41304347826086957,19,19,35,61
