isolate,recall,specificity,precision,accuracy,f1_score,tp,fp,fn,tn
kpne-SAMN21366043,0.881578947368421,0.34146341463414637,0.7127659574468085,0.6923076923076923,0.788235294117647,67,27,9,14
