isolate,recall,specificity,precision,accuracy,f1_score,tp,fp,fn,tn
kpne-SAMN21366094,0.3177570093457944,0.8596491228070176,0.8095238095238095,0.5060975609756098,0.4563758389261745,34,8,73,49
