isolate,recall,specificity,precision,accuracy,f1_score,tp,fp,fn,tn
kpne-SAMN21366038,0.7866666666666666,0.3333333333333333,0.8309859154929577,0.6989247311827957,0.8082191780821917,59,12,16,6
