isolate,recall,specificity,precision,accuracy,f1_score,tp,fp,fn,tn
kpne-SAMN21366091,0.8518518518518519,0.3617021276595745,0.5348837209302325,0.5885714285714285,0.6571428571428571,69,60,12,34
