isolate,recall,specificity,precision,accuracy,f1_score,tp,fp,fn,tn
kpne-SAMN21366069,0.6818181818181818,0.6170212765957447,0.45454545454545453,0.6376811594202898,0.5454545454545454,15,18,7,29
