isolate,recall,specificity,precision,accuracy,f1_score,tp,fp,fn,tn
kpne-SAMN21366070,0.4166666666666667,0.6481481481481481,0.4411764705882353,0.5555555555555556,0.42857142857142855,15,19,21,35
