isolate,recall,specificity,precision,accuracy,f1_score,tp,fp,fn,tn
kpne-SAMN21366050,0.6666666666666666,0.3888888888888889,0.6071428571428571,0.5517241379310345,0.6355140186915887,34,22,17,14
