isolate,recall,specificity,precision,accuracy,f1_score,tp,fp,fn,tn
kpne-SAMN21366037,0.20930232558139536,0.6938775510204082,0.5454545454545454,0.3851851851851852,0.3025210084033613,36,30,136,68
