isolate,recall,specificity,precision,accuracy,f1_score,tp,fp,fn,tn
kpne-SAMN21366091,0.543859649122807,0.84375,0.8611111111111112,0.651685393258427,0.6666666666666667,31,5,26,27
