isolate,recall,specificity,precision,accuracy,f1_score,tp,fp,fn,tn
kpne-SAMN21366050,0.42424242424242425,0.6444444444444445,0.4666666666666667,0.5512820512820513,0.4444444444444445,14,16,19,29
