isolate,recall,specificity,precision,accuracy,f1_score,tp,fp,fn,tn
kpne-SAMN21366095,0.6451612903225806,0.6666666666666666,0.5714285714285714,0.6578947368421053,0.606060606060606,20,15,11,30
