isolate,recall,specificity,precision,accuracy,f1_score,tp,fp,fn,tn
vpar-SAMEA5540085,0.9206349206349206,0.0,0.9206349206349206,0.8529411764705882,0.9206349206349206,58,5,5,0
