isolate,recall,specificity,precision,accuracy,f1_score,tp,fp,fn,tn
vpar-SAMEA5540086,0.937984496124031,,1.0,0.937984496124031,0.9680000000000001,121,0,8,0
