isolate,recall,specificity,precision,accuracy,f1_score,tp,fp,fn,tn
ecol-SAMN15148714,0.2549019607843137,1.0,1.0,0.2621359223300971,0.40625,26,0,76,1
