isolate,recall,specificity,precision,accuracy,f1_score,tp,fp,fn,tn
ecol-SAMN15148391,0.5586592178770949,0.9705882352941176,0.9900990099009901,0.6244131455399061,0.7142857142857142,100,1,79,33
