isolate,recall,specificity,precision,accuracy,f1_score,tp,fp,fn,tn
ecol-SAMN15148475,0.22839506172839505,1.0,1.0,0.4834710743801653,0.37185929648241206,37,0,125,80
