isolate,recall,specificity,precision,accuracy,f1_score,tp,fp,fn,tn
ecol-SAMN15148101,0.8,0.8333333333333334,0.9523809523809523,0.8064516129032258,0.8695652173913043,20,1,5,5
