isolate,recall,specificity,precision,accuracy,f1_score,tp,fp,fn,tn
ecol-SAMN15148072,1.0,0.23529411764705882,0.028037383177570093,0.2517985611510791,0.05454545454545455,3,104,0,32
