isolate,recall,specificity,precision,accuracy,f1_score,tp,fp,fn,tn
ecol-SAMN15148400,0.22325581395348837,1.0,1.0,0.3837638376383764,0.3650190114068441,48,0,167,56
