isolate,recall,specificity,precision,accuracy,f1_score,tp,fp,fn,tn
ecol-SAMN15148018,0.2857142857142857,1.0,1.0,0.391025641025641,0.4444444444444445,38,0,95,23
