isolate,recall,specificity,precision,accuracy,f1_score,tp,fp,fn,tn
ecol-SAMN15148461,0.2222222222222222,1.0,1.0,0.23563218390804597,0.3636363636363636,38,0,133,3
