isolate,recall,specificity,precision,accuracy,f1_score,tp,fp,fn,tn
ecol-SAMN15148005,0.9090909090909091,0.2814814814814815,0.09345794392523364,0.3287671232876712,0.16949152542372883,10,97,1,38
