isolate,recall,specificity,precision,accuracy,f1_score,tp,fp,fn,tn
ecol-SAMN15148268,0.9,0.25316455696202533,0.07086614173228346,0.2916666666666667,0.13138686131386862,9,118,1,40
