isolate,recall,specificity,precision,accuracy,f1_score,tp,fp,fn,tn
ecol-SAMN15148388,0.9428571428571428,0.18775510204081633,0.33221476510067116,0.4142857142857143,0.49131513647642683,99,199,6,46
