isolate,recall,specificity,precision,accuracy,f1_score,tp,fp,fn,tn
ecol-SAMN15148368,1.0,0.13654618473895583,0.03153153153153153,0.16015625,0.061135371179039305,7,215,0,34
