isolate,recall,specificity,precision,accuracy,f1_score,tp,fp,fn,tn
ecol-SAMN15148054,1.0,0.6774193548387096,0.375,0.7297297297297297,0.5454545454545454,6,10,0,21
