isolate,recall,specificity,precision,accuracy,f1_score,tp,fp,fn,tn
ecol-SAMN15148605,1.0,0.1432225063938619,0.21176470588235294,0.30353430353430355,0.34951456310679613,90,335,0,56
