isolate,recall,specificity,precision,accuracy,f1_score,tp,fp,fn,tn
ecol-SAMN15148005,0.2753623188405797,0.875,0.9743589743589743,0.3082191780821918,0.4293785310734463,38,1,100,7
