isolate,recall,specificity,precision,accuracy,f1_score,tp,fp,fn,tn
ecol-SAMN15148397,0.8571428571428571,0.3034825870646766,0.0410958904109589,0.32211538461538464,0.0784313725490196,6,140,1,61
