isolate,recall,specificity,precision,accuracy,f1_score,tp,fp,fn,tn
ecol-SAMN15148121,1.0,0.6363636363636364,0.13043478260869565,0.6551724137931034,0.23076923076923078,3,20,0,35
