isolate,recall,specificity,precision,accuracy,f1_score,tp,fp,fn,tn
ecol-SAMN15148366,0.20588235294117646,0.9166666666666666,0.9655172413793104,0.2635135135135135,0.33939393939393936,28,1,108,11
