isolate,recall,specificity,precision,accuracy,f1_score,tp,fp,fn,tn
ecol-SAMN15148388,0.1760299625468165,0.9397590361445783,0.9038461538461539,0.35714285714285715,0.2946708463949843,47,5,220,78
