isolate,recall,specificity,precision,accuracy,f1_score,tp,fp,fn,tn
ecol-SAMN15148710,0.23015873015873015,0.875,0.90625,0.3333333333333333,0.36708860759493667,29,3,97,21
