isolate,recall,specificity,precision,accuracy,f1_score,tp,fp,fn,tn
ecol-SAMN15148563,1.0,0.16483516483516483,0.2205128205128205,0.3244444444444444,0.361344537815126,43,152,0,30
