isolate,recall,specificity,precision,accuracy,f1_score,tp,fp,fn,tn
ecol-SAMN15148366,0.7777777777777778,0.8571428571428571,0.9655172413793104,0.7906976744186046,0.8615384615384615,28,1,8,6
