isolate,recall,specificity,precision,accuracy,f1_score,tp,fp,fn,tn
ecol-SAMN15148121,1.0,0.23178807947019867,0.03333333333333333,0.25161290322580643,0.06451612903225806,4,116,0,35
