isolate,recall,specificity,precision,accuracy,f1_score,tp,fp,fn,tn
ecol-SAMN15148111,0.8461538461538461,0.7192982456140351,0.5789473684210527,0.7590361445783133,0.6875,22,16,4,41
