isolate,recall,specificity,precision,accuracy,f1_score,tp,fp,fn,tn
ecol-SAMN15148005,0.7037037037037037,0.8571428571428571,0.9743589743589743,0.7213114754098361,0.8172043010752689,38,1,16,6
