isolate,recall,specificity,precision,accuracy,f1_score,tp,fp,fn,tn
ecol-SAMN15148136,0.9782608695652174,0.2413793103448276,0.40540540540540543,0.49624060150375937,0.5732484076433122,135,198,3,63
