isolate,recall,specificity,precision,accuracy,f1_score,tp,fp,fn,tn
ecol-SAMN15148268,0.8333333333333334,0.7090909090909091,0.23809523809523808,0.7213114754098361,0.37037037037037035,5,16,1,39
