isolate,recall,specificity,precision,accuracy,f1_score,tp,fp,fn,tn
ecol-SAMN15148515,0.9836065573770492,0.1791907514450867,0.297029702970297,0.3888888888888889,0.4562737642585551,60,142,1,31
