isolate,recall,specificity,precision,accuracy,f1_score,tp,fp,fn,tn
ecol-SAMN15148362,0.2155688622754491,0.8571428571428571,0.972972972972973,0.2413793103448276,0.35294117647058826,36,1,131,6
