isolate,recall,specificity,precision,accuracy,f1_score,tp,fp,fn,tn
ecol-SAMN15148112,0.84375,0.9,0.9642857142857143,0.8571428571428571,0.8999999999999999,27,1,5,9
