isolate,recall,specificity,precision,accuracy,f1_score,tp,fp,fn,tn
ecol-SAMN15148576,1.0,0.2945205479452055,0.44623655913978494,0.5502183406113537,0.6171003717472119,83,103,0,43
