isolate,recall,specificity,precision,accuracy,f1_score,tp,fp,fn,tn
ecol-SAMN15148710,0.918918918918919,0.25663716814159293,0.288135593220339,0.42,0.4387096774193548,34,84,3,29
