isolate,recall,specificity,precision,accuracy,f1_score,tp,fp,fn,tn
ecol-SAMN15147962,0.9523809523809523,0.44537815126050423,0.23255813953488372,0.5214285714285715,0.37383177570093457,20,66,1,53
