isolate,recall,specificity,precision,accuracy,f1_score,tp,fp,fn,tn
ecol-SAMN15148111,0.711864406779661,0.875,0.9333333333333333,0.7590361445783133,0.8076923076923076,42,3,17,21
