isolate,recall,specificity,precision,accuracy,f1_score,tp,fp,fn,tn
ecol-SAMN15148433,0.2753623188405797,1.0,1.0,0.2907801418439716,0.4318181818181819,38,0,100,3
