isolate,recall,specificity,precision,accuracy,f1_score,tp,fp,fn,tn
ecol-SAMN15148328,0.95,0.5154639175257731,0.4470588235294118,0.6423357664233577,0.608,38,47,2,50
