isolate,recall,specificity,precision,accuracy,f1_score,tp,fp,fn,tn
ecol-SAMN15148547,1.0,0.3229166666666667,0.08450704225352113,0.3627450980392157,0.15584415584415587,6,65,0,31
