isolate,recall,specificity,precision,accuracy,f1_score,tp,fp,fn,tn
ecol-SAMN15148039,1.0,0.6666666666666666,0.11764705882352941,0.6808510638297872,0.21052631578947367,2,15,0,30
