isolate,recall,specificity,precision,accuracy,f1_score,tp,fp,fn,tn
ecol-SAMN15148090,0.22140221402214022,0.896551724137931,0.9523809523809523,0.2866666666666667,0.3592814371257485,60,3,211,26
