isolate,recall,specificity,precision,accuracy,f1_score,tp,fp,fn,tn
ecol-SAMN15148328,0.9166666666666666,0.78125,0.6111111111111112,0.8181818181818182,0.7333333333333334,22,14,2,50
