isolate,recall,specificity,precision,accuracy,f1_score,tp,fp,fn,tn
ecol-SAMN15148273,1.0,0.7311827956989247,0.10714285714285714,0.7395833333333334,0.19354838709677416,3,25,0,68
