isolate,recall,specificity,precision,accuracy,f1_score,tp,fp,fn,tn
ecol-SAMN15148400,1.0,0.22325581395348837,0.25112107623318386,0.3837638376383764,0.4014336917562724,56,167,0,48
