isolate,recall,specificity,precision,accuracy,f1_score,tp,fp,fn,tn
ecol-SAMN15148049,0.8333333333333334,0.6867469879518072,0.16129032258064516,0.6966292134831461,0.27027027027027023,5,26,1,57
