isolate,recall,specificity,precision,accuracy,f1_score,tp,fp,fn,tn
ecol-SAMN15148102,0.4810126582278481,0.7142857142857143,0.95,0.5,0.6386554621848739,38,2,41,5
