isolate,recall,specificity,precision,accuracy,f1_score,tp,fp,fn,tn
ecol-SAMN15148083,1.0,0.7931034482758621,0.5,0.8285714285714286,0.6666666666666666,12,12,0,46
