isolate,recall,specificity,precision,accuracy,f1_score,tp,fp,fn,tn
ecol-SAMN15148102,0.7254901960784313,0.6666666666666666,0.9487179487179487,0.7192982456140351,0.8222222222222223,37,2,14,4
