isolate,recall,specificity,precision,accuracy,f1_score,tp,fp,fn,tn
ecol-SAMN15148207,0.95,0.28431372549019607,0.20652173913043478,0.39344262295081966,0.3392857142857143,19,73,1,29
