isolate,recall,specificity,precision,accuracy,f1_score,tp,fp,fn,tn
ecol-SAMN15148018,1.0,0.7450980392156863,0.3157894736842105,0.7719298245614035,0.4799999999999999,6,13,0,38
