isolate,recall,specificity,precision,accuracy,f1_score,tp,fp,fn,tn
ecol-SAMN15148060,0.09578544061302682,0.9333333333333333,0.9259259259259259,0.18213058419243985,0.1736111111111111,25,2,236,28
