isolate,recall,specificity,precision,accuracy,f1_score,tp,fp,fn,tn
ecol-SAMN15148139,0.703125,0.9090909090909091,0.9574468085106383,0.7558139534883721,0.8108108108108107,45,2,19,20
