isolate,recall,specificity,precision,accuracy,f1_score,tp,fp,fn,tn
ecol-SAMN15148605,1.0,0.5384615384615384,0.23809523809523808,0.5966386554621849,0.3846153846153846,15,48,0,56
