isolate,recall,specificity,precision,accuracy,f1_score,tp,fp,fn,tn
ecol-SAMN15148547,1.0,0.7380952380952381,0.21428571428571427,0.7555555555555555,0.35294117647058826,3,11,0,31
