isolate,recall,specificity,precision,accuracy,f1_score,tp,fp,fn,tn
ecol-SAMN15147970,0.2508250825082508,0.989247311827957,0.987012987012987,0.42424242424242425,0.39999999999999997,76,1,227,92
