isolate,recall,specificity,precision,accuracy,f1_score,tp,fp,fn,tn
ecol-SAMN15148732,0.2275132275132275,0.9333333333333333,0.9772727272727273,0.27941176470588236,0.36909871244635195,43,1,146,14
