isolate,recall,specificity,precision,accuracy,f1_score,tp,fp,fn,tn
ecol-SAMN15148207,0.28431372549019607,0.95,0.9666666666666667,0.39344262295081966,0.43939393939393934,29,1,73,19
