isolate,recall,specificity,precision,accuracy,f1_score,tp,fp,fn,tn
ecol-SAMN15148366,0.9230769230769231,0.2074074074074074,0.10084033613445378,0.2702702702702703,0.1818181818181818,12,107,1,28
