isolate,recall,specificity,precision,accuracy,f1_score,tp,fp,fn,tn
ecol-SAMN15148387,0.3358208955223881,0.9210526315789473,0.967741935483871,0.4084967320261438,0.49861495844875353,90,3,178,35
