isolate,recall,specificity,precision,accuracy,f1_score,tp,fp,fn,tn
ecol-SAMN15147972,0.9230769230769231,0.4666666666666667,0.3103448275862069,0.5608465608465608,0.4645161290322581,36,80,3,70
