isolate,recall,specificity,precision,accuracy,f1_score,tp,fp,fn,tn
ecol-SAMN15148090,0.8676470588235294,0.8125,0.9516129032258065,0.8571428571428571,0.9076923076923077,59,3,9,13
