isolate,recall,specificity,precision,accuracy,f1_score,tp,fp,fn,tn
ecol-SAMN15148009,0.17616580310880828,,1.0,0.17616580310880828,0.29955947136563876,34,0,159,0
