isolate,recall,specificity,precision,accuracy,f1_score,tp,fp,fn,tn
ecol-SAMN15148298,0.9107142857142857,0.2956521739130435,0.23943661971830985,0.4160839160839161,0.37918215613382894,51,162,5,68
