isolate,recall,specificity,precision,accuracy,f1_score,tp,fp,fn,tn
ecol-SAMN15148314,0.2672413793103448,1.0,1.0,0.2857142857142857,0.42176870748299317,31,0,85,3
