isolate,recall,specificity,precision,accuracy,f1_score,tp,fp,fn,tn
ecol-SAMN15148482,0.9668874172185431,0.425531914893617,0.5748031496062992,0.6666666666666666,0.7209876543209877,146,108,5,80
