isolate,recall,specificity,precision,accuracy,f1_score,tp,fp,fn,tn
ecol-SAMN15148267,0.7741935483870968,0.9444444444444444,0.9863013698630136,0.8018018018018018,0.8674698795180723,72,1,21,17
