isolate,recall,specificity,precision,accuracy,f1_score,tp,fp,fn,tn
ecol-SAMN15148298,0.27058823529411763,0.8709677419354839,0.9452054794520548,0.3356643356643357,0.4207317073170732,69,4,186,27
