isolate,recall,specificity,precision,accuracy,f1_score,tp,fp,fn,tn
ecol-SAMN15148400,1.0,0.5581395348837209,0.22448979591836735,0.6082474226804123,0.36666666666666664,11,38,0,48
