isolate,recall,specificity,precision,accuracy,f1_score,tp,fp,fn,tn
ecol-SAMN15148091,0.7647058823529411,0.7702702702702703,0.43333333333333335,0.7692307692307693,0.5531914893617021,13,17,4,57
