isolate,recall,specificity,precision,accuracy,f1_score,tp,fp,fn,tn
ecol-SAMN15148482,0.6774193548387096,1.0,1.0,0.7619047619047619,0.8076923076923077,84,0,40,44
