isolate,recall,specificity,precision,accuracy,f1_score,tp,fp,fn,tn
ecol-SAMN15148426,0.9142857142857143,0.7428571428571429,0.5423728813559322,0.7857142857142857,0.6808510638297872,32,27,3,78
