isolate,recall,specificity,precision,accuracy,f1_score,tp,fp,fn,tn
ecol-SAMN15148548,0.9230769230769231,0.2785714285714286,0.10619469026548672,0.3333333333333333,0.19047619047619047,12,101,1,39
