isolate,recall,specificity,precision,accuracy,f1_score,tp,fp,fn,tn
ecol-SAMN15148215,0.7457627118644068,1.0,1.0,0.7916666666666666,0.8543689320388349,44,0,15,13
