isolate,recall,specificity,precision,accuracy,f1_score,tp,fp,fn,tn
ecol-SAMN15148351,0.9333333333333333,0.22065727699530516,0.07777777777777778,0.2675438596491228,0.1435897435897436,14,166,1,47
