isolate,recall,specificity,precision,accuracy,f1_score,tp,fp,fn,tn
ecol-SAMN15148360,0.27972027972027974,0.7142857142857143,0.9523809523809523,0.3,0.43243243243243246,40,2,103,5
