isolate,recall,specificity,precision,accuracy,f1_score,tp,fp,fn,tn
ecol-SAMN15148148,0.926829268292683,0.75,0.9743589743589743,0.9111111111111111,0.9500000000000001,38,1,3,3
