isolate,recall,specificity,precision,accuracy,f1_score,tp,fp,fn,tn
ecol-SAMN15148314,1.0,0.75,0.23076923076923078,0.7674418604651163,0.375,3,10,0,30
