isolate,recall,specificity,precision,accuracy,f1_score,tp,fp,fn,tn
ecol-SAMN15148121,0.6296296296296297,0.75,0.9714285714285714,0.6379310344827587,0.7640449438202247,34,1,20,3
