isolate,recall,specificity,precision,accuracy,f1_score,tp,fp,fn,tn
ecol-SAMN15148350,0.9719626168224299,0.23893805309734514,0.37681159420289856,0.4744744744744745,0.5430809399477806,104,172,3,54
