isolate,recall,specificity,precision,accuracy,f1_score,tp,fp,fn,tn
ecol-SAMN15148387,0.9423076923076923,0.3543307086614173,0.2300469483568075,0.4542483660130719,0.36981132075471695,49,164,3,90
