isolate,recall,specificity,precision,accuracy,f1_score,tp,fp,fn,tn
ecol-SAMN15148143,0.9166666666666666,0.76,0.2682926829268293,0.7737226277372263,0.4150943396226415,11,30,1,95
