isolate,recall,specificity,precision,accuracy,f1_score,tp,fp,fn,tn
ecol-SAMN15148627,0.14634146341463414,0.8461538461538461,0.9375,0.18807339449541285,0.25316455696202533,30,2,175,11
