isolate,recall,specificity,precision,accuracy,f1_score,tp,fp,fn,tn
ecol-SAMN15148139,0.9230769230769231,0.35772357723577236,0.3130434782608696,0.49382716049382713,0.4675324675324676,36,79,3,44
