isolate,recall,specificity,precision,accuracy,f1_score,tp,fp,fn,tn
ecol-SAMN15148177,0.4915254237288136,0.9285714285714286,0.9830508474576272,0.5378787878787878,0.6553672316384181,58,1,60,13
