isolate,recall,specificity,precision,accuracy,f1_score,tp,fp,fn,tn
ecol-SAMN15148593,1.0,0.19230769230769232,0.18840579710144928,0.31983805668016196,0.3170731707317073,39,168,0,40
