isolate,recall,specificity,precision,accuracy,f1_score,tp,fp,fn,tn
ecol-SAMN15148139,0.3488372093023256,0.9393939393939394,0.9574468085106383,0.4691358024691358,0.5113636363636364,45,2,84,31
