isolate,recall,specificity,precision,accuracy,f1_score,tp,fp,fn,tn
ecol-SAMN15148596,1.0,0.1827956989247312,0.4432234432234432,0.504885993485342,0.6142131979695431,121,152,0,34
