isolate,recall,specificity,precision,accuracy,f1_score,tp,fp,fn,tn
ecol-SAMN15148148,0.875,0.6229508196721312,0.23333333333333334,0.6521739130434783,0.3684210526315789,7,23,1,38
