isolate,recall,specificity,precision,accuracy,f1_score,tp,fp,fn,tn
ecol-SAMN15148025,1.0,0.23655913978494625,0.3364485981308411,0.4496124031007752,0.5034965034965034,36,71,0,22
