isolate,recall,specificity,precision,accuracy,f1_score,tp,fp,fn,tn
ecol-SAMN15148627,0.6444444444444445,0.7142857142857143,0.9354838709677419,0.6538461538461539,0.763157894736842,29,2,16,5
