isolate,recall,specificity,precision,accuracy,f1_score,tp,fp,fn,tn
ecol-SAMN15148049,0.8571428571428571,0.41007194244604317,0.06818181818181818,0.4315068493150685,0.1263157894736842,6,82,1,57
