isolate,recall,specificity,precision,accuracy,f1_score,tp,fp,fn,tn
ecol-SAMN15148099,0.75,0.3942307692307692,0.08695652173913043,0.41964285714285715,0.15584415584415584,6,63,2,41
