isolate,recall,specificity,precision,accuracy,f1_score,tp,fp,fn,tn
ecol-SAMN15148548,0.2708333333333333,0.8888888888888888,0.975,0.30718954248366015,0.4239130434782608,39,1,105,8
