isolate,recall,specificity,precision,accuracy,f1_score,tp,fp,fn,tn
ecol-SAMN15148576,1.0,0.711864406779661,0.5405405405405406,0.7848101265822784,0.7017543859649124,20,17,0,42
