isolate,recall,specificity,precision,accuracy,f1_score,tp,fp,fn,tn
ecol-SAMN15148099,0.3904761904761905,0.7142857142857143,0.9534883720930233,0.4107142857142857,0.5540540540540541,41,2,64,5
