isolate,recall,specificity,precision,accuracy,f1_score,tp,fp,fn,tn
ecol-SAMN15147963,1.0,0.8166666666666667,0.42105263157894735,0.8382352941176471,0.5925925925925926,8,11,0,49
