isolate,recall,specificity,precision,accuracy,f1_score,tp,fp,fn,tn
ecol-SAMN15147962,0.4108527131782946,0.9090909090909091,0.9814814814814815,0.45,0.5792349726775957,53,1,76,10
