isolate,recall,specificity,precision,accuracy,f1_score,tp,fp,fn,tn
ecol-SAMN15148648,0.5547945205479452,0.8928571428571429,0.9642857142857143,0.6091954022988506,0.7043478260869566,81,3,65,25
