isolate,recall,specificity,precision,accuracy,f1_score,tp,fp,fn,tn
ecol-SAMN15148388,0.6133333333333333,0.8387096774193549,0.9019607843137255,0.6792452830188679,0.7301587301587301,46,5,29,26
