isolate,recall,specificity,precision,accuracy,f1_score,tp,fp,fn,tn
ecol-SAMN15148018,1.0,0.3114754098360656,0.288135593220339,0.46153846153846156,0.4473684210526315,34,84,0,38
