isolate,recall,specificity,precision,accuracy,f1_score,tp,fp,fn,tn
ecol-SAMN15148138,0.7017543859649122,1.0,1.0,0.7638888888888888,0.8247422680412371,40,0,17,15
