isolate,recall,specificity,precision,accuracy,f1_score,tp,fp,fn,tn
ecol-SAMN15148093,0.75,0.84,0.42857142857142855,0.8275862068965517,0.5454545454545454,3,4,1,21
