isolate,recall,specificity,precision,accuracy,f1_score,tp,fp,fn,tn
ecol-SAMN15148049,0.40714285714285714,0.8333333333333334,0.9827586206896551,0.4246575342465753,0.5757575757575758,57,1,83,5
