isolate,recall,specificity,precision,accuracy,f1_score,tp,fp,fn,tn
ecol-SAMN15148263,1.0,0.24517906336088155,0.15432098765432098,0.3365617433414044,0.267379679144385,50,274,0,89
