isolate,recall,specificity,precision,accuracy,f1_score,tp,fp,fn,tn
ecol-SAMN15148217,1.0,0.26153846153846155,0.08571428571428572,0.30935251798561153,0.15789473684210528,9,96,0,34
