isolate,recall,specificity,precision,accuracy,f1_score,tp,fp,fn,tn
ecol-SAMN15147990,1.0,0.3723404255319149,0.04838709677419355,0.3917525773195876,0.09230769230769231,3,59,0,35
