isolate,recall,specificity,precision,accuracy,f1_score,tp,fp,fn,tn
ecol-SAMN15148145,1.0,0.3793103448275862,0.35714285714285715,0.5384615384615384,0.5263157894736842,30,54,0,33
