isolate,recall,specificity,precision,accuracy,f1_score,tp,fp,fn,tn
ecol-SAMN15148118,1.0,0.6619718309859155,0.6190476190476191,0.7818181818181819,0.7647058823529412,39,24,0,47
