isolate,recall,specificity,precision,accuracy,f1_score,tp,fp,fn,tn
ecol-SAMN15148005,0.875,0.7169811320754716,0.3181818181818182,0.7377049180327869,0.4666666666666667,7,15,1,38
