isolate,recall,specificity,precision,accuracy,f1_score,tp,fp,fn,tn
ecol-SAMN15148328,0.7246376811594203,0.8947368421052632,0.9615384615384616,0.7613636363636364,0.8264462809917356,50,2,19,17
