isolate,recall,specificity,precision,accuracy,f1_score,tp,fp,fn,tn
ecol-SAMN15148648,0.90625,0.5704225352112676,0.32222222222222224,0.632183908045977,0.4754098360655738,29,61,3,81
