isolate,recall,specificity,precision,accuracy,f1_score,tp,fp,fn,tn
ecol-SAMN15148714,1.0,0.6842105263157895,0.07692307692307693,0.6923076923076923,0.14285714285714288,1,12,0,26
