isolate,recall,specificity,precision,accuracy,f1_score,tp,fp,fn,tn
ecol-SAMN15148177,0.13302752293577982,0.9444444444444444,0.9830508474576272,0.16519823788546256,0.23434343434343435,58,1,378,17
