isolate,recall,specificity,precision,accuracy,f1_score,tp,fp,fn,tn
ecol-SAMN15148090,0.9024390243902439,0.2277992277992278,0.15611814345991562,0.32,0.2661870503597123,37,200,4,59
