isolate,recall,specificity,precision,accuracy,f1_score,tp,fp,fn,tn
ecol-SAMN15148350,0.22357723577235772,0.9770114942528736,0.9649122807017544,0.42042042042042044,0.36303630363036304,55,2,191,85
