isolate,recall,specificity,precision,accuracy,f1_score,tp,fp,fn,tn
ecol-SAMN15148148,0.6229508196721312,0.875,0.9743589743589743,0.6521739130434783,0.76,38,1,23,7
