isolate,recall,specificity,precision,accuracy,f1_score,tp,fp,fn,tn
ecol-SAMN15148714,1.0,0.2549019607843137,0.012987012987012988,0.2621359223300971,0.025641025641025647,1,76,0,26
