isolate,recall,specificity,precision,accuracy,f1_score,tp,fp,fn,tn
ecol-SAMN15148091,0.7631578947368421,0.8,0.9508196721311475,0.7692307692307693,0.8467153284671532,58,3,18,12
