isolate,recall,specificity,precision,accuracy,f1_score,tp,fp,fn,tn
ecol-SAMN15148100,0.9090909090909091,0.4609375,0.12658227848101267,0.49640287769784175,0.22222222222222224,10,69,1,59
