isolate,recall,specificity,precision,accuracy,f1_score,tp,fp,fn,tn
ecol-SAMN15148701,1.0,0.2920353982300885,0.21568627450980393,0.4074074074074074,0.3548387096774193,22,80,0,33
