isolate,recall,specificity,precision,accuracy,f1_score,tp,fp,fn,tn
ecol-SAMN15148423,0.4859154929577465,0.9666666666666667,0.9857142857142858,0.5697674418604651,0.6509433962264152,69,1,73,29
