isolate,recall,specificity,precision,accuracy,f1_score,tp,fp,fn,tn
ecol-SAMN15148111,0.9493670886075949,0.2751677852348993,0.4098360655737705,0.5087719298245614,0.5725190839694657,75,108,4,41
