isolate,recall,specificity,precision,accuracy,f1_score,tp,fp,fn,tn
ecol-SAMN15148267,0.5373134328358209,0.9666666666666667,0.9863013698630136,0.6158536585365854,0.6956521739130435,72,1,62,29
