isolate,recall,specificity,precision,accuracy,f1_score,tp,fp,fn,tn
ecol-SAMN15148388,0.8125,0.6081081081081081,0.4727272727272727,0.6698113207547169,0.5977011494252874,26,29,6,45
