isolate,recall,specificity,precision,accuracy,f1_score,tp,fp,fn,tn
ecol-SAMN15148218,1.0,0.24836601307189543,0.15441176470588236,0.3390804597701149,0.26751592356687903,21,115,0,38
