isolate,recall,specificity,precision,accuracy,f1_score,tp,fp,fn,tn
ecol-SAMN15148426,0.9797297297297297,0.5098039215686274,0.6590909090909091,0.7408637873754153,0.7880434782608695,145,75,3,78
