isolate,recall,specificity,precision,accuracy,f1_score,tp,fp,fn,tn
ecol-SAMN15148112,0.38028169014084506,0.9655172413793104,0.9642857142857143,0.55,0.5454545454545454,27,1,44,28
