isolate,recall,specificity,precision,accuracy,f1_score,tp,fp,fn,tn
ecol-SAMN15147972,0.7291666666666666,0.8888888888888888,0.9722222222222222,0.7543859649122807,0.8333333333333333,70,2,26,16
