isolate,recall,specificity,precision,accuracy,f1_score,tp,fp,fn,tn
ecol-SAMN15148093,0.8,0.4117647058823529,0.11764705882352941,0.44642857142857145,0.20512820512820512,4,30,1,21
