isolate,recall,specificity,precision,accuracy,f1_score,tp,fp,fn,tn
ecol-SAMN15148360,0.8125,0.5,0.9512195121951219,0.7884615384615384,0.8764044943820225,39,2,9,2
