isolate,recall,specificity,precision,accuracy,f1_score,tp,fp,fn,tn
ecol-SAMN15148039,0.6521739130434783,1.0,1.0,0.6595744680851063,0.7894736842105263,30,0,16,1
