isolate,recall,specificity,precision,accuracy,f1_score,tp,fp,fn,tn
ecol-SAMN15148605,0.5233644859813084,1.0,1.0,0.5714285714285714,0.6871165644171778,56,0,51,12
