isolate,recall,specificity,precision,accuracy,f1_score,tp,fp,fn,tn
ecol-SAMN15148177,0.9411764705882353,0.5043478260869565,0.2191780821917808,0.5606060606060606,0.35555555555555557,16,57,1,58
