isolate,recall,specificity,precision,accuracy,f1_score,tp,fp,fn,tn
ecol-SAMN15147970,0.9919354838709677,0.27941176470588236,0.38557993730407525,0.5025252525252525,0.5553047404063205,123,196,1,76
