isolate,recall,specificity,precision,accuracy,f1_score,tp,fp,fn,tn
ecol-SAMN15147983,0.95,0.37037037037037035,0.3584905660377358,0.527027027027027,0.5205479452054794,38,68,2,40
