isolate,recall,specificity,precision,accuracy,f1_score,tp,fp,fn,tn
ecol-SAMN15148273,1.0,0.3977272727272727,0.027522935779816515,0.40782122905027934,0.05357142857142857,3,106,0,70
