isolate,recall,specificity,precision,accuracy,f1_score,tp,fp,fn,tn
ecol-SAMN15148070,0.2422680412371134,1.0,1.0,0.25380710659898476,0.3900414937759336,47,0,147,3
