isolate,recall,specificity,precision,accuracy,f1_score,tp,fp,fn,tn
ecol-SAMN15148515,1.0,0.5961538461538461,0.4473684210526316,0.6956521739130435,0.6181818181818182,17,21,0,31
