isolate,recall,specificity,precision,accuracy,f1_score,tp,fp,fn,tn
ecol-SAMN15148732,0.6176470588235294,0.8888888888888888,0.9767441860465116,0.6493506493506493,0.7567567567567568,42,1,26,8
