isolate,recall,specificity,precision,accuracy,f1_score,tp,fp,fn,tn
ecol-SAMN15148349,1.0,0.7073170731707317,0.2,0.7272727272727273,0.33333333333333337,3,12,0,29
