isolate,recall,specificity,precision,accuracy,f1_score,tp,fp,fn,tn
ecol-SAMN15148268,0.6964285714285714,0.8,0.975,0.7049180327868853,0.8125,39,1,17,4
