isolate,recall,specificity,precision,accuracy,f1_score,tp,fp,fn,tn
ecol-SAMN15148548,0.7090909090909091,0.8571428571428571,0.975,0.7258064516129032,0.8210526315789474,39,1,16,6
