isolate,recall,specificity,precision,accuracy,f1_score,tp,fp,fn,tn
ecol-SAMN15148218,1.0,0.6666666666666666,0.32142857142857145,0.7121212121212122,0.4864864864864865,9,19,0,38
