isolate,recall,specificity,precision,accuracy,f1_score,tp,fp,fn,tn
ecol-SAMN15148136,0.21333333333333335,0.9797979797979798,0.9696969696969697,0.40350877192982454,0.34972677595628415,64,2,236,97
