isolate,recall,specificity,precision,accuracy,f1_score,tp,fp,fn,tn
ecol-SAMN15148177,0.975,0.14009661835748793,0.09873417721518987,0.21365638766519823,0.1793103448275862,39,356,1,58
