isolate,recall,specificity,precision,accuracy,f1_score,tp,fp,fn,tn
ecol-SAMN15148149,1.0,0.42857142857142855,0.018867924528301886,0.43478260869565216,0.037037037037037035,1,52,0,39
