isolate,recall,specificity,precision,accuracy,f1_score,tp,fp,fn,tn
ecol-SAMN15148024,1.0,0.07671957671957672,0.019662921348314606,0.09350649350649351,0.03856749311294766,7,349,0,29
