isolate,recall,specificity,precision,accuracy,f1_score,tp,fp,fn,tn
ecol-SAMN15148720,0.5740740740740741,1.0,1.0,0.5892857142857143,0.7294117647058824,31,0,23,2
