isolate,recall,specificity,precision,accuracy,f1_score,tp,fp,fn,tn
ecol-SAMN15148218,0.24516129032258063,1.0,1.0,0.3275862068965517,0.39378238341968913,38,0,117,19
