isolate,recall,specificity,precision,accuracy,f1_score,tp,fp,fn,tn
ecol-SAMN15148397,0.3034825870646766,0.8571428571428571,0.9838709677419355,0.32211538461538464,0.46387832699619774,61,1,140,6
