isolate,recall,specificity,precision,accuracy,f1_score,tp,fp,fn,tn
ecol-SAMN15148387,0.8846153846153846,0.7063492063492064,0.38333333333333336,0.7368421052631579,0.5348837209302326,23,37,3,89
