isolate,recall,specificity,precision,accuracy,f1_score,tp,fp,fn,tn
ecol-SAMN15148267,0.9523809523809523,0.8,0.5263157894736842,0.8288288288288288,0.6779661016949152,20,18,1,72
