isolate,recall,specificity,precision,accuracy,f1_score,tp,fp,fn,tn
ecol-SAMN15148139,0.875,0.7096774193548387,0.5384615384615384,0.7558139534883721,0.6666666666666667,21,18,3,44
