isolate,recall,specificity,precision,accuracy,f1_score,tp,fp,fn,tn
ecol-SAMN15148136,0.6,0.9565217391304348,0.9692307692307692,0.7086092715231788,0.7411764705882353,63,2,42,44
