isolate,recall,specificity,precision,accuracy,f1_score,tp,fp,fn,tn
ecol-SAMN15148016,0.9791666666666666,0.3305785123966942,0.3671875,0.514792899408284,0.5340909090909091,47,81,1,40
