isolate,recall,specificity,precision,accuracy,f1_score,tp,fp,fn,tn
ecol-SAMN15148570,1.0,0.19444444444444445,0.02247191011235955,0.20909090909090908,0.04395604395604395,4,174,0,42
