isolate,recall,specificity,precision,accuracy,f1_score,tp,fp,fn,tn
ecol-SAMN15148648,0.3127413127413127,0.9090909090909091,0.9642857142857143,0.3801369863013699,0.47230320699708456,81,3,178,30
