isolate,recall,specificity,precision,accuracy,f1_score,tp,fp,fn,tn
ecol-SAMN15148475,1.0,0.5967741935483871,0.3902439024390244,0.6794871794871795,0.5614035087719299,16,25,0,37
