isolate,recall,specificity,precision,accuracy,f1_score,tp,fp,fn,tn
ecol-SAMN15148627,0.75,0.6590909090909091,0.2857142857142857,0.6730769230769231,0.4137931034482759,6,15,2,29
