isolate,recall,specificity,precision,accuracy,f1_score,tp,fp,fn,tn
ecol-SAMN15148591,0.7608695652173914,0.5,0.9210526315789473,0.7307692307692307,0.8333333333333333,35,3,11,3
