isolate,recall,specificity,precision,accuracy,f1_score,tp,fp,fn,tn
ecol-SAMN15148149,1.0,0.7959183673469388,0.09090909090909091,0.8,0.16666666666666669,1,10,0,39
