isolate,recall,specificity,precision,accuracy,f1_score,tp,fp,fn,tn
ecol-SAMN15148701,0.2727272727272727,1.0,1.0,0.34814814814814815,0.42857142857142855,33,0,88,14
