isolate,recall,specificity,precision,accuracy,f1_score,tp,fp,fn,tn
ecol-SAMN15148229,1.0,0.717391304347826,0.6388888888888888,0.8115942028985508,0.7796610169491525,23,13,0,33
