isolate,recall,specificity,precision,accuracy,f1_score,tp,fp,fn,tn
ecol-SAMN15148596,0.532258064516129,1.0,1.0,0.6777777777777778,0.6947368421052631,33,0,29,28
