isolate,recall,specificity,precision,accuracy,f1_score,tp,fp,fn,tn
ecol-SAMN15148127,0.9743589743589743,0.6944444444444444,0.6333333333333333,0.7927927927927928,0.7676767676767675,38,22,1,50
