isolate,recall,specificity,precision,accuracy,f1_score,tp,fp,fn,tn
ecol-SAMN15148089,0.9047619047619048,0.21923076923076923,0.15767634854771784,0.31456953642384106,0.2685512367491166,38,203,4,57
