isolate,recall,specificity,precision,accuracy,f1_score,tp,fp,fn,tn
ecol-SAMN15148359,0.7058823529411765,1.0,1.0,0.7222222222222222,0.8275862068965517,24,0,10,2
