isolate,recall,specificity,precision,accuracy,f1_score,tp,fp,fn,tn
ecol-SAMN15148093,0.4230769230769231,1.0,1.0,0.4642857142857143,0.5945945945945945,22,0,30,4
