isolate,recall,specificity,precision,accuracy,f1_score,tp,fp,fn,tn
ecol-SAMN15148720,0.23484848484848486,1.0,1.0,0.2462686567164179,0.3803680981595092,31,0,101,2
