isolate,recall,specificity,precision,accuracy,f1_score,tp,fp,fn,tn
ecol-SAMN15147990,1.0,0.813953488372093,0.1111111111111111,0.8181818181818182,0.19999999999999998,1,8,0,35
