isolate,recall,specificity,precision,accuracy,f1_score,tp,fp,fn,tn
ecol-SAMN15148102,0.7857142857142857,0.5138888888888888,0.2391304347826087,0.5581395348837209,0.36666666666666664,11,35,3,37
