isolate,recall,specificity,precision,accuracy,f1_score,tp,fp,fn,tn
ecol-SAMN15148739,0.8571428571428571,0.40441176470588236,0.06896551724137931,0.42657342657342656,0.1276595744680851,6,81,1,55
