isolate,recall,specificity,precision,accuracy,f1_score,tp,fp,fn,tn
ecol-SAMN15148060,0.5434782608695652,0.8181818181818182,0.9259259259259259,0.5964912280701754,0.6849315068493151,25,2,21,9
