isolate,recall,specificity,precision,accuracy,f1_score,tp,fp,fn,tn
ecol-SAMN15148039,1.0,0.1744186046511628,0.0718954248366013,0.22404371584699453,0.13414634146341461,11,142,0,30
