isolate,recall,specificity,precision,accuracy,f1_score,tp,fp,fn,tn
ecol-SAMN15148111,0.2346368715083799,0.9387755102040817,0.9333333333333333,0.38596491228070173,0.375,42,3,137,46
