isolate,recall,specificity,precision,accuracy,f1_score,tp,fp,fn,tn
ecol-SAMN15148426,0.5161290322580645,0.9931506849315068,0.9876543209876543,0.7475083056478405,0.6779661016949152,80,1,75,145
