isolate,recall,specificity,precision,accuracy,f1_score,tp,fp,fn,tn
ecol-SAMN15147970,0.5846153846153846,0.9761904761904762,0.987012987012987,0.6802325581395349,0.7342995169082125,76,1,54,41
