isolate,recall,specificity,precision,accuracy,f1_score,tp,fp,fn,tn
ecol-SAMN15148100,0.43703703703703706,0.75,0.9833333333333333,0.4460431654676259,0.6051282051282052,59,1,76,3
