isolate,recall,specificity,precision,accuracy,f1_score,tp,fp,fn,tn
ecol-SAMN15148433,1.0,0.2753623188405797,0.02912621359223301,0.2907801418439716,0.05660377358490566,3,100,0,38
