isolate,recall,specificity,precision,accuracy,f1_score,tp,fp,fn,tn
ecol-SAMN15148710,0.8235294117647058,0.6304347826086957,0.45161290322580644,0.6825396825396826,0.5833333333333333,14,17,3,29
