isolate,recall,specificity,precision,accuracy,f1_score,tp,fp,fn,tn
ecol-SAMN15148089,0.21481481481481482,0.90625,0.9508196721311475,0.28807947019867547,0.3504531722054381,58,3,212,29
