isolate,recall,specificity,precision,accuracy,f1_score,tp,fp,fn,tn
ecol-SAMN15148397,0.8333333333333334,0.7530864197530864,0.2,0.7586206896551724,0.3225806451612903,5,20,1,61
