isolate,recall,specificity,precision,accuracy,f1_score,tp,fp,fn,tn
ecol-SAMN15148379,0.7083333333333334,1.0,1.0,0.8292682926829268,0.8292682926829268,17,0,7,17
