isolate,recall,specificity,precision,accuracy,f1_score,tp,fp,fn,tn
ecol-SAMN15147977,0.7525773195876289,1.0,1.0,0.7714285714285715,0.8588235294117647,73,0,24,8
