isolate,recall,specificity,precision,accuracy,f1_score,tp,fp,fn,tn
ecol-SAMN15148732,0.8,0.6119402985074627,0.23529411764705882,0.6363636363636364,0.3636363636363636,8,26,2,41
