isolate,recall,specificity,precision,accuracy,f1_score,tp,fp,fn,tn
ecol-SAMN15148391,0.9883720930232558,0.234192037470726,0.20631067961165048,0.36062378167641324,0.34136546184738953,85,327,1,100
