isolate,recall,specificity,precision,accuracy,f1_score,tp,fp,fn,tn
ecol-SAMN15148083,1.0,0.30666666666666664,0.18110236220472442,0.3988439306358382,0.30666666666666664,23,104,0,46
