isolate,recall,specificity,precision,accuracy,f1_score,tp,fp,fn,tn
ecol-SAMN15148093,0.8461538461538461,1.0,1.0,0.8620689655172413,0.9166666666666666,22,0,4,3
