isolate,recall,specificity,precision,accuracy,f1_score,tp,fp,fn,tn
ecol-SAMN15148298,0.7916666666666666,0.7083333333333334,0.40425531914893614,0.725,0.5352112676056338,19,28,5,68
