isolate,recall,specificity,precision,accuracy,f1_score,tp,fp,fn,tn
ecol-SAMN15148054,1.0,0.1390728476821192,0.07142857142857142,0.19254658385093168,0.13333333333333333,10,130,0,21
