isolate,recall,specificity,precision,accuracy,f1_score,tp,fp,fn,tn
ecol-SAMN15148053,0.9166666666666666,0.32231404958677684,0.11827956989247312,0.37593984962406013,0.20952380952380953,11,82,1,39
