isolate,recall,specificity,precision,accuracy,f1_score,tp,fp,fn,tn
ecol-SAMN15148118,0.16262975778546712,1.0,1.0,0.3333333333333333,0.2797619047619047,47,0,242,74
