isolate,recall,specificity,precision,accuracy,f1_score,tp,fp,fn,tn
ecol-SAMN15148591,0.8,0.7872340425531915,0.2857142857142857,0.7884615384615384,0.4210526315789473,4,10,1,37
