isolate,recall,specificity,precision,accuracy,f1_score,tp,fp,fn,tn
ecol-SAMN15147972,0.4409937888198758,0.9285714285714286,0.9726027397260274,0.5132275132275133,0.6068376068376068,71,2,90,26
