isolate,recall,specificity,precision,accuracy,f1_score,tp,fp,fn,tn
ecol-SAMN15148268,0.2484472049689441,0.8571428571428571,0.975609756097561,0.27380952380952384,0.396039603960396,40,1,121,6
