isolate,recall,specificity,precision,accuracy,f1_score,tp,fp,fn,tn
ecol-SAMN15148548,0.8571428571428571,0.7090909090909091,0.2727272727272727,0.7258064516129032,0.41379310344827586,6,16,1,39
