isolate,recall,specificity,precision,accuracy,f1_score,tp,fp,fn,tn
ecol-SAMN15148423,0.9523809523809523,0.7752808988764045,0.5,0.8090909090909091,0.6557377049180327,20,20,1,69
