isolate,recall,specificity,precision,accuracy,f1_score,tp,fp,fn,tn
ecol-SAMN15148475,1.0,0.2624113475177305,0.4926829268292683,0.5702479338842975,0.6601307189542484,101,104,0,37
