isolate,recall,specificity,precision,accuracy,f1_score,tp,fp,fn,tn
ecol-SAMN15148397,0.7530864197530864,0.8333333333333334,0.9838709677419355,0.7586206896551724,0.8531468531468532,61,1,20,5
