isolate,recall,specificity,precision,accuracy,f1_score,tp,fp,fn,tn
ecol-SAMN15148090,0.7777777777777778,0.8787878787878788,0.6363636363636364,0.8571428571428571,0.7000000000000001,14,8,4,58
