isolate,recall,specificity,precision,accuracy,f1_score,tp,fp,fn,tn
ecol-SAMN15148739,0.5,0.7534246575342466,0.05263157894736842,0.7466666666666667,0.09523809523809525,1,18,1,55
