isolate,recall,specificity,precision,accuracy,f1_score,tp,fp,fn,tn
ecol-SAMN15148263,1.0,0.5933333333333334,0.24691358024691357,0.6411764705882353,0.396039603960396,20,61,0,89
