isolate,recall,specificity,precision,accuracy,f1_score,tp,fp,fn,tn
ecol-SAMN15148217,0.2595419847328244,1.0,1.0,0.302158273381295,0.4121212121212121,34,0,97,8
