isolate,recall,specificity,precision,accuracy,f1_score,tp,fp,fn,tn
ecol-SAMN15148426,0.7476635514018691,0.9696969696969697,0.9876543209876543,0.8,0.8510638297872339,80,1,27,32
