isolate,recall,specificity,precision,accuracy,f1_score,tp,fp,fn,tn
ecol-SAMN15148060,1.0,0.10112359550561797,0.09090909090909091,0.17525773195876287,0.16666666666666669,24,240,0,27
