isolate,recall,specificity,precision,accuracy,f1_score,tp,fp,fn,tn
ecol-SAMN15148350,0.918918918918919,0.6666666666666666,0.5573770491803278,0.7457627118644068,0.6938775510204082,34,27,3,54
