isolate,recall,specificity,precision,accuracy,f1_score,tp,fp,fn,tn
ecol-SAMN15148482,0.9230769230769231,0.6896551724137931,0.5714285714285714,0.7619047619047619,0.7058823529411765,48,36,4,80
