isolate,recall,specificity,precision,accuracy,f1_score,tp,fp,fn,tn
ecol-SAMN15148461,1.0,0.2222222222222222,0.022058823529411766,0.23563218390804597,0.04316546762589929,3,133,0,38
