isolate,recall,specificity,precision,accuracy,f1_score,tp,fp,fn,tn
ecol-SAMN15147963,0.42735042735042733,1.0,1.0,0.4846153846153846,0.5988023952095808,50,0,67,13
