isolate,recall,specificity,precision,accuracy,f1_score,tp,fp,fn,tn
ecol-SAMN15148547,0.3229166666666667,1.0,1.0,0.3627450980392157,0.4881889763779528,31,0,65,6
