isolate,recall,specificity,precision,accuracy,f1_score,tp,fp,fn,tn
ecol-SAMN15148593,1.0,0.5970149253731343,0.35714285714285715,0.6707317073170732,0.5263157894736842,15,27,0,40
