isolate,recall,specificity,precision,accuracy,f1_score,tp,fp,fn,tn
ecol-SAMN15148089,0.8636363636363636,0.8421052631578947,0.95,0.8588235294117647,0.9047619047619048,57,3,9,16
