isolate,recall,specificity,precision,accuracy,f1_score,tp,fp,fn,tn
ecol-SAMN15148089,0.8095238095238095,0.875,0.68,0.8588235294117647,0.7391304347826089,17,8,4,56
