isolate,recall,specificity,precision,accuracy,f1_score,tp,fp,fn,tn
ecol-SAMN15148083,0.7796610169491526,1.0,1.0,0.8142857142857143,0.8761904761904762,46,0,13,11
