isolate,recall,specificity,precision,accuracy,f1_score,tp,fp,fn,tn
ecol-SAMN15148563,1.0,0.6976744186046512,0.43478260869565216,0.7547169811320755,0.6060606060606061,10,13,0,30
