isolate,recall,specificity,precision,accuracy,f1_score,tp,fp,fn,tn
ecol-SAMN15148100,0.8055555555555556,0.6666666666666666,0.9830508474576272,0.8,0.8854961832061069,58,1,14,2
