isolate,recall,specificity,precision,accuracy,f1_score,tp,fp,fn,tn
ecol-SAMN15147997,1.0,0.3020833333333333,0.04285714285714286,0.32323232323232326,0.0821917808219178,3,67,0,29
