isolate,recall,specificity,precision,accuracy,f1_score,tp,fp,fn,tn
ecol-SAMN15147983,0.7692307692307693,0.9444444444444444,0.975609756097561,0.8142857142857143,0.860215053763441,40,1,12,17
