isolate,recall,specificity,precision,accuracy,f1_score,tp,fp,fn,tn
ecol-SAMN15148091,0.2744186046511628,0.8846153846153846,0.9516129032258065,0.34024896265560167,0.42599277978339356,59,3,156,23
