isolate,recall,specificity,precision,accuracy,f1_score,tp,fp,fn,tn
ecol-SAMN15148423,0.9777777777777777,0.5433070866141733,0.43137254901960786,0.6569767441860465,0.5986394557823129,44,58,1,69
