isolate,recall,specificity,precision,accuracy,f1_score,tp,fp,fn,tn
ecol-SAMN15148379,1.0,0.7083333333333334,0.7083333333333334,0.8292682926829268,0.8292682926829268,17,7,0,17
