isolate,recall,specificity,precision,accuracy,f1_score,tp,fp,fn,tn
ecol-SAMN15148379,1.0,0.13533834586466165,0.4748858447488584,0.5147679324894515,0.6439628482972136,104,115,0,18
