isolate,recall,specificity,precision,accuracy,f1_score,tp,fp,fn,tn
ecol-SAMN15148331,1.0,0.2345679012345679,0.1388888888888889,0.31868131868131866,0.24390243902439027,10,62,0,19
