isolate,recall,specificity,precision,accuracy,f1_score,tp,fp,fn,tn
ecol-SAMN15147963,1.0,0.44642857142857145,0.225,0.5230769230769231,0.36734693877551017,18,62,0,50
