isolate,recall,specificity,precision,accuracy,f1_score,tp,fp,fn,tn
ecol-SAMN15148349,1.0,0.5,0.11428571428571428,0.5303030303030303,0.20512820512820512,4,31,0,31
