isolate,recall,specificity,precision,accuracy,f1_score,tp,fp,fn,tn
ecol-SAMN15148351,0.8333333333333334,0.6133333333333333,0.14705882352941177,0.6296296296296297,0.25,5,29,1,46
