isolate,recall,specificity,precision,accuracy,f1_score,tp,fp,fn,tn
ecol-SAMN15148112,0.9655172413793104,0.38028169014084506,0.3888888888888889,0.55,0.5544554455445544,28,44,1,27
