isolate,recall,specificity,precision,accuracy,f1_score,tp,fp,fn,tn
ecol-SAMN15148228,0.9444444444444444,0.1776061776061776,0.07391304347826087,0.22743682310469315,0.13709677419354838,17,213,1,46
