isolate,recall,specificity,precision,accuracy,f1_score,tp,fp,fn,tn
ecol-SAMN15148053,0.8333333333333334,0.7959183673469388,0.3333333333333333,0.8,0.47619047619047616,5,10,1,39
