isolate,recall,specificity,precision,accuracy,f1_score,tp,fp,fn,tn
ecol-SAMN15148207,0.7435897435897436,0.875,0.9666666666666667,0.7659574468085106,0.8405797101449275,29,1,10,7
