isolate,recall,specificity,precision,accuracy,f1_score,tp,fp,fn,tn
ecol-SAMN15148049,0.6785714285714286,0.8,0.9827586206896551,0.6853932584269663,0.8028169014084507,57,1,27,4
