isolate,recall,specificity,precision,accuracy,f1_score,tp,fp,fn,tn
ecol-SAMN15148328,0.46296296296296297,0.9310344827586207,0.9615384615384616,0.5620437956204379,0.625,50,2,58,27
