isolate,recall,specificity,precision,accuracy,f1_score,tp,fp,fn,tn
ecol-SAMN15148127,0.9901960784313726,0.19011406844106463,0.321656050955414,0.4136986301369863,0.485576923076923,101,213,1,50
