isolate,recall,specificity,precision,accuracy,f1_score,tp,fp,fn,tn
ecol-SAMN15148591,0.33653846153846156,0.8333333333333334,0.9210526315789473,0.4098360655737705,0.49295774647887325,35,3,69,15
