isolate,recall,specificity,precision,accuracy,f1_score,tp,fp,fn,tn
ecol-SAMN15148118,0.5949367088607594,1.0,1.0,0.7090909090909091,0.7460317460317459,47,0,32,31
