isolate,recall,specificity,precision,accuracy,f1_score,tp,fp,fn,tn
ecol-SAMN15148228,0.8571428571428571,0.7419354838709677,0.2727272727272727,0.7536231884057971,0.41379310344827586,6,16,1,46
