isolate,recall,specificity,precision,accuracy,f1_score,tp,fp,fn,tn
ecol-SAMN15148136,0.9454545454545454,0.6458333333333334,0.6046511627906976,0.7549668874172185,0.7375886524822693,52,34,3,62
