isolate,recall,specificity,precision,accuracy,f1_score,tp,fp,fn,tn
ecol-SAMN15148423,0.75,0.9444444444444444,0.9857142857142858,0.7818181818181819,0.8518518518518519,69,1,23,17
