isolate,recall,specificity,precision,accuracy,f1_score,tp,fp,fn,tn
ecol-SAMN15147962,0.75,0.8888888888888888,0.9807692307692307,0.7662337662337663,0.8499999999999999,51,1,17,8
