isolate,recall,specificity,precision,accuracy,f1_score,tp,fp,fn,tn
ecol-SAMN15148070,1.0,0.734375,0.15,0.746268656716418,0.2608695652173913,3,17,0,47
