isolate,recall,specificity,precision,accuracy,f1_score,tp,fp,fn,tn
ecol-SAMN15148720,1.0,0.24031007751937986,0.04854368932038835,0.26865671641791045,0.09259259259259259,5,98,0,31
