isolate,recall,specificity,precision,accuracy,f1_score,tp,fp,fn,tn
ecol-SAMN15148350,0.6470588235294118,0.9393939393939394,0.9649122807017544,0.7288135593220338,0.7746478873239437,55,2,30,31
