isolate,recall,specificity,precision,accuracy,f1_score,tp,fp,fn,tn
ecol-SAMN15147983,0.3418803418803419,0.9354838709677419,0.9523809523809523,0.46621621621621623,0.5031446540880503,40,2,77,29
