isolate,recall,specificity,precision,accuracy,f1_score,tp,fp,fn,tn
ecol-SAMN15148627,0.8571428571428571,0.14705882352941177,0.06451612903225806,0.1926605504587156,0.12,12,174,2,30
