isolate,recall,specificity,precision,accuracy,f1_score,tp,fp,fn,tn
ecol-SAMN15148025,1.0,0.6666666666666666,0.45,0.7380952380952381,0.6206896551724138,9,11,0,22
