isolate,recall,specificity,precision,accuracy,f1_score,tp,fp,fn,tn
ecol-SAMN15148091,0.8947368421052632,0.2857142857142857,0.18994413407821228,0.3817427385892116,0.31336405529953915,34,145,4,58
