isolate,recall,specificity,precision,accuracy,f1_score,tp,fp,fn,tn
ecol-SAMN15148391,0.22075055187637968,0.9833333333333333,0.9900990099009901,0.30994152046783624,0.3610108303249097,100,1,353,59
