isolate,recall,specificity,precision,accuracy,f1_score,tp,fp,fn,tn
ecol-SAMN15148648,0.9538461538461539,0.3568281938325991,0.2980769230769231,0.4897260273972603,0.4542124542124542,62,146,3,81
