isolate,recall,specificity,precision,accuracy,f1_score,tp,fp,fn,tn
ecol-SAMN15148102,0.6666666666666666,0.7254901960784313,0.2222222222222222,0.7192982456140351,0.3333333333333333,4,14,2,37
