isolate,recall,specificity,precision,accuracy,f1_score,tp,fp,fn,tn
ecol-SAMN15148362,1.0,0.21511627906976744,0.014598540145985401,0.22413793103448276,0.028776978417266185,2,135,0,37
