isolate,recall,specificity,precision,accuracy,f1_score,tp,fp,fn,tn
ecol-SAMN15148591,0.9411764705882353,0.3523809523809524,0.19047619047619047,0.4344262295081967,0.3168316831683168,16,68,1,37
