isolate,recall,specificity,precision,accuracy,f1_score,tp,fp,fn,tn
ecol-SAMN15148099,0.7454545454545455,0.5,0.9534883720930233,0.7288135593220338,0.8367346938775511,41,2,14,2
