isolate,recall,specificity,precision,accuracy,f1_score,tp,fp,fn,tn
ecol-SAMN15147972,0.9,0.7446808510638298,0.42857142857142855,0.7719298245614035,0.5806451612903225,18,24,2,70
