isolate,recall,specificity,precision,accuracy,f1_score,tp,fp,fn,tn
ecol-SAMN15147977,1.0,0.4591194968553459,0.1650485436893204,0.5113636363636364,0.2833333333333334,17,86,0,73
