isolate,recall,specificity,precision,accuracy,f1_score,tp,fp,fn,tn
ecol-SAMN15148118,1.0,0.17938931297709923,0.31962025316455694,0.40771349862258954,0.4844124700239808,101,215,0,47
