isolate,recall,specificity,precision,accuracy,f1_score,tp,fp,fn,tn
ecol-SAMN15148138,0.9310344827586207,0.29770992366412213,0.226890756302521,0.4125,0.36486486486486486,27,92,2,39
