isolate,recall,specificity,precision,accuracy,f1_score,tp,fp,fn,tn
ecol-SAMN15148215,1.0,0.43564356435643564,0.27848101265822783,0.5365853658536586,0.43564356435643564,22,57,0,44
