isolate,recall,specificity,precision,accuracy,f1_score,tp,fp,fn,tn
ecol-SAMN15148229,1.0,0.39285714285714285,0.4069767441860465,0.5714285714285714,0.5785123966942148,35,51,0,33
