isolate,recall,specificity,precision,accuracy,f1_score,tp,fp,fn,tn
ecol-SAMN15148037,1.0,0.627906976744186,0.1111111111111111,0.6444444444444445,0.19999999999999998,2,16,0,27
