isolate,recall,specificity,precision,accuracy,f1_score,tp,fp,fn,tn
ecol-SAMN15147970,0.98,0.6229508196721312,0.5157894736842106,0.7267441860465116,0.6758620689655174,49,46,1,76
