isolate,recall,specificity,precision,accuracy,f1_score,tp,fp,fn,tn
ecol-SAMN15148121,0.23448275862068965,0.9,0.9714285714285714,0.27741935483870966,0.3777777777777778,34,1,111,9
