isolate,recall,specificity,precision,accuracy,f1_score,tp,fp,fn,tn
ecol-SAMN15148391,0.9696969696969697,0.5555555555555556,0.2857142857142857,0.6197183098591549,0.44137931034482764,32,80,1,100
