isolate,recall,specificity,precision,accuracy,f1_score,tp,fp,fn,tn
ecol-SAMN15148138,0.3037037037037037,1.0,1.0,0.4125,0.4659090909090909,41,0,94,25
