isolate,recall,specificity,precision,accuracy,f1_score,tp,fp,fn,tn
ecol-SAMN15148267,0.9767441860465116,0.5950413223140496,0.46153846153846156,0.6951219512195121,0.626865671641791,42,49,1,72
