isolate,recall,specificity,precision,accuracy,f1_score,tp,fp,fn,tn
ecol-SAMN15148215,1.0,0.7586206896551724,0.5,0.8055555555555556,0.6666666666666666,14,14,0,44
