isolate,recall,specificity,precision,accuracy,f1_score,tp,fp,fn,tn
ecol-SAMN15148314,1.0,0.2719298245614035,0.056818181818181816,0.3025210084033613,0.1075268817204301,5,83,0,31
