isolate,recall,specificity,precision,accuracy,f1_score,tp,fp,fn,tn
ecol-SAMN15147983,0.9444444444444444,0.7692307692307693,0.5862068965517241,0.8142857142857143,0.7234042553191489,17,12,1,40
