isolate,recall,specificity,precision,accuracy,f1_score,tp,fp,fn,tn
koxy-SAMN15148463,1.0,0.7241379310344828,0.7142857142857143,0.8367346938775511,0.8333333333333333,100,40,0,105
