isolate,recall,specificity,precision,accuracy,f1_score,tp,fp,fn,tn
koxy-SAMN15148459,0.8947368421052632,0.9066666666666666,0.9357798165137615,0.8994708994708994,0.9147982062780269,102,7,12,68
