isolate,recall,specificity,precision,accuracy,f1_score,tp,fp,fn,tn
koxy-SAMN15148636,0.7,0.8461538461538461,0.21212121212121213,0.8379888268156425,0.3255813953488372,7,26,3,143
