isolate,recall,specificity,precision,accuracy,f1_score,tp,fp,fn,tn
koxy-SAMN15148529,0.872093023255814,1.0,1.0,0.8921568627450981,0.9316770186335404,75,0,11,16
