isolate,recall,specificity,precision,accuracy,f1_score,tp,fp,fn,tn
koxy-SAMN15148459,0.975609756097561,0.7570093457943925,0.7547169811320755,0.8518518518518519,0.851063829787234,80,26,2,81
