isolate,recall,specificity,precision,accuracy,f1_score,tp,fp,fn,tn
koxy-SAMN15148174,0.8803418803418803,0.8421052631578947,0.9716981132075472,0.875,0.9237668161434976,103,3,14,16
