isolate,recall,specificity,precision,accuracy,f1_score,tp,fp,fn,tn
koxy-SAMN15148681,0.6521739130434783,0.88,0.45454545454545453,0.8497109826589595,0.5357142857142857,15,18,8,132
