isolate,recall,specificity,precision,accuracy,f1_score,tp,fp,fn,tn
koxy-SAMN15148657,0.7246376811594203,1.0,1.0,0.7803468208092486,0.8403361344537814,100,0,38,35
