isolate,recall,specificity,precision,accuracy,f1_score,tp,fp,fn,tn
koxy-SAMN15148592,0.8580246913580247,0.8780487804878049,0.9652777777777778,0.8620689655172413,0.9084967320261438,139,5,23,36
