isolate,recall,specificity,precision,accuracy,f1_score,tp,fp,fn,tn
koxy-SAMN15148716,0.8,0.7446808510638298,0.35714285714285715,0.7530120481927711,0.4938271604938272,20,36,5,105
