isolate,recall,specificity,precision,accuracy,f1_score,tp,fp,fn,tn
koxy-SAMN15148716,1.0,0.8742138364779874,0.25925925925925924,0.8795180722891566,0.4117647058823529,7,20,0,139
