isolate,recall,specificity,precision,accuracy,f1_score,tp,fp,fn,tn
koxy-SAMN15148527,0.9166666666666666,0.961038961038961,0.7857142857142857,0.9550561797752809,0.8461538461538461,11,3,1,74
