isolate,recall,specificity,precision,accuracy,f1_score,tp,fp,fn,tn
koxy-SAMN15148681,0.7403846153846154,0.7246376811594203,0.8020833333333334,0.7341040462427746,0.77,77,19,27,50
