isolate,recall,specificity,precision,accuracy,f1_score,tp,fp,fn,tn
koxy-SAMN15148287,0.8125,0.9642857142857143,0.9904761904761905,0.8397435897435898,0.8927038626609443,104,1,24,27
