isolate,recall,specificity,precision,accuracy,f1_score,tp,fp,fn,tn
koxy-SAMN15148681,0.9347826086956522,0.7160493827160493,0.7889908256880734,0.8323699421965318,0.855721393034826,86,23,6,58
