isolate,recall,specificity,precision,accuracy,f1_score,tp,fp,fn,tn
koxy-SAMN15148592,1.0,0.7727272727272727,0.5833333333333334,0.8275862068965517,0.7368421052631579,49,35,0,119
