isolate,recall,specificity,precision,accuracy,f1_score,tp,fp,fn,tn
koxy-SAMN15148673,0.9130434782608695,0.8611111111111112,0.9438202247191011,0.8984375,0.9281767955801105,84,5,8,31
