isolate,recall,specificity,precision,accuracy,f1_score,tp,fp,fn,tn
koxy-SAMN15148636,0.9375,0.5034013605442177,0.2912621359223301,0.5810055865921788,0.4444444444444445,30,73,2,74
