isolate,recall,specificity,precision,accuracy,f1_score,tp,fp,fn,tn
koxy-SAMN15148647,0.2222222222222222,0.9759036144578314,0.5,0.9021739130434783,0.30769230769230765,2,2,7,81
