isolate,recall,specificity,precision,accuracy,f1_score,tp,fp,fn,tn
koxy-SAMN15148522,1.0,0.7441860465116279,0.9185185185185185,0.9341317365269461,0.9575289575289575,248,22,0,64
