isolate,recall,specificity,precision,accuracy,f1_score,tp,fp,fn,tn
koxy-SAMN15148604,1.0,0.42748091603053434,0.691358024691358,0.7491638795986622,0.8175182481751825,168,75,0,56
