isolate,recall,specificity,precision,accuracy,f1_score,tp,fp,fn,tn
koxy-SAMN15148673,0.9565217391304348,0.8780487804878049,0.8148148148148148,0.90625,0.8800000000000001,44,10,2,72
