isolate,recall,specificity,precision,accuracy,f1_score,tp,fp,fn,tn
koxy-SAMN15148716,0.8851351351351351,0.8888888888888888,0.9849624060150376,0.8855421686746988,0.9323843416370107,131,2,17,16
