isolate,recall,specificity,precision,accuracy,f1_score,tp,fp,fn,tn
koxy-SAMN15148463,0.8181818181818182,0.8878923766816144,0.4186046511627907,0.8816326530612245,0.5538461538461539,18,25,4,198
