isolate,recall,specificity,precision,accuracy,f1_score,tp,fp,fn,tn
koxy-SAMN15148741,0.84,0.7029702970297029,0.6363636363636364,0.7553516819571865,0.7241379310344828,105,60,20,142
