isolate,recall,specificity,precision,accuracy,f1_score,tp,fp,fn,tn
koxy-SAMN15148609,0.85,0.8888888888888888,0.5,0.884393063583815,0.6296296296296295,17,17,3,136
