isolate,recall,specificity,precision,accuracy,f1_score,tp,fp,fn,tn
koxy-SAMN15148531,0.8764044943820225,0.8,0.9629629629629629,0.8653846153846154,0.9176470588235294,78,3,11,12
