isolate,recall,specificity,precision,accuracy,f1_score,tp,fp,fn,tn
koxy-SAMN15148651,0.7727272727272727,0.9319371727748691,0.5666666666666667,0.9154929577464789,0.6538461538461539,17,13,5,178
