isolate,recall,specificity,precision,accuracy,f1_score,tp,fp,fn,tn
koxy-SAMN15148531,0.95,0.7619047619047619,0.48717948717948717,0.7980769230769231,0.6440677966101694,19,20,1,64
