isolate,recall,specificity,precision,accuracy,f1_score,tp,fp,fn,tn
koxy-SAMN15148647,0.9883720930232558,0.16666666666666666,0.9444444444444444,0.9347826086956522,0.9659090909090908,85,5,1,1
