isolate,recall,specificity,precision,accuracy,f1_score,tp,fp,fn,tn
koxy-SAMN15148287,1.0,0.7795275590551181,0.5087719298245614,0.8205128205128205,0.6744186046511628,29,28,0,99
