isolate,recall,specificity,precision,accuracy,f1_score,tp,fp,fn,tn
koxy-SAMN15148741,0.956140350877193,0.7575757575757576,0.9008264462809917,0.8960244648318043,0.927659574468085,218,24,10,75
