isolate,recall,specificity,precision,accuracy,f1_score,tp,fp,fn,tn
koxy-SAMN15148636,0.6624203821656051,0.8181818181818182,0.9629629629629629,0.6815642458100558,0.7849056603773584,104,4,53,18
