isolate,recall,specificity,precision,accuracy,f1_score,tp,fp,fn,tn
koxy-SAMN15148669,0.984375,0.6822429906542056,0.8811188811188811,0.8953168044077136,0.9298892988929889,252,34,4,73
