isolate,recall,specificity,precision,accuracy,f1_score,tp,fp,fn,tn
koxy-SAMN15148529,1.0,0.9896907216494846,0.8333333333333334,0.9901960784313726,0.9090909090909091,5,1,0,96
