isolate,recall,specificity,precision,accuracy,f1_score,tp,fp,fn,tn
koxy-SAMN15148669,0.75,0.920704845814978,0.85,0.8567493112947658,0.7968749999999999,102,18,34,209
