isolate,recall,specificity,precision,accuracy,f1_score,tp,fp,fn,tn
koxy-SAMN15148529,1.0,0.8518518518518519,0.6363636363636364,0.8823529411764706,0.7777777777777778,21,12,0,69
