isolate,recall,specificity,precision,accuracy,f1_score,tp,fp,fn,tn
koxy-SAMN15148741,0.6153846153846154,0.7807308970099668,0.1951219512195122,0.7675840978593272,0.29629629629629634,16,66,10,235
