isolate,recall,specificity,precision,accuracy,f1_score,tp,fp,fn,tn
koxy-SAMN15148604,0.6,0.8686131386861314,0.29411764705882354,0.8461538461538461,0.3947368421052632,15,36,10,238
