isolate,recall,specificity,precision,accuracy,f1_score,tp,fp,fn,tn
koxy-SAMN15148734,0.7788944723618091,0.956989247311828,0.9748427672955975,0.8356164383561644,0.8659217877094972,155,4,44,89
