isolate,recall,specificity,precision,accuracy,f1_score,tp,fp,fn,tn
koxy-SAMN15148673,0.8,0.940677966101695,0.5333333333333333,0.9296875,0.64,8,7,2,111
