isolate,recall,specificity,precision,accuracy,f1_score,tp,fp,fn,tn
koxy-SAMN15148592,0.25,0.8717948717948718,0.07407407407407407,0.8472906403940886,0.11428571428571428,2,25,6,170
