isolate,recall,specificity,precision,accuracy,f1_score,tp,fp,fn,tn
koxy-SAMN15148609,0.8839285714285714,0.7704918032786885,0.8761061946902655,0.8439306358381503,0.88,99,14,13,47
