isolate,recall,specificity,precision,accuracy,f1_score,tp,fp,fn,tn
koxy-SAMN15148609,0.9629629629629629,0.8260869565217391,0.8297872340425532,0.8901734104046243,0.8914285714285713,78,16,3,76
