isolate,recall,specificity,precision,accuracy,f1_score,tp,fp,fn,tn
koxy-SAMN15148734,0.9920634920634921,0.7650602409638554,0.7621951219512195,0.863013698630137,0.8620689655172414,125,39,1,127
