isolate,recall,specificity,precision,accuracy,f1_score,tp,fp,fn,tn
koxy-SAMN15148463,0.7904191616766467,0.8589743589743589,0.9230769230769231,0.8122448979591836,0.8516129032258065,132,11,35,67
