isolate,recall,specificity,precision,accuracy,f1_score,tp,fp,fn,tn
koxy-SAMN15148734,0.48484848484848486,0.9420849420849421,0.5161290322580645,0.8904109589041096,0.5,16,15,17,244
