isolate,recall,specificity,precision,accuracy,f1_score,tp,fp,fn,tn
koxy-SAMN15148604,0.6538461538461539,0.965034965034965,0.9532710280373832,0.802675585284281,0.7756653992395437,102,5,54,138
