isolate,recall,specificity,precision,accuracy,f1_score,tp,fp,fn,tn
koxy-SAMN15148669,0.6206896551724138,0.9221556886227545,0.4090909090909091,0.8980716253443526,0.49315068493150693,18,26,11,308
