isolate,recall,specificity,precision,accuracy,f1_score,tp,fp,fn,tn
koxy-SAMN15148657,1.0,0.8682634730538922,0.21428571428571427,0.8728323699421965,0.35294117647058826,6,22,0,145
