isolate,recall,specificity,precision,accuracy,f1_score,tp,fp,fn,tn
koxy-SAMN15148522,0.7980769230769231,0.9782608695652174,0.9431818181818182,0.9221556886227545,0.8645833333333335,83,5,21,225
