isolate,recall,specificity,precision,accuracy,f1_score,tp,fp,fn,tn
koxy-SAMN15148459,0.8571428571428571,0.8901098901098901,0.23076923076923078,0.8888888888888888,0.36363636363636365,6,20,1,162
