isolate,recall,specificity,precision,accuracy,f1_score,tp,fp,fn,tn
koxy-SAMN15148173,0.7121212121212122,0.9,0.9791666666666666,0.7368421052631579,0.8245614035087719,94,2,38,18
