isolate,recall,specificity,precision,accuracy,f1_score,tp,fp,fn,tn
koxy-SAMN15148651,0.7851851851851852,0.8974358974358975,0.9298245614035088,0.8262910798122066,0.8514056224899599,106,8,29,70
