isolate,recall,specificity,precision,accuracy,f1_score,tp,fp,fn,tn
koxy-SAMN15148174,1.0,0.7777777777777778,0.4222222222222222,0.8088235294117647,0.59375,19,26,0,91
