isolate,recall,specificity,precision,accuracy,f1_score,tp,fp,fn,tn
koxy-SAMN15148287,1.0,0.967741935483871,0.16666666666666666,0.967948717948718,0.2857142857142857,1,5,0,150
