isolate,recall,specificity,precision,accuracy,f1_score,tp,fp,fn,tn
koxy-SAMN15148522,0.6111111111111112,0.9588607594936709,0.4583333333333333,0.9401197604790419,0.5238095238095238,11,13,7,303
