isolate,recall,specificity,precision,accuracy,f1_score,tp,fp,fn,tn
koxy-SAMN15148173,1.0,0.5984848484848485,0.273972602739726,0.6513157894736842,0.43010752688172044,20,53,0,79
