isolate,recall,specificity,precision,accuracy,f1_score,tp,fp,fn,tn
c_freundii_090,0.9553571428571429,0.25,0.9469026548672567,0.9083333333333333,0.9511111111111111,107,6,5,2
