isolate,recall,specificity,precision,accuracy,f1_score,tp,fp,fn,tn
c_freundii_003,0.8333333333333334,0.8928571428571429,0.859375,0.8666666666666667,0.8461538461538461,55,9,11,75
