isolate,recall,specificity,precision,accuracy,f1_score,tp,fp,fn,tn
c_freundii_007,0.9492753623188406,0.4888888888888889,0.8506493506493507,0.8360655737704918,0.8972602739726028,131,23,7,22
