isolate,recall,specificity,precision,accuracy,f1_score,tp,fp,fn,tn
c_freundii_014,0.6934673366834171,0.7307692307692307,0.9517241379310345,0.6977777777777778,0.8023255813953488,138,7,61,19
