isolate,recall,specificity,precision,accuracy,f1_score,tp,fp,fn,tn
c_freundii_081,0.726027397260274,0.0,0.9814814814814815,0.7162162162162162,0.8346456692913385,53,1,20,0
