isolate,recall,specificity,precision,accuracy,f1_score,tp,fp,fn,tn
c_freundii_031,0.4470588235294118,0.9108910891089109,0.8085106382978723,0.6989247311827957,0.5757575757575757,38,9,47,92
