isolate,recall,specificity,precision,accuracy,f1_score,tp,fp,fn,tn
c_freundii_031,0.9295774647887324,0.5909090909090909,0.88,0.8494623655913979,0.9041095890410958,132,18,10,26
