isolate,recall,specificity,precision,accuracy,f1_score,tp,fp,fn,tn
c_freundii_066,1.0,0.9154929577464789,0.14285714285714285,0.9166666666666666,0.25,1,6,0,65
