isolate,recall,specificity,precision,accuracy,f1_score,tp,fp,fn,tn
c_freundii_053,0.9354838709677419,0.34146341463414637,0.6823529411764706,0.6990291262135923,0.7891156462585035,58,27,4,14
