isolate,recall,specificity,precision,accuracy,f1_score,tp,fp,fn,tn
c_freundii_004,0.8846153846153846,0.7887323943661971,0.6052631578947368,0.8144329896907216,0.71875,23,15,3,56
