isolate,recall,specificity,precision,accuracy,f1_score,tp,fp,fn,tn
c_freundii_026,0.9854014598540146,0.9444444444444444,0.9854014598540146,0.976878612716763,0.9854014598540146,135,2,2,34
