isolate,recall,specificity,precision,accuracy,f1_score,tp,fp,fn,tn
c_freundii_014,0.6,0.8205128205128205,0.33962264150943394,0.7911111111111111,0.4337349397590361,18,35,12,160
