isolate,recall,specificity,precision,accuracy,f1_score,tp,fp,fn,tn
c_freundii_011,0.6666666666666666,0.9487179487179487,0.7142857142857143,0.9032258064516129,0.689655172413793,10,4,5,74
