isolate,recall,specificity,precision,accuracy,f1_score,tp,fp,fn,tn
c_freundii_011,0.9404761904761905,0.5555555555555556,0.9518072289156626,0.9032258064516129,0.9461077844311376,79,4,5,5
