isolate,recall,specificity,precision,accuracy,f1_score,tp,fp,fn,tn
c_freundii_047,0.9454545454545454,,1.0,0.9454545454545454,0.9719626168224299,52,0,3,0
