isolate,recall,specificity,precision,accuracy,f1_score,tp,fp,fn,tn
c_freundii_066,0.9154929577464789,1.0,1.0,0.9166666666666666,0.9558823529411764,65,0,6,1
