isolate,recall,specificity,precision,accuracy,f1_score,tp,fp,fn,tn
c_freundii_038,0.9552238805970149,0.9850746268656716,0.9846153846153847,0.9701492537313433,0.9696969696969696,64,1,3,66
