isolate,recall,specificity,precision,accuracy,f1_score,tp,fp,fn,tn
c_freundii_042,0.8113207547169812,0.855072463768116,0.8113207547169812,0.8360655737704918,0.8113207547169812,43,10,10,59
