isolate,recall,specificity,precision,accuracy,f1_score,tp,fp,fn,tn
c_freundii_043,0.9078014184397163,0.4358974358974359,0.8533333333333334,0.8055555555555556,0.8797250859106529,128,22,13,17
