isolate,recall,specificity,precision,accuracy,f1_score,tp,fp,fn,tn
c_freundii_039,0.7142857142857143,0.9712230215827338,0.7894736842105263,0.9375,0.7500000000000001,15,4,6,135
