isolate,recall,specificity,precision,accuracy,f1_score,tp,fp,fn,tn
c_freundii_024,0.7272727272727273,0.8947368421052632,0.3333333333333333,0.8834355828220859,0.4571428571428572,8,16,3,136
