isolate,recall,specificity,precision,accuracy,f1_score,tp,fp,fn,tn
c_freundii_014,0.9818181818181818,0.5352941176470588,0.40601503759398494,0.6444444444444445,0.5744680851063829,54,79,1,91
