isolate,recall,specificity,precision,accuracy,f1_score,tp,fp,fn,tn
c_freundii_018,0.8970588235294118,0.9333333333333333,0.9838709677419355,0.9036144578313253,0.9384615384615386,61,1,7,14
