isolate,recall,specificity,precision,accuracy,f1_score,tp,fp,fn,tn
c_freundii_068,0.7333333333333333,0.8987341772151899,0.5789473684210527,0.8723404255319149,0.6470588235294117,11,8,4,71
