isolate,recall,specificity,precision,accuracy,f1_score,tp,fp,fn,tn
c_freundii_026,0.8333333333333334,0.9694656488549618,0.8974358974358975,0.9364161849710982,0.8641975308641975,35,4,7,127
