isolate,recall,specificity,precision,accuracy,f1_score,tp,fp,fn,tn
c_freundii_039,0.953125,0.71875,0.9312977099236641,0.90625,0.9420849420849421,122,9,6,23
