isolate,recall,specificity,precision,accuracy,f1_score,tp,fp,fn,tn
c_freundii_053,0.7083333333333334,0.8909090909090909,0.85,0.8058252427184466,0.7727272727272727,34,6,14,49
