isolate,recall,specificity,precision,accuracy,f1_score,tp,fp,fn,tn
c_freundii_024,0.881578947368421,0.36363636363636365,0.950354609929078,0.8466257668711656,0.9146757679180887,134,7,18,4
