isolate,recall,specificity,precision,accuracy,f1_score,tp,fp,fn,tn
c_freundii_024,0.6818181818181818,0.7801418439716312,0.32608695652173914,0.7668711656441718,0.4411764705882353,15,31,7,110
