isolate,recall,specificity,precision,accuracy,f1_score,tp,fp,fn,tn
c_freundii_058,0.9782608695652174,,1.0,0.9782608695652174,0.989010989010989,45,0,1,0
