isolate,recall,specificity,precision,accuracy,f1_score,tp,fp,fn,tn
c_freundii_046,0.8958333333333334,0.8114754098360656,0.6515151515151515,0.8352941176470589,0.7543859649122807,43,23,5,99
