isolate,recall,specificity,precision,accuracy,f1_score,tp,fp,fn,tn
c_freundii_039,0.7547169811320755,0.9252336448598131,0.8333333333333334,0.86875,0.7920792079207922,40,8,13,99
