isolate,recall,specificity,precision,accuracy,f1_score,tp,fp,fn,tn
c_freundii_012,0.6428571428571429,0.8240740740740741,0.32142857142857145,0.8032786885245902,0.4285714285714286,9,19,5,89
