isolate,recall,specificity,precision,accuracy,f1_score,tp,fp,fn,tn
c_freundii_012,0.5,0.9137931034482759,0.23076923076923078,0.8934426229508197,0.3157894736842105,3,10,3,106
