isolate,recall,specificity,precision,accuracy,f1_score,tp,fp,fn,tn
c_freundii_007,0.7307692307692307,0.8549618320610687,0.6666666666666666,0.819672131147541,0.6972477064220183,38,19,14,112
