isolate,recall,specificity,precision,accuracy,f1_score,tp,fp,fn,tn
c_freundii_038,0.9868421052631579,0.7068965517241379,0.8152173913043478,0.8656716417910447,0.8928571428571429,75,17,1,41
