isolate,recall,specificity,precision,accuracy,f1_score,tp,fp,fn,tn
c_freundii_004,0.7733333333333333,0.8181818181818182,0.9354838709677419,0.7835051546391752,0.8467153284671532,58,4,17,18
