isolate,recall,specificity,precision,accuracy,f1_score,tp,fp,fn,tn
c_freundii_090,0.4,0.9217391304347826,0.18181818181818182,0.9,0.25000000000000006,2,9,3,106
