isolate,recall,specificity,precision,accuracy,f1_score,tp,fp,fn,tn
c_freundii_044,0.9882352941176471,0.7247706422018348,0.7368421052631579,0.8402061855670103,0.8442211055276382,84,30,1,79
