isolate,recall,specificity,precision,accuracy,f1_score,tp,fp,fn,tn
c_freundii_002,0.8283582089552238,0.9428571428571428,0.9823008849557522,0.8520710059171598,0.8987854251012145,111,2,23,33
