isolate,recall,specificity,precision,accuracy,f1_score,tp,fp,fn,tn
c_freundii_006,0.8857142857142857,0.7567567567567568,0.9323308270676691,0.8587570621468926,0.9084249084249083,124,9,16,28
