isolate,recall,specificity,precision,accuracy,f1_score,tp,fp,fn,tn
c_freundii_030,0.8305084745762712,0.9027777777777778,0.9333333333333333,0.8578947368421053,0.8789237668161435,98,7,20,65
