isolate,recall,specificity,precision,accuracy,f1_score,tp,fp,fn,tn
c_freundii_006,0.8979591836734694,0.78125,0.6111111111111112,0.8135593220338984,0.7272727272727272,44,28,5,100
