isolate,recall,specificity,precision,accuracy,f1_score,tp,fp,fn,tn
c_freundii_006,0.8333333333333334,0.8848484848484849,0.3448275862068966,0.8813559322033898,0.4878048780487806,10,19,2,146
