isolate,recall,specificity,precision,accuracy,f1_score,tp,fp,fn,tn
c_freundii_054,0.9081632653061225,0.7837837837837838,0.9175257731958762,0.8740740740740741,0.9128205128205128,89,8,9,29
