isolate,recall,specificity,precision,accuracy,f1_score,tp,fp,fn,tn
c_freundii_052,0.8832116788321168,0.8076923076923077,0.9603174603174603,0.8711656441717791,0.920152091254753,121,5,16,21
