isolate,recall,specificity,precision,accuracy,f1_score,tp,fp,fn,tn
c_freundii_002,0.8833333333333333,0.8440366972477065,0.7571428571428571,0.8579881656804734,0.8153846153846154,53,17,7,92
