isolate,recall,specificity,precision,accuracy,f1_score,tp,fp,fn,tn
c_freundii_021,0.8538461538461538,0.7551020408163265,0.9024390243902439,0.8268156424581006,0.8774703557312253,111,12,19,37
