isolate,recall,specificity,precision,accuracy,f1_score,tp,fp,fn,tn
c_freundii_021,0.5384615384615384,0.8954248366013072,0.4666666666666667,0.8435754189944135,0.5,14,16,12,137
