isolate,recall,specificity,precision,accuracy,f1_score,tp,fp,fn,tn
c_freundii_040,0.5909090909090909,0.9428571428571428,0.6190476190476191,0.8950617283950617,0.6046511627906977,13,8,9,132
