isolate,recall,specificity,precision,accuracy,f1_score,tp,fp,fn,tn
c_freundii_045,0.9266666666666666,0.27586206896551724,0.86875,0.8212290502793296,0.896774193548387,139,21,11,8
