isolate,recall,specificity,precision,accuracy,f1_score,tp,fp,fn,tn
c_freundii_030,0.9367088607594937,0.7207207207207207,0.7047619047619048,0.8105263157894737,0.8043478260869565,74,31,5,80
