isolate,recall,specificity,precision,accuracy,f1_score,tp,fp,fn,tn
c_freundii_054,0.8653846153846154,0.7710843373493976,0.703125,0.8074074074074075,0.7758620689655172,45,19,7,64
