isolate,recall,specificity,precision,accuracy,f1_score,tp,fp,fn,tn
c_freundii_053,1.0,0.8333333333333334,0.30434782608695654,0.8446601941747572,0.4666666666666667,7,16,0,80
