isolate,recall,specificity,precision,accuracy,f1_score,tp,fp,fn,tn
c_freundii_083,1.0,0.8850574712643678,0.09090909090909091,0.8863636363636364,0.16666666666666669,1,10,0,77
