isolate,recall,specificity,precision,accuracy,f1_score,tp,fp,fn,tn
c_freundii_013,0.8309859154929577,0.16666666666666666,0.921875,0.7792207792207793,0.874074074074074,59,5,12,1
