isolate,recall,specificity,precision,accuracy,f1_score,tp,fp,fn,tn
c_freundii_064,0.8421052631578947,0.9411764705882353,0.8888888888888888,0.9056603773584906,0.8648648648648649,32,4,6,64
