isolate,recall,specificity,precision,accuracy,f1_score,tp,fp,fn,tn
c_freundii_064,0.9859154929577465,0.8285714285714286,0.9210526315789473,0.9339622641509434,0.9523809523809524,70,6,1,29
