isolate,recall,specificity,precision,accuracy,f1_score,tp,fp,fn,tn
c_freundii_023,0.5675675675675675,1.0,1.0,0.8857142857142857,0.7241379310344828,21,0,16,103
