isolate,recall,specificity,precision,accuracy,f1_score,tp,fp,fn,tn
c_freundii_018,0.8518518518518519,0.8928571428571429,0.7931034482758621,0.8795180722891566,0.8214285714285715,23,6,4,50
