isolate,recall,specificity,precision,accuracy,f1_score,tp,fp,fn,tn
c_freundii_046,0.8571428571428571,0.9294871794871795,0.5217391304347826,0.9235294117647059,0.6486486486486486,12,11,2,145
