isolate,recall,specificity,precision,accuracy,f1_score,tp,fp,fn,tn
c_freundii_068,0.9397590361445783,0.45454545454545453,0.9285714285714286,0.8829787234042553,0.9341317365269461,78,6,5,5
