isolate,recall,specificity,precision,accuracy,f1_score,tp,fp,fn,tn
c_freundii_013,0.2857142857142857,0.8285714285714286,0.14285714285714285,0.7792207792207793,0.19047619047619047,2,12,5,58
