isolate,recall,specificity,precision,accuracy,f1_score,tp,fp,fn,tn
c_freundii_041,0.7884615384615384,0.8857142857142857,0.8367346938775511,0.8442622950819673,0.8118811881188118,41,8,11,62
