isolate,recall,specificity,precision,accuracy,f1_score,tp,fp,fn,tn
c_freundii_045,0.5609756097560976,0.9057971014492754,0.6388888888888888,0.8268156424581006,0.5974025974025975,23,13,18,125
