isolate,recall,specificity,precision,accuracy,f1_score,tp,fp,fn,tn
c_freundii_044,0.811965811965812,0.948051948051948,0.9595959595959596,0.865979381443299,0.8796296296296297,95,4,22,73
