isolate,recall,specificity,precision,accuracy,f1_score,tp,fp,fn,tn
c_freundii_052,0.9285714285714286,0.9395973154362416,0.5909090909090909,0.9386503067484663,0.7222222222222223,13,9,1,140
