isolate,recall,specificity,precision,accuracy,f1_score,tp,fp,fn,tn
c_freundii_003,0.21428571428571427,0.9632352941176471,0.375,0.8933333333333333,0.2727272727272727,3,5,11,131
