isolate,recall,specificity,precision,accuracy,f1_score,tp,fp,fn,tn
c_freundii_035,0.7768595041322314,,1.0,0.7768595041322314,0.8744186046511627,94,0,27,0
