isolate,recall,specificity,precision,accuracy,f1_score,tp,fp,fn,tn
c_freundii_019,1.0,0.0,0.9857142857142858,0.9857142857142858,0.9928057553956835,69,1,0,0
