isolate,recall,specificity,precision,accuracy,f1_score,tp,fp,fn,tn
c_freundii_040,0.7115384615384616,0.8727272727272727,0.7254901960784313,0.8209876543209876,0.7184466019417477,37,14,15,96
