isolate,recall,specificity,precision,accuracy,f1_score,tp,fp,fn,tn
c_freundii_076,0.9803921568627451,,1.0,0.9803921568627451,0.99009900990099,50,0,1,0
