isolate,recall,specificity,precision,accuracy,f1_score,tp,fp,fn,tn
c_freundii_080,0.7404580152671756,0.8666666666666667,0.9797979797979798,0.7534246575342466,0.8434782608695651,97,2,34,13
