isolate,recall,specificity,precision,accuracy,f1_score,tp,fp,fn,tn
c_freundii_048,0.46153846153846156,0.9444444444444444,0.5454545454545454,0.883495145631068,0.4999999999999999,6,5,7,85
