isolate,recall,specificity,precision,accuracy,f1_score,tp,fp,fn,tn
c_freundii_031,0.14634146341463414,0.9517241379310345,0.46153846153846156,0.7741935483870968,0.2222222222222222,6,7,35,138
