isolate,recall,specificity,precision,accuracy,f1_score,tp,fp,fn,tn
c_freundii_045,0.45714285714285713,0.8348623853211009,0.64,0.6871508379888268,0.5333333333333333,32,18,38,91
