isolate,recall,specificity,precision,accuracy,f1_score,tp,fp,fn,tn
c_freundii_090,0.6666666666666666,0.9743589743589743,0.4,0.9666666666666667,0.5,2,3,1,114
