isolate,recall,specificity,precision,accuracy,f1_score,tp,fp,fn,tn
c_freundii_043,0.6567164179104478,0.8230088495575221,0.6875,0.7611111111111111,0.6717557251908397,44,20,23,93
