isolate,recall,specificity,precision,accuracy,f1_score,tp,fp,fn,tn
E4239,0.9520958083832335,0.5853658536585366,0.9034090909090909,0.8798076923076923,0.9271137026239067,159,17,8,24
