isolate,recall,specificity,precision,accuracy,f1_score,tp,fp,fn,tn
E4239,0.8135593220338984,0.7718120805369127,0.5853658536585366,0.7836538461538461,0.6808510638297872,48,34,11,115
