isolate,recall,specificity,precision,accuracy,f1_score,tp,fp,fn,tn
E4457,0.9402985074626866,0.7747747747747747,0.8344370860927153,0.8653061224489796,0.8842105263157896,126,25,8,86
