isolate,recall,specificity,precision,accuracy,f1_score,tp,fp,fn,tn
E4457,0.9307692307692308,0.8695652173913043,0.8897058823529411,0.9020408163265307,0.9097744360902256,121,15,9,100
