isolate,recall,specificity,precision,accuracy,f1_score,tp,fp,fn,tn
E7591,0.9351351351351351,0.68,0.9153439153439153,0.8808510638297873,0.9251336898395722,173,16,12,34
