isolate,recall,specificity,precision,accuracy,f1_score,tp,fp,fn,tn
E7591,0.9078947368421053,0.8050314465408805,0.69,0.8382978723404255,0.7840909090909091,69,31,7,128
