isolate,recall,specificity,precision,accuracy,f1_score,tp,fp,fn,tn
E8172,0.920863309352518,0.8620689655172413,0.9142857142857143,0.8982300884955752,0.917562724014337,128,12,11,75
