isolate,recall,specificity,precision,accuracy,f1_score,tp,fp,fn,tn
E8172,0.9292035398230089,0.8141592920353983,0.8333333333333334,0.8716814159292036,0.8786610878661087,105,21,8,92
