isolate,recall,specificity,precision,accuracy,f1_score,tp,fp,fn,tn
ecol-SAMN15148060,0.8888888888888888,0.7708333333333334,0.42105263157894735,0.7894736842105263,0.5714285714285714,8,11,1,37
