isolate,recall,specificity,precision,accuracy,f1_score,tp,fp,fn,tn
ecol-SAMN15148018,0.9398496240601504,0.6086956521739131,0.9328358208955224,0.8910256410256411,0.9363295880149812,125,9,8,14
