isolate,recall,specificity,precision,accuracy,f1_score,tp,fp,fn,tn
ecol-SAMN15147977,0.8622754491017964,0.2222222222222222,0.9536423841059603,0.8295454545454546,0.9056603773584905,144,7,23,2
