isolate,recall,specificity,precision,accuracy,f1_score,tp,fp,fn,tn
ecol-SAMN15148217,0.6666666666666666,0.9457364341085271,0.46153846153846156,0.927536231884058,0.5454545454545455,6,7,3,122
