isolate,recall,specificity,precision,accuracy,f1_score,tp,fp,fn,tn
ecol-SAMN15148136,0.8095238095238095,0.9130434782608695,0.9550561797752809,0.8410596026490066,0.8762886597938143,85,4,20,42
