isolate,recall,specificity,precision,accuracy,f1_score,tp,fp,fn,tn
ecol-SAMN15148145,0.8952380952380953,0.6153846153846154,0.9494949494949495,0.864406779661017,0.9215686274509803,94,5,11,8
