isolate,recall,specificity,precision,accuracy,f1_score,tp,fp,fn,tn
ecol-SAMN15148091,0.9767441860465116,0.3076923076923077,0.9210526315789473,0.9045643153526971,0.9480812641083521,210,18,5,8
