isolate,recall,specificity,precision,accuracy,f1_score,tp,fp,fn,tn
ecol-SAMN15148328,1.0,0.8350515463917526,0.7142857142857143,0.8832116788321168,0.8333333333333333,40,16,0,81
