isolate,recall,specificity,precision,accuracy,f1_score,tp,fp,fn,tn
ecol-SAMN15147970,0.7763157894736842,0.7578947368421053,0.9111969111969112,0.7719298245614035,0.8383658969804618,236,23,68,72
