isolate,recall,specificity,precision,accuracy,f1_score,tp,fp,fn,tn
ecol-SAMN15148136,0.7410071942446043,0.7519083969465649,0.6130952380952381,0.7481296758104738,0.6710097719869708,103,65,36,197
