isolate,recall,specificity,precision,accuracy,f1_score,tp,fp,fn,tn
ecol-SAMN15148627,1.0,0.8863636363636364,0.6153846153846154,0.9038461538461539,0.761904761904762,8,5,0,39
