isolate,recall,specificity,precision,accuracy,f1_score,tp,fp,fn,tn
ecol-SAMN15148072,0.6666666666666666,0.975609756097561,0.6666666666666666,0.9545454545454546,0.6666666666666666,2,1,1,40
