isolate,recall,specificity,precision,accuracy,f1_score,tp,fp,fn,tn
ecol-SAMN15148218,1.0,0.8888888888888888,0.5526315789473685,0.9022988505747126,0.711864406779661,21,17,0,136
