isolate,recall,specificity,precision,accuracy,f1_score,tp,fp,fn,tn
ecol-SAMN15148387,1.0,0.6719367588932806,0.3851851851851852,0.7278688524590164,0.5561497326203209,52,83,0,170
