isolate,recall,specificity,precision,accuracy,f1_score,tp,fp,fn,tn
ecol-SAMN15148217,1.0,0.9545454545454546,0.7142857142857143,0.9591836734693877,0.8333333333333333,5,2,0,42
