isolate,recall,specificity,precision,accuracy,f1_score,tp,fp,fn,tn
ecol-SAMN15148482,0.4900662251655629,0.6648936170212766,0.5401459854014599,0.5870206489675516,0.513888888888889,74,63,77,125
