isolate,recall,specificity,precision,accuracy,f1_score,tp,fp,fn,tn
ecol-SAMN15148298,0.92578125,0.6129032258064516,0.9518072289156626,0.89198606271777,0.9386138613861386,237,12,19,19
