isolate,recall,specificity,precision,accuracy,f1_score,tp,fp,fn,tn
ecol-SAMN15148397,0.9802955665024631,0.5714285714285714,0.9851485148514851,0.9666666666666667,0.9827160493827161,199,3,4,4
