isolate,recall,specificity,precision,accuracy,f1_score,tp,fp,fn,tn
ecol-SAMN15148388,0.599250936329588,0.9759036144578314,0.9876543209876543,0.6885714285714286,0.7459207459207459,160,2,107,81
