isolate,recall,specificity,precision,accuracy,f1_score,tp,fp,fn,tn
ecol-SAMN15148037,1.0,0.8837209302325582,0.2857142857142857,0.8888888888888888,0.4444444444444445,2,5,0,38
