isolate,recall,specificity,precision,accuracy,f1_score,tp,fp,fn,tn
ecol-SAMN15148563,0.8536585365853658,0.3333333333333333,0.8536585365853658,0.76,0.8536585365853658,35,6,6,3
