isolate,recall,specificity,precision,accuracy,f1_score,tp,fp,fn,tn
ecol-SAMN15148089,0.9393939393939394,0.5789473684210527,0.8857142857142857,0.8588235294117647,0.9117647058823529,62,8,4,11
