isolate,recall,specificity,precision,accuracy,f1_score,tp,fp,fn,tn
ecol-SAMN15148025,0.96875,0.48484848484848486,0.8454545454545455,0.8449612403100775,0.9029126213592233,93,17,3,16
