isolate,recall,specificity,precision,accuracy,f1_score,tp,fp,fn,tn
ecol-SAMN15148349,0.9333333333333333,0.8333333333333334,0.9824561403508771,0.9242424242424242,0.9572649572649572,56,1,4,5
