isolate,recall,specificity,precision,accuracy,f1_score,tp,fp,fn,tn
ecol-SAMN15148593,0.8571428571428571,0.8333333333333334,0.967741935483871,0.8536585365853658,0.909090909090909,60,2,10,10
