isolate,recall,specificity,precision,accuracy,f1_score,tp,fp,fn,tn
ecol-SAMN15148720,0.2,0.8682170542635659,0.05555555555555555,0.8432835820895522,0.08695652173913045,1,17,4,112
