isolate,recall,specificity,precision,accuracy,f1_score,tp,fp,fn,tn
ecol-SAMN15148039,1.0,0.8409090909090909,0.2222222222222222,0.8478260869565217,0.3636363636363636,2,7,0,37
