isolate,recall,specificity,precision,accuracy,f1_score,tp,fp,fn,tn
ecol-SAMN15148475,0.8921568627450981,0.8865248226950354,0.8504672897196262,0.8888888888888888,0.8708133971291867,91,16,11,125
