isolate,recall,specificity,precision,accuracy,f1_score,tp,fp,fn,tn
ecol-SAMN15148515,0.9715909090909091,0.9827586206896551,0.9941860465116279,0.9743589743589743,0.9827586206896551,171,1,5,57
