isolate,recall,specificity,precision,accuracy,f1_score,tp,fp,fn,tn
ecol-SAMN15147990,0.96875,0.0,0.9893617021276596,0.9587628865979382,0.9789473684210526,93,1,3,0
