isolate,recall,specificity,precision,accuracy,f1_score,tp,fp,fn,tn
ecol-SAMN15148083,0.9661016949152542,0.36363636363636365,0.890625,0.8714285714285714,0.9268292682926829,57,7,2,4
