isolate,recall,specificity,precision,accuracy,f1_score,tp,fp,fn,tn
ecol-SAMN15147963,0.2777777777777778,0.9009009009009009,0.3125,0.813953488372093,0.29411764705882354,5,11,13,100
