isolate,recall,specificity,precision,accuracy,f1_score,tp,fp,fn,tn
ecol-SAMN15148024,1.0,0.8514588859416445,0.1111111111111111,0.8541666666666666,0.19999999999999998,7,56,0,321
