isolate,recall,specificity,precision,accuracy,f1_score,tp,fp,fn,tn
ecol-SAMN15148351,0.9551569506726457,0.2,0.9815668202764977,0.9385964912280702,0.9681818181818181,213,4,10,1
