isolate,recall,specificity,precision,accuracy,f1_score,tp,fp,fn,tn
ecol-SAMN15148739,0.9357142857142857,0.5,0.9924242424242424,0.9295774647887324,0.9632352941176471,131,1,9,1
