isolate,recall,specificity,precision,accuracy,f1_score,tp,fp,fn,tn
ecol-SAMN15148100,0.7272727272727273,0.8253968253968254,0.26666666666666666,0.8175182481751825,0.3902439024390244,8,22,3,104
