isolate,recall,specificity,precision,accuracy,f1_score,tp,fp,fn,tn
ecol-SAMN15148093,0.9615384615384616,0.5,0.9615384615384616,0.9285714285714286,0.9615384615384616,50,2,2,2
