isolate,recall,specificity,precision,accuracy,f1_score,tp,fp,fn,tn
ecol-SAMN15147997,0.9791666666666666,1.0,1.0,0.9797979797979798,0.9894736842105264,94,0,2,3
