isolate,recall,specificity,precision,accuracy,f1_score,tp,fp,fn,tn
ecol-SAMN15148433,1.0,0.8478260869565217,0.125,0.851063829787234,0.2222222222222222,3,21,0,117
