isolate,recall,specificity,precision,accuracy,f1_score,tp,fp,fn,tn
ecol-SAMN15148714,1.0,0.8627450980392157,0.06666666666666667,0.8640776699029126,0.125,1,14,0,88
