isolate,recall,specificity,precision,accuracy,f1_score,tp,fp,fn,tn
ecol-SAMN15148217,0.9769230769230769,0.625,0.9769230769230769,0.9565217391304348,0.9769230769230769,127,3,3,5
