isolate,recall,specificity,precision,accuracy,f1_score,tp,fp,fn,tn
ecol-SAMN15148148,0.625,0.9672131147540983,0.7142857142857143,0.927536231884058,0.6666666666666666,5,2,3,59
