isolate,recall,specificity,precision,accuracy,f1_score,tp,fp,fn,tn
ecol-SAMN15148127,0.775,0.9032258064516129,0.9538461538461539,0.8108108108108109,0.8551724137931034,62,3,18,28
