isolate,recall,specificity,precision,accuracy,f1_score,tp,fp,fn,tn
ecol-SAMN15148515,1.0,0.9423076923076923,0.85,0.9565217391304348,0.9189189189189189,17,3,0,49
