isolate,recall,specificity,precision,accuracy,f1_score,tp,fp,fn,tn
ecol-SAMN15148118,0.9487179487179487,0.6619718309859155,0.6065573770491803,0.7636363636363637,0.74,37,24,2,47
