isolate,recall,specificity,precision,accuracy,f1_score,tp,fp,fn,tn
ecol-SAMN15148268,0.2,0.8176100628930818,0.06451612903225806,0.7810650887573964,0.0975609756097561,2,29,8,130
