isolate,recall,specificity,precision,accuracy,f1_score,tp,fp,fn,tn
ecol-SAMN15148005,0.8846153846153846,0.8571428571428571,0.9787234042553191,0.8813559322033898,0.9292929292929293,46,1,6,6
