isolate,recall,specificity,precision,accuracy,f1_score,tp,fp,fn,tn
ecol-SAMN15148482,0.7884615384615384,0.6724137931034483,0.5189873417721519,0.7083333333333334,0.6259541984732825,41,38,11,78
