isolate,recall,specificity,precision,accuracy,f1_score,tp,fp,fn,tn
ecol-SAMN15148570,0.9490740740740741,0.0,0.9808612440191388,0.9318181818181818,0.9647058823529412,205,4,11,0
