isolate,recall,specificity,precision,accuracy,f1_score,tp,fp,fn,tn
ecol-SAMN15148053,0.75,0.9333333333333333,0.5294117647058824,0.9166666666666666,0.6206896551724139,9,8,3,112
