isolate,recall,specificity,precision,accuracy,f1_score,tp,fp,fn,tn
ecol-SAMN15148605,0.9196217494089834,0.9354838709677419,0.989821882951654,0.9216494845360824,0.9534313725490196,389,4,34,58
