isolate,recall,specificity,precision,accuracy,f1_score,tp,fp,fn,tn
ecol-SAMN15148366,0.375,0.9142857142857143,0.5,0.813953488372093,0.42857142857142855,3,3,5,32
