isolate,recall,specificity,precision,accuracy,f1_score,tp,fp,fn,tn
ecol-SAMN15148143,0.8977777777777778,0.7407407407407407,0.9665071770334929,0.8809523809523809,0.9308755760368664,202,7,23,20
