isolate,recall,specificity,precision,accuracy,f1_score,tp,fp,fn,tn
ecol-SAMN15148387,0.7165354330708661,0.9583333333333334,0.9891304347826086,0.7549668874172185,0.8310502283105022,91,1,36,23
