isolate,recall,specificity,precision,accuracy,f1_score,tp,fp,fn,tn
ecol-SAMN15148111,0.620253164556962,0.738255033557047,0.5568181818181818,0.6973684210526315,0.5868263473053892,49,39,30,110
