isolate,recall,specificity,precision,accuracy,f1_score,tp,fp,fn,tn
ecol-SAMN15148102,0.8571428571428571,0.8309859154929577,0.5,0.8352941176470589,0.631578947368421,12,12,2,59
