isolate,recall,specificity,precision,accuracy,f1_score,tp,fp,fn,tn
ecol-SAMN15148091,0.39473684210526316,0.9408866995073891,0.5555555555555556,0.8547717842323651,0.46153846153846156,15,12,23,191
