isolate,recall,specificity,precision,accuracy,f1_score,tp,fp,fn,tn
ecol-SAMN15148111,0.9230769230769231,0.6842105263157895,0.5714285714285714,0.7590361445783133,0.7058823529411765,24,18,2,39
