isolate,recall,specificity,precision,accuracy,f1_score,tp,fp,fn,tn
ecol-SAMN15148648,1.0,0.44541484716157204,0.3385416666666667,0.5680272108843537,0.5058365758754864,65,127,0,102
