isolate,recall,specificity,precision,accuracy,f1_score,tp,fp,fn,tn
ecol-SAMN15148400,1.0,0.813953488372093,0.4074074074074074,0.8350515463917526,0.5789473684210525,11,16,0,70
