isolate,recall,specificity,precision,accuracy,f1_score,tp,fp,fn,tn
ecol-SAMN15148388,0.9428571428571428,0.4448979591836735,0.42127659574468085,0.5942857142857143,0.5823529411764705,99,136,6,109
