isolate,recall,specificity,precision,accuracy,f1_score,tp,fp,fn,tn
ecol-SAMN15148217,0.9333333333333333,1.0,1.0,0.9387755102040817,0.9655172413793104,42,0,3,4
