isolate,recall,specificity,precision,accuracy,f1_score,tp,fp,fn,tn
ecol-SAMN15148025,0.9090909090909091,0.6666666666666666,0.9090909090909091,0.8571428571428571,0.9090909090909091,30,3,3,6
