isolate,recall,specificity,precision,accuracy,f1_score,tp,fp,fn,tn
ecol-SAMN15148397,0.8333333333333334,0.9506172839506173,0.5555555555555556,0.9425287356321839,0.6666666666666667,5,4,1,77
