isolate,recall,specificity,precision,accuracy,f1_score,tp,fp,fn,tn
ecol-SAMN15147972,0.96875,0.5555555555555556,0.9207920792079208,0.9035087719298246,0.9441624365482234,93,8,3,10
