isolate,recall,specificity,precision,accuracy,f1_score,tp,fp,fn,tn
ecol-SAMN15148016,0.9541984732824428,0.2631578947368421,0.8169934640522876,0.7988165680473372,0.8802816901408452,125,28,6,10
