isolate,recall,specificity,precision,accuracy,f1_score,tp,fp,fn,tn
ecol-SAMN15148024,0.8135593220338984,1.0,1.0,0.8253968253968254,0.897196261682243,48,0,11,4
