isolate,recall,specificity,precision,accuracy,f1_score,tp,fp,fn,tn
ecol-SAMN15148083,0.9675324675324676,0.2631578947368421,0.9141104294478528,0.8901734104046243,0.9400630914826498,149,14,5,5
