isolate,recall,specificity,precision,accuracy,f1_score,tp,fp,fn,tn
ecol-SAMN15148060,0.9166666666666666,0.8651685393258427,0.3793103448275862,0.8694158075601375,0.5365853658536586,22,36,2,231
