isolate,recall,specificity,precision,accuracy,f1_score,tp,fp,fn,tn
ecol-SAMN15148207,0.7,0.9326923076923077,0.6666666666666666,0.8951612903225806,0.6829268292682926,14,7,6,97
