isolate,recall,specificity,precision,accuracy,f1_score,tp,fp,fn,tn
ecol-SAMN15148475,0.9259259259259259,0.9382716049382716,0.967741935483871,0.9300411522633745,0.9463722397476341,150,5,12,76
