isolate,recall,specificity,precision,accuracy,f1_score,tp,fp,fn,tn
ecol-SAMN15148263,0.6822916666666666,0.7,0.966789667896679,0.6835748792270532,0.7999999999999999,262,9,122,21
