isolate,recall,specificity,precision,accuracy,f1_score,tp,fp,fn,tn
ecol-SAMN15148112,1.0,0.875,0.7142857142857143,0.9047619047619048,0.8333333333333333,10,4,0,28
