isolate,recall,specificity,precision,accuracy,f1_score,tp,fp,fn,tn
ecol-SAMN15148267,0.9139784946236559,0.5,0.9042553191489362,0.8468468468468469,0.9090909090909091,85,9,8,9
