isolate,recall,specificity,precision,accuracy,f1_score,tp,fp,fn,tn
ecol-SAMN15148053,0.8333333333333334,0.9583333333333334,0.7142857142857143,0.9444444444444444,0.7692307692307692,5,2,1,46
