isolate,recall,specificity,precision,accuracy,f1_score,tp,fp,fn,tn
ecol-SAMN15147972,0.9,0.925531914893617,0.72,0.9210526315789473,0.7999999999999999,18,7,2,87
