isolate,recall,specificity,precision,accuracy,f1_score,tp,fp,fn,tn
ecol-SAMN15148423,1.0,0.8089887640449438,0.5526315789473685,0.8454545454545455,0.711864406779661,21,17,0,72
