isolate,recall,specificity,precision,accuracy,f1_score,tp,fp,fn,tn
ecol-SAMN15148118,0.9103448275862069,0.7972972972972973,0.946236559139785,0.8873626373626373,0.9279437609841829,264,15,26,59
