isolate,recall,specificity,precision,accuracy,f1_score,tp,fp,fn,tn
ecol-SAMN15148576,0.6987951807228916,0.8424657534246576,0.7160493827160493,0.7903930131004366,0.7073170731707318,58,23,25,123
