isolate,recall,specificity,precision,accuracy,f1_score,tp,fp,fn,tn
ecol-SAMN15148143,0.9444444444444444,0.8181818181818182,0.9834710743801653,0.9343065693430657,0.9635627530364373,119,2,7,9
