isolate,recall,specificity,precision,accuracy,f1_score,tp,fp,fn,tn
ecol-SAMN15148350,0.972972972972973,0.8024691358024691,0.6923076923076923,0.8559322033898306,0.8089887640449438,36,16,1,65
