isolate,recall,specificity,precision,accuracy,f1_score,tp,fp,fn,tn
ecol-SAMN15147972,0.8717948717948718,0.8866666666666667,0.6666666666666666,0.8835978835978836,0.7555555555555555,34,17,5,133
