isolate,recall,specificity,precision,accuracy,f1_score,tp,fp,fn,tn
ecol-SAMN15148118,0.8811881188118812,0.8212927756653993,0.6544117647058824,0.8379120879120879,0.7510548523206751,89,47,12,216
