isolate,recall,specificity,precision,accuracy,f1_score,tp,fp,fn,tn
ecol-SAMN15148263,1.0,0.5666666666666667,0.23529411764705882,0.6176470588235294,0.38095238095238093,20,65,0,85
