isolate,recall,specificity,precision,accuracy,f1_score,tp,fp,fn,tn
ecol-SAMN15148139,0.6153846153846154,0.8064516129032258,0.5,0.7607361963190185,0.5517241379310345,24,24,15,100
