isolate,recall,specificity,precision,accuracy,f1_score,tp,fp,fn,tn
ecol-SAMN15148391,0.6299559471365639,0.9666666666666667,0.9930555555555556,0.669260700389105,0.77088948787062,286,2,168,58
