isolate,recall,specificity,precision,accuracy,f1_score,tp,fp,fn,tn
ecol-SAMN15148093,1.0,0.3333333333333333,0.9285714285714286,0.9310344827586207,0.962962962962963,26,2,0,1
