isolate,recall,specificity,precision,accuracy,f1_score,tp,fp,fn,tn
ecol-SAMN15148177,0.7457627118644068,0.9285714285714286,0.9887640449438202,0.7651515151515151,0.8502415458937198,88,1,30,13
