isolate,recall,specificity,precision,accuracy,f1_score,tp,fp,fn,tn
ecol-SAMN15148070,0.7,0.8702702702702703,0.22580645161290322,0.8615384615384616,0.3414634146341463,7,24,3,161
