isolate,recall,specificity,precision,accuracy,f1_score,tp,fp,fn,tn
ecol-SAMN15148701,1.0,0.8596491228070176,0.5789473684210527,0.8823529411764706,0.7333333333333334,22,16,0,98
