isolate,recall,specificity,precision,accuracy,f1_score,tp,fp,fn,tn
ecol-SAMN15148593,0.9066666666666666,0.6956521739130435,0.966824644549763,0.8870967741935484,0.9357798165137615,204,7,21,16
