isolate,recall,specificity,precision,accuracy,f1_score,tp,fp,fn,tn
ecol-SAMN15148350,0.8705882352941177,0.9696969696969697,0.9866666666666667,0.8983050847457628,0.925,74,1,11,32
