isolate,recall,specificity,precision,accuracy,f1_score,tp,fp,fn,tn
ecol-SAMN15148739,0.5,0.8611111111111112,0.09090909090909091,0.8513513513513513,0.15384615384615385,1,10,1,62
