isolate,recall,specificity,precision,accuracy,f1_score,tp,fp,fn,tn
ecol-SAMN15148037,0.9318181818181818,1.0,1.0,0.9333333333333333,0.9647058823529412,41,0,3,1
