isolate,recall,specificity,precision,accuracy,f1_score,tp,fp,fn,tn
ecol-SAMN15148379,1.0,0.8978102189781022,0.8813559322033898,0.941908713692946,0.936936936936937,104,14,0,123
