isolate,recall,specificity,precision,accuracy,f1_score,tp,fp,fn,tn
ecol-SAMN15148591,0.9807692307692307,0.0,0.8360655737704918,0.8225806451612904,0.9026548672566372,102,20,2,0
