isolate,recall,specificity,precision,accuracy,f1_score,tp,fp,fn,tn
ecol-SAMN15148710,0.8333333333333334,0.8666666666666667,0.9523809523809523,0.8412698412698413,0.888888888888889,40,2,8,13
