isolate,recall,specificity,precision,accuracy,f1_score,tp,fp,fn,tn
ecol-SAMN15148368,0.7142857142857143,0.8232931726907631,0.10204081632653061,0.8203125,0.17857142857142858,5,44,2,205
