isolate,recall,specificity,precision,accuracy,f1_score,tp,fp,fn,tn
ecol-SAMN15148263,1.0,0.5399449035812672,0.23394495412844038,0.5966183574879227,0.379182156133829,51,167,0,196
