isolate,recall,specificity,precision,accuracy,f1_score,tp,fp,fn,tn
ecol-SAMN15148228,0.9846153846153847,0.0,0.9411764705882353,0.927536231884058,0.962406015037594,64,4,1,0
