isolate,recall,specificity,precision,accuracy,f1_score,tp,fp,fn,tn
ecol-SAMN15148025,0.8888888888888888,0.8181818181818182,0.5714285714285714,0.8333333333333334,0.6956521739130435,8,6,1,27
