isolate,recall,specificity,precision,accuracy,f1_score,tp,fp,fn,tn
ecol-SAMN15148054,0.987012987012987,0.375,0.9681528662420382,0.9567901234567902,0.977491961414791,152,5,2,3
