isolate,recall,specificity,precision,accuracy,f1_score,tp,fp,fn,tn
ecol-SAMN15147970,0.96,0.639344262295082,0.5217391304347826,0.7325581395348837,0.6760563380281689,48,44,2,78
