isolate,recall,specificity,precision,accuracy,f1_score,tp,fp,fn,tn
ecol-SAMN15148576,0.9272727272727272,0.46875,0.8181818181818182,0.7991266375545851,0.8693181818181819,153,34,12,30
