isolate,recall,specificity,precision,accuracy,f1_score,tp,fp,fn,tn
ecol-SAMN15148351,0.3333333333333333,0.8450704225352113,0.13157894736842105,0.8114035087719298,0.18867924528301885,5,33,10,180
