isolate,recall,specificity,precision,accuracy,f1_score,tp,fp,fn,tn
ecol-SAMN15148102,0.8589743589743589,0.8571428571428571,0.9852941176470589,0.8588235294117647,0.9178082191780821,67,1,11,6
