isolate,recall,specificity,precision,accuracy,f1_score,tp,fp,fn,tn
ecol-SAMN15148177,1.0,0.6260869565217392,0.2833333333333333,0.6742424242424242,0.4415584415584416,17,43,0,72
