isolate,recall,specificity,precision,accuracy,f1_score,tp,fp,fn,tn
ecol-SAMN15148229,0.9591836734693877,0.1,0.7230769230769231,0.7101449275362319,0.8245614035087718,47,18,2,2
