isolate,recall,specificity,precision,accuracy,f1_score,tp,fp,fn,tn
ecol-SAMN15148177,0.975,0.6538461538461539,0.21311475409836064,0.6820175438596491,0.34977578475336324,39,144,1,272
