isolate,recall,specificity,precision,accuracy,f1_score,tp,fp,fn,tn
ecol-SAMN15148215,0.9661016949152542,1.0,1.0,0.9722222222222222,0.9827586206896551,57,0,2,13
