isolate,recall,specificity,precision,accuracy,f1_score,tp,fp,fn,tn
ecol-SAMN15148298,0.8571428571428571,0.8398268398268398,0.5647058823529412,0.8432055749128919,0.6808510638297872,48,37,8,194
