isolate,recall,specificity,precision,accuracy,f1_score,tp,fp,fn,tn
ecol-SAMN15148648,1.0,0.5352112676056338,0.32653061224489793,0.6206896551724138,0.4923076923076923,32,66,0,76
