isolate,recall,specificity,precision,accuracy,f1_score,tp,fp,fn,tn
ecol-SAMN15148229,0.979381443298969,0.08695652173913043,0.8189655172413793,0.8083333333333333,0.892018779342723,95,21,2,2
