isolate,recall,specificity,precision,accuracy,f1_score,tp,fp,fn,tn
ecol-SAMN15148298,0.88,0.8,0.9565217391304348,0.8666666666666667,0.9166666666666666,88,4,12,16
