isolate,recall,specificity,precision,accuracy,f1_score,tp,fp,fn,tn
ecol-SAMN15148648,0.5821917808219178,0.9642857142857143,0.9883720930232558,0.6436781609195402,0.7327586206896552,85,1,61,27
