isolate,recall,specificity,precision,accuracy,f1_score,tp,fp,fn,tn
ecol-SAMN15148461,0.9883720930232558,0.6666666666666666,0.9941520467836257,0.9828571428571429,0.9912536443148688,170,1,2,2
