isolate,recall,specificity,precision,accuracy,f1_score,tp,fp,fn,tn
ecol-SAMN15148397,0.9876543209876543,0.6666666666666666,0.975609756097561,0.9655172413793104,0.9815950920245398,80,2,1,4
