isolate,recall,specificity,precision,accuracy,f1_score,tp,fp,fn,tn
ecol-SAMN15148475,0.8461538461538461,0.9230769230769231,0.9821428571428571,0.8589743589743589,0.9090909090909091,55,1,10,12
