isolate,recall,specificity,precision,accuracy,f1_score,tp,fp,fn,tn
ecol-SAMN15148360,0.9791666666666666,0.0,0.9215686274509803,0.9038461538461539,0.9494949494949494,47,4,1,0
