isolate,recall,specificity,precision,accuracy,f1_score,tp,fp,fn,tn
ecol-SAMN15148563,0.9222222222222223,0.14285714285714285,0.8217821782178217,0.7747747747747747,0.869109947643979,166,36,14,6
