isolate,recall,specificity,precision,accuracy,f1_score,tp,fp,fn,tn
ecol-SAMN15148482,0.7763713080168776,0.39215686274509803,0.7479674796747967,0.6607669616519174,0.7619047619047619,184,62,53,40
