isolate,recall,specificity,precision,accuracy,f1_score,tp,fp,fn,tn
ecol-SAMN15147977,0.8350515463917526,0.25,0.9310344827586207,0.7904761904761904,0.8804347826086957,81,6,16,2
