isolate,recall,specificity,precision,accuracy,f1_score,tp,fp,fn,tn
ecol-SAMN15148039,0.8888888888888888,1.0,1.0,0.8913043478260869,0.9411764705882353,40,0,5,1
