isolate,recall,specificity,precision,accuracy,f1_score,tp,fp,fn,tn
ecol-SAMN15148400,1.0,0.8604651162790697,0.6511627906976745,0.8892988929889298,0.7887323943661972,56,30,0,185
