isolate,recall,specificity,precision,accuracy,f1_score,tp,fp,fn,tn
ecol-SAMN15148054,0.3333333333333333,0.9150326797385621,0.1875,0.8827160493827161,0.24000000000000005,3,13,6,140
