isolate,recall,specificity,precision,accuracy,f1_score,tp,fp,fn,tn
ecol-SAMN15147983,0.8846153846153846,0.6111111111111112,0.8679245283018868,0.8142857142857143,0.8761904761904762,46,7,6,11
