isolate,recall,specificity,precision,accuracy,f1_score,tp,fp,fn,tn
ecol-SAMN15148314,0.6,0.8173913043478261,0.125,0.8083333333333333,0.20689655172413793,3,21,2,94
