isolate,recall,specificity,precision,accuracy,f1_score,tp,fp,fn,tn
ecol-SAMN15148720,0.8939393939393939,0.0,0.9833333333333333,0.8805970149253731,0.9365079365079364,118,2,14,0
