isolate,recall,specificity,precision,accuracy,f1_score,tp,fp,fn,tn
ecol-SAMN15148701,1.0,0.8070175438596491,0.5416666666666666,0.8428571428571429,0.7027027027027027,13,11,0,46
