isolate,recall,specificity,precision,accuracy,f1_score,tp,fp,fn,tn
ecol-SAMN15148218,1.0,0.9298245614035088,0.6923076923076923,0.9393939393939394,0.8181818181818181,9,4,0,53
