isolate,recall,specificity,precision,accuracy,f1_score,tp,fp,fn,tn
ecol-SAMN15148593,0.8,0.835820895522388,0.5217391304347826,0.8292682926829268,0.6315789473684211,12,11,3,56
