isolate,recall,specificity,precision,accuracy,f1_score,tp,fp,fn,tn
ecol-SAMN15148331,0.6666666666666666,0.9655172413793104,0.8,0.9142857142857143,0.7272727272727272,4,1,2,28
