isolate,recall,specificity,precision,accuracy,f1_score,tp,fp,fn,tn
ecol-SAMN15148360,0.9586206896551724,0.0,0.952054794520548,0.9144736842105263,0.9553264604810997,139,7,6,0
