isolate,recall,specificity,precision,accuracy,f1_score,tp,fp,fn,tn
ecol-SAMN15147983,0.9316239316239316,0.5161290322580645,0.8790322580645161,0.8445945945945946,0.904564315352697,109,15,8,16
