isolate,recall,specificity,precision,accuracy,f1_score,tp,fp,fn,tn
ecol-SAMN15147963,0.9827586206896551,0.07692307692307693,0.9047619047619048,0.8914728682170543,0.9421487603305785,114,12,2,1
