isolate,recall,specificity,precision,accuracy,f1_score,tp,fp,fn,tn
ecol-SAMN15148585,0.9191489361702128,0.0,0.9953917050691244,0.9152542372881356,0.9557522123893805,216,1,19,0
