isolate,recall,specificity,precision,accuracy,f1_score,tp,fp,fn,tn
ecol-SAMN15148100,0.9398496240601504,0.75,0.9920634920634921,0.9343065693430657,0.9652509652509653,125,1,8,3
