isolate,recall,specificity,precision,accuracy,f1_score,tp,fp,fn,tn
ecol-SAMN15148138,0.5555555555555556,0.9629629629629629,0.8333333333333334,0.8611111111111112,0.6666666666666667,10,2,8,52
