isolate,recall,specificity,precision,accuracy,f1_score,tp,fp,fn,tn
ecol-SAMN15148397,0.8571428571428571,0.9064039408866995,0.24,0.9047619047619048,0.375,6,19,1,184
