isolate,recall,specificity,precision,accuracy,f1_score,tp,fp,fn,tn
ecol-SAMN15148576,0.9344262295081968,0.8333333333333334,0.95,0.9113924050632911,0.9421487603305784,57,3,4,15
