isolate,recall,specificity,precision,accuracy,f1_score,tp,fp,fn,tn
ecol-SAMN15148739,0.9041095890410958,0.0,0.9850746268656716,0.8918918918918919,0.9428571428571428,66,1,7,0
