isolate,recall,specificity,precision,accuracy,f1_score,tp,fp,fn,tn
ecol-SAMN15148701,0.8852459016393442,0.9285714285714286,0.9908256880733946,0.8897058823529411,0.9350649350649352,108,1,14,13
