isolate,recall,specificity,precision,accuracy,f1_score,tp,fp,fn,tn
ecol-SAMN15148207,0.875,0.9487179487179487,0.7777777777777778,0.9361702127659575,0.823529411764706,7,2,1,37
