isolate,recall,specificity,precision,accuracy,f1_score,tp,fp,fn,tn
ecol-SAMN15147983,0.7777777777777778,0.7884615384615384,0.56,0.7857142857142857,0.6511627906976745,14,11,4,41
