isolate,recall,specificity,precision,accuracy,f1_score,tp,fp,fn,tn
ecol-SAMN15148593,0.75,0.8653846153846154,0.5172413793103449,0.8467741935483871,0.6122448979591838,30,28,10,180
