isolate,recall,specificity,precision,accuracy,f1_score,tp,fp,fn,tn
ecol-SAMN15148149,1.0,0.945054945054945,0.16666666666666666,0.9456521739130435,0.2857142857142857,1,5,0,86
