isolate,recall,specificity,precision,accuracy,f1_score,tp,fp,fn,tn
ecol-SAMN15148714,1.0,0.8947368421052632,0.2,0.8974358974358975,0.33333333333333337,1,4,0,34
