isolate,recall,specificity,precision,accuracy,f1_score,tp,fp,fn,tn
ecol-SAMN15148426,0.896774193548387,0.5684931506849316,0.6881188118811881,0.7375415282392026,0.7787114845938375,139,63,16,83
