isolate,recall,specificity,precision,accuracy,f1_score,tp,fp,fn,tn
ecol-SAMN15148089,0.9740740740740741,0.375,0.9293286219081273,0.9105960264900662,0.9511754068716094,263,20,7,12
