isolate,recall,specificity,precision,accuracy,f1_score,tp,fp,fn,tn
ecol-SAMN15148391,1.0,0.4496487119437939,0.2701863354037267,0.5428015564202334,0.42542787286063566,87,235,0,192
