isolate,recall,specificity,precision,accuracy,f1_score,tp,fp,fn,tn
ecol-SAMN15147972,0.9440993788819876,0.6428571428571429,0.9382716049382716,0.8994708994708994,0.9411764705882353,152,10,9,18
