isolate,recall,specificity,precision,accuracy,f1_score,tp,fp,fn,tn
ecol-SAMN15148139,0.9384615384615385,0.45454545454545453,0.8714285714285714,0.8404907975460123,0.9037037037037037,122,18,8,15
