isolate,recall,specificity,precision,accuracy,f1_score,tp,fp,fn,tn
ecol-SAMN15148089,0.40476190476190477,0.9461538461538461,0.5483870967741935,0.8708609271523179,0.4657534246575342,17,14,25,246
