isolate,recall,specificity,precision,accuracy,f1_score,tp,fp,fn,tn
ecol-SAMN15148627,1.0,0.9068627450980392,0.42424242424242425,0.9128440366972477,0.5957446808510638,14,19,0,185
