isolate,recall,specificity,precision,accuracy,f1_score,tp,fp,fn,tn
ecol-SAMN15148273,1.0,0.8238636363636364,0.08823529411764706,0.8268156424581006,0.1621621621621622,3,31,0,145
