isolate,recall,specificity,precision,accuracy,f1_score,tp,fp,fn,tn
ecol-SAMN15148267,1.0,0.8111111111111111,0.5526315789473685,0.8468468468468469,0.711864406779661,21,17,0,73
