isolate,recall,specificity,precision,accuracy,f1_score,tp,fp,fn,tn
ecol-SAMN15148048,0.9504132231404959,,1.0,0.9504132231404959,0.9745762711864406,115,0,6,0
