isolate,recall,specificity,precision,accuracy,f1_score,tp,fp,fn,tn
ecol-SAMN15148314,1.0,0.9743589743589743,0.75,0.9761904761904762,0.8571428571428571,3,1,0,38
