isolate,recall,specificity,precision,accuracy,f1_score,tp,fp,fn,tn
ecol-SAMN15148005,0.6363636363636364,0.7218045112781954,0.1590909090909091,0.7152777777777778,0.2545454545454546,7,37,4,96
