isolate,recall,specificity,precision,accuracy,f1_score,tp,fp,fn,tn
ecol-SAMN15148605,1.0,0.9088607594936708,0.7142857142857143,0.9257731958762887,0.8333333333333333,90,36,0,359
