isolate,recall,specificity,precision,accuracy,f1_score,tp,fp,fn,tn
ecol-SAMN15148070,0.6666666666666666,0.8709677419354839,0.2,0.8615384615384616,0.30769230769230765,2,8,1,54
