isolate,recall,specificity,precision,accuracy,f1_score,tp,fp,fn,tn
ecol-SAMN15148362,0.8622754491017964,0.0,0.9536423841059603,0.8275862068965517,0.9056603773584905,144,7,23,0
