isolate,recall,specificity,precision,accuracy,f1_score,tp,fp,fn,tn
ecol-SAMN15148215,0.9285714285714286,0.896551724137931,0.6842105263157895,0.9027777777777778,0.7878787878787878,13,6,1,52
