isolate,recall,specificity,precision,accuracy,f1_score,tp,fp,fn,tn
ecol-SAMN15147962,0.9523809523809523,0.8559322033898306,0.5405405405405406,0.8705035971223022,0.6896551724137931,20,17,1,101
