isolate,recall,specificity,precision,accuracy,f1_score,tp,fp,fn,tn
ecol-SAMN15148268,0.3333333333333333,0.8909090909090909,0.25,0.8360655737704918,0.28571428571428575,2,6,4,49
