isolate,recall,specificity,precision,accuracy,f1_score,tp,fp,fn,tn
ecol-SAMN15148228,0.42857142857142855,0.9354838709677419,0.42857142857142855,0.8840579710144928,0.42857142857142855,3,4,4,58
