isolate,recall,specificity,precision,accuracy,f1_score,tp,fp,fn,tn
ecol-SAMN15148072,0.6666666666666666,0.9481481481481482,0.2222222222222222,0.9420289855072463,0.3333333333333333,2,7,1,128
