isolate,recall,specificity,precision,accuracy,f1_score,tp,fp,fn,tn
ecol-SAMN15148149,1.0,0.9583333333333334,0.3333333333333333,0.9591836734693877,0.5,1,2,0,46
