isolate,recall,specificity,precision,accuracy,f1_score,tp,fp,fn,tn
ecol-SAMN15148090,0.9705882352941176,0.375,0.868421052631579,0.8571428571428571,0.9166666666666667,66,10,2,6
