isolate,recall,specificity,precision,accuracy,f1_score,tp,fp,fn,tn
ecol-SAMN15148732,1.0,0.7121212121212122,0.3448275862068966,0.75,0.5128205128205129,10,19,0,47
