isolate,recall,specificity,precision,accuracy,f1_score,tp,fp,fn,tn
ecol-SAMN15147997,1.0,0.8958333333333334,0.23076923076923078,0.898989898989899,0.375,3,10,0,86
