isolate,recall,specificity,precision,accuracy,f1_score,tp,fp,fn,tn
ecol-SAMN15148710,0.905511811023622,0.7083333333333334,0.9426229508196722,0.8741721854304636,0.9236947791164659,115,7,12,17
