isolate,recall,specificity,precision,accuracy,f1_score,tp,fp,fn,tn
ecol-SAMN15148426,0.777027027027027,0.7973856209150327,0.7876712328767124,0.7873754152823921,0.782312925170068,115,31,33,122
