isolate,recall,specificity,precision,accuracy,f1_score,tp,fp,fn,tn
ecol-SAMN15148099,0.9636363636363636,0.75,0.9814814814814815,0.9491525423728814,0.9724770642201834,53,1,2,3
