isolate,recall,specificity,precision,accuracy,f1_score,tp,fp,fn,tn
ecol-SAMN15148426,0.9142857142857143,0.8380952380952381,0.6530612244897959,0.8571428571428571,0.7619047619047618,32,17,3,88
