isolate,recall,specificity,precision,accuracy,f1_score,tp,fp,fn,tn
ecol-SAMN15148710,0.8823529411764706,0.782608695652174,0.6,0.8095238095238095,0.7142857142857143,15,10,2,36
