isolate,recall,specificity,precision,accuracy,f1_score,tp,fp,fn,tn
ecol-SAMN15148350,0.8878504672897196,0.7699115044247787,0.6462585034013606,0.8078078078078078,0.7480314960629922,95,52,12,174
