isolate,recall,specificity,precision,accuracy,f1_score,tp,fp,fn,tn
ecol-SAMN15148423,0.8913043478260869,0.5,0.9010989010989011,0.8272727272727273,0.8961748633879782,82,9,10,9
