isolate,recall,specificity,precision,accuracy,f1_score,tp,fp,fn,tn
ecol-SAMN15148138,0.5172413793103449,0.9389312977099237,0.6521739130434783,0.8625,0.576923076923077,15,8,14,123
