isolate,recall,specificity,precision,accuracy,f1_score,tp,fp,fn,tn
ecol-SAMN15148121,0.7962962962962963,0.5,0.9555555555555556,0.7758620689655172,0.8686868686868687,43,2,11,2
