isolate,recall,specificity,precision,accuracy,f1_score,tp,fp,fn,tn
ecol-SAMN15148207,0.9807692307692307,0.35,0.8869565217391304,0.8790322580645161,0.9315068493150686,102,13,2,7
