isolate,recall,specificity,precision,accuracy,f1_score,tp,fp,fn,tn
ecol-SAMN15148379,1.0,0.9583333333333334,0.9444444444444444,0.975609756097561,0.9714285714285714,17,1,0,23
