isolate,recall,specificity,precision,accuracy,f1_score,tp,fp,fn,tn
ecol-SAMN15148091,0.9736842105263158,0.4666666666666667,0.9024390243902439,0.8901098901098901,0.9367088607594938,74,8,2,7
