isolate,recall,specificity,precision,accuracy,f1_score,tp,fp,fn,tn
ecol-SAMN15148148,1.0,0.5,0.9534883720930233,0.9555555555555556,0.9761904761904763,41,2,0,2
