isolate,recall,specificity,precision,accuracy,f1_score,tp,fp,fn,tn
ecol-SAMN15147977,1.0,0.7547169811320755,0.30357142857142855,0.7784090909090909,0.4657534246575342,17,39,0,120
