isolate,recall,specificity,precision,accuracy,f1_score,tp,fp,fn,tn
ecol-SAMN15148102,0.8333333333333334,0.82,0.35714285714285715,0.8214285714285714,0.5,5,9,1,41
