isolate,recall,specificity,precision,accuracy,f1_score,tp,fp,fn,tn
ecol-SAMN15148229,0.2857142857142857,0.8941176470588236,0.5263157894736842,0.7166666666666667,0.37037037037037035,10,9,25,76
