isolate,recall,specificity,precision,accuracy,f1_score,tp,fp,fn,tn
ecol-SAMN15148091,0.4117647058823529,0.9594594594594594,0.7,0.8571428571428571,0.5185185185185185,7,3,10,71
