isolate,recall,specificity,precision,accuracy,f1_score,tp,fp,fn,tn
ecol-SAMN15148267,0.9029850746268657,0.5333333333333333,0.8962962962962963,0.8353658536585366,0.899628252788104,121,14,13,16
