isolate,recall,specificity,precision,accuracy,f1_score,tp,fp,fn,tn
ecol-SAMN15148268,0.9642857142857143,0.2,0.9310344827586207,0.9016393442622951,0.9473684210526316,54,4,2,1
