isolate,recall,specificity,precision,accuracy,f1_score,tp,fp,fn,tn
ecol-SAMN15148351,0.9230769230769231,0.3333333333333333,0.972972972972973,0.9012345679012346,0.9473684210526315,72,2,6,1
