isolate,recall,specificity,precision,accuracy,f1_score,tp,fp,fn,tn
ecol-SAMN15147962,0.859375,0.9090909090909091,0.990990990990991,0.8633093525179856,0.9205020920502092,110,1,18,10
