isolate,recall,specificity,precision,accuracy,f1_score,tp,fp,fn,tn
ecol-SAMN15148739,0.8571428571428571,0.8296296296296296,0.20689655172413793,0.8309859154929577,0.33333333333333326,6,23,1,112
