isolate,recall,specificity,precision,accuracy,f1_score,tp,fp,fn,tn
ecol-SAMN15148016,0.4166666666666667,0.8677685950413223,0.5555555555555556,0.7396449704142012,0.4761904761904762,20,16,28,105
