isolate,recall,specificity,precision,accuracy,f1_score,tp,fp,fn,tn
ecol-SAMN15148596,0.9215686274509803,0.7757009345794392,0.8867924528301887,0.8713826366559485,0.9038461538461539,188,24,16,83
