isolate,recall,specificity,precision,accuracy,f1_score,tp,fp,fn,tn
ecol-SAMN15148328,0.9074074074074074,0.896551724137931,0.9702970297029703,0.9051094890510949,0.937799043062201,98,3,10,26
