isolate,recall,specificity,precision,accuracy,f1_score,tp,fp,fn,tn
ecol-SAMN15148099,0.9523809523809523,0.7142857142857143,0.9803921568627451,0.9375,0.966183574879227,100,2,5,5
