isolate,recall,specificity,precision,accuracy,f1_score,tp,fp,fn,tn
ecol-SAMN15148127,0.9230769230769231,0.6805555555555556,0.6101694915254238,0.7657657657657657,0.7346938775510206,36,23,3,49
