isolate,recall,specificity,precision,accuracy,f1_score,tp,fp,fn,tn
ecol-SAMN15148426,0.897196261682243,0.8484848484848485,0.9504950495049505,0.8857142857142857,0.923076923076923,96,5,11,28
