isolate,recall,specificity,precision,accuracy,f1_score,tp,fp,fn,tn
ecol-SAMN15148720,0.8333333333333334,0.0,0.9574468085106383,0.8035714285714286,0.8910891089108911,45,2,9,0
