isolate,recall,specificity,precision,accuracy,f1_score,tp,fp,fn,tn
ecol-SAMN15148732,0.925531914893617,0.9333333333333333,0.9942857142857143,0.9261083743842364,0.9586776859504131,174,1,14,14
