isolate,recall,specificity,precision,accuracy,f1_score,tp,fp,fn,tn
ecol-SAMN15148143,0.8333333333333334,0.928,0.5263157894736842,0.9197080291970803,0.6451612903225806,10,9,2,116
