isolate,recall,specificity,precision,accuracy,f1_score,tp,fp,fn,tn
ecol-SAMN15148090,0.3170731707317073,0.9459459459459459,0.48148148148148145,0.86,0.3823529411764706,13,14,28,245
