isolate,recall,specificity,precision,accuracy,f1_score,tp,fp,fn,tn
ecol-SAMN15148548,0.9230769230769231,0.5555555555555556,0.9705882352941176,0.9013157894736842,0.946236559139785,132,4,11,5
