isolate,recall,specificity,precision,accuracy,f1_score,tp,fp,fn,tn
ecol-SAMN15148710,0.8157894736842105,0.8495575221238938,0.6458333333333334,0.8410596026490066,0.7209302325581395,31,17,7,96
