isolate,recall,specificity,precision,accuracy,f1_score,tp,fp,fn,tn
ecol-SAMN15148366,0.9632352941176471,0.5833333333333334,0.9632352941176471,0.9324324324324325,0.9632352941176471,131,5,5,7
