isolate,recall,specificity,precision,accuracy,f1_score,tp,fp,fn,tn
ecol-SAMN15148139,0.890625,0.6363636363636364,0.8769230769230769,0.8255813953488372,0.883720930232558,57,8,7,14
