isolate,recall,specificity,precision,accuracy,f1_score,tp,fp,fn,tn
ecol-SAMN15148018,0.7647058823529411,0.8688524590163934,0.6190476190476191,0.8461538461538461,0.6842105263157895,26,16,8,106
