isolate,recall,specificity,precision,accuracy,f1_score,tp,fp,fn,tn
ecol-SAMN15148388,0.7066666666666667,0.967741935483871,0.9814814814814815,0.7830188679245284,0.821705426356589,53,1,22,30
