isolate,recall,specificity,precision,accuracy,f1_score,tp,fp,fn,tn
ecol-SAMN15148053,0.983739837398374,0.6666666666666666,0.9758064516129032,0.9621212121212122,0.979757085020243,121,3,2,6
