isolate,recall,specificity,precision,accuracy,f1_score,tp,fp,fn,tn
ecol-SAMN15148482,0.7016129032258065,0.7727272727272727,0.8969072164948454,0.7202380952380952,0.7873303167420815,87,10,37,34
