isolate,recall,specificity,precision,accuracy,f1_score,tp,fp,fn,tn
ecol-SAMN15148596,0.9333333333333333,0.7833333333333333,0.6829268292682927,0.8333333333333334,0.7887323943661972,28,13,2,47
