isolate,recall,specificity,precision,accuracy,f1_score,tp,fp,fn,tn
ecol-SAMN15148229,0.2608695652173913,0.9130434782608695,0.6,0.6956521739130435,0.36363636363636365,6,4,17,42
