isolate,recall,specificity,precision,accuracy,f1_score,tp,fp,fn,tn
ecol-SAMN15148177,0.8493150684931506,0.8333333333333334,0.992,0.8486842105263158,0.915129151291513,372,3,66,15
