isolate,recall,specificity,precision,accuracy,f1_score,tp,fp,fn,tn
ecol-SAMN15148350,0.8821138211382114,0.8160919540229885,0.9313304721030042,0.8648648648648649,0.906054279749478,217,16,29,71
