isolate,recall,specificity,precision,accuracy,f1_score,tp,fp,fn,tn
ecol-SAMN15148515,0.9836065573770492,0.9248554913294798,0.821917808219178,0.9401709401709402,0.8955223880597014,60,13,1,160
