isolate,recall,specificity,precision,accuracy,f1_score,tp,fp,fn,tn
ecol-SAMN15148090,0.3333333333333333,0.9393939393939394,0.6,0.8095238095238095,0.42857142857142855,6,4,12,62
