isolate,recall,specificity,precision,accuracy,f1_score,tp,fp,fn,tn
ecol-SAMN15148138,1.0,0.6666666666666666,0.9193548387096774,0.9305555555555556,0.9579831932773109,57,5,0,10
