isolate,recall,specificity,precision,accuracy,f1_score,tp,fp,fn,tn
ecol-SAMN15148139,0.625,0.8064516129032258,0.5555555555555556,0.7558139534883721,0.5882352941176471,15,12,9,50
