isolate,recall,specificity,precision,accuracy,f1_score,tp,fp,fn,tn
ecol-SAMN15148127,0.9175257731958762,0.84,0.956989247311828,0.9016393442622951,0.9368421052631579,267,12,24,63
