isolate,recall,specificity,precision,accuracy,f1_score,tp,fp,fn,tn
ecol-SAMN15148118,0.7341772151898734,0.8709677419354839,0.9354838709677419,0.7727272727272727,0.8226950354609929,58,4,21,27
