isolate,recall,specificity,precision,accuracy,f1_score,tp,fp,fn,tn
ecol-SAMN15148570,0.9142857142857143,0.0,0.9552238805970149,0.8767123287671232,0.9343065693430657,64,3,6,0
