isolate,recall,specificity,precision,accuracy,f1_score,tp,fp,fn,tn
ecol-SAMN15148111,0.8938547486033519,0.673469387755102,0.9090909090909091,0.8464912280701754,0.9014084507042253,160,16,19,33
