isolate,recall,specificity,precision,accuracy,f1_score,tp,fp,fn,tn
ecol-SAMN15148215,0.9532710280373832,0.9444444444444444,0.9902912621359223,0.952,0.9714285714285714,102,1,5,17
