isolate,recall,specificity,precision,accuracy,f1_score,tp,fp,fn,tn
ecol-SAMN15148121,0.8137931034482758,0.2,0.9365079365079365,0.7741935483870968,0.8708487084870848,118,8,27,2
