isolate,recall,specificity,precision,accuracy,f1_score,tp,fp,fn,tn
ecol-SAMN15148111,0.8135593220338984,0.7916666666666666,0.9056603773584906,0.8072289156626506,0.8571428571428572,48,5,11,19
