isolate,recall,specificity,precision,accuracy,f1_score,tp,fp,fn,tn
ecol-SAMN15148268,0.9074074074074074,0.14285714285714285,0.9607843137254902,0.8757396449704142,0.9333333333333333,147,6,15,1
