isolate,recall,specificity,precision,accuracy,f1_score,tp,fp,fn,tn
ecol-SAMN15147983,0.775,0.7962962962962963,0.5849056603773585,0.7905405405405406,0.6666666666666666,31,22,9,86
