isolate,recall,specificity,precision,accuracy,f1_score,tp,fp,fn,tn
ecol-SAMN15148016,0.9038461538461539,0.75,0.9591836734693877,0.8833333333333333,0.9306930693069307,47,2,5,6
