isolate,recall,specificity,precision,accuracy,f1_score,tp,fp,fn,tn
ecol-SAMN15148400,0.9534883720930233,0.9821428571428571,0.9951456310679612,0.959409594095941,0.9738717339667458,205,1,10,55
