isolate,recall,specificity,precision,accuracy,f1_score,tp,fp,fn,tn
ecol-SAMN15148591,0.9565217391304348,0.0,0.88,0.8461538461538461,0.9166666666666666,44,6,2,0
