isolate,recall,specificity,precision,accuracy,f1_score,tp,fp,fn,tn
ecol-SAMN15148648,0.6283524904214559,0.9696969696969697,0.9939393939393939,0.6666666666666666,0.7699530516431924,164,1,97,32
