isolate,recall,specificity,precision,accuracy,f1_score,tp,fp,fn,tn
ecol-SAMN15147962,0.8059701492537313,0.8888888888888888,0.9818181818181818,0.8157894736842105,0.8852459016393442,54,1,13,8
