isolate,recall,specificity,precision,accuracy,f1_score,tp,fp,fn,tn
ecol-SAMN15148576,0.95,0.8305084745762712,0.6551724137931034,0.8607594936708861,0.7755102040816326,19,10,1,49
