isolate,recall,specificity,precision,accuracy,f1_score,tp,fp,fn,tn
ecol-SAMN15148102,0.84,0.8333333333333334,0.9767441860465116,0.8392857142857143,0.9032258064516129,42,1,8,5
