isolate,recall,specificity,precision,accuracy,f1_score,tp,fp,fn,tn
ecol-SAMN15148083,0.43478260869565216,0.9333333333333333,0.5,0.8670520231213873,0.46511627906976744,10,10,13,140
