isolate,recall,specificity,precision,accuracy,f1_score,tp,fp,fn,tn
ecol-SAMN15148060,0.8043478260869565,0.7272727272727273,0.925,0.7894736842105263,0.8604651162790697,37,3,9,8
