isolate,recall,specificity,precision,accuracy,f1_score,tp,fp,fn,tn
ecol-SAMN15148298,0.7916666666666666,0.8333333333333334,0.5428571428571428,0.825,0.6440677966101694,19,16,5,80
