isolate,recall,specificity,precision,accuracy,f1_score,tp,fp,fn,tn
ecol-SAMN15148366,0.5384615384615384,0.8962962962962963,0.3333333333333333,0.8648648648648649,0.41176470588235287,7,14,6,121
