isolate,recall,specificity,precision,accuracy,f1_score,tp,fp,fn,tn
ecol-SAMN15148127,0.8529411764705882,0.7992424242424242,0.6214285714285714,0.8142076502732241,0.7190082644628099,87,53,15,211
