isolate,recall,specificity,precision,accuracy,f1_score,tp,fp,fn,tn
ecol-SAMN15148388,0.96875,0.6486486486486487,0.543859649122807,0.7452830188679245,0.6966292134831461,31,26,1,48
