isolate,recall,specificity,precision,accuracy,f1_score,tp,fp,fn,tn
ecol-SAMN15148461,1.0,0.9152542372881356,0.2857142857142857,0.9180327868852459,0.4444444444444445,2,5,0,54
