isolate,recall,specificity,precision,accuracy,f1_score,tp,fp,fn,tn
ecol-SAMN15148093,0.4,0.8431372549019608,0.2,0.8035714285714286,0.26666666666666666,2,8,3,43
