isolate,recall,specificity,precision,accuracy,f1_score,tp,fp,fn,tn
ecol-SAMN15148596,0.7967479674796748,0.8404255319148937,0.765625,0.8231511254019293,0.7808764940239042,98,30,25,158
