isolate,recall,specificity,precision,accuracy,f1_score,tp,fp,fn,tn
ecol-SAMN15148548,0.8518518518518519,0.7142857142857143,0.9583333333333334,0.8360655737704918,0.9019607843137256,46,2,8,5
