isolate,recall,specificity,precision,accuracy,f1_score,tp,fp,fn,tn
ecol-SAMN15148596,0.8548387096774194,0.8571428571428571,0.9298245614035088,0.8555555555555555,0.8907563025210085,53,4,9,24
