isolate,recall,specificity,precision,accuracy,f1_score,tp,fp,fn,tn
ecol-SAMN15148548,1.0,0.8848920863309353,0.4482758620689655,0.8947368421052632,0.6190476190476191,13,16,0,123
