isolate,recall,specificity,precision,accuracy,f1_score,tp,fp,fn,tn
ecol-SAMN15148585,0.8271604938271605,0.0,0.9852941176470589,0.8170731707317073,0.8993288590604026,67,1,14,0
