isolate,recall,specificity,precision,accuracy,f1_score,tp,fp,fn,tn
ecol-SAMN15148025,0.6944444444444444,0.8064516129032258,0.5813953488372093,0.7751937984496124,0.6329113924050633,25,18,11,75
