isolate,recall,specificity,precision,accuracy,f1_score,tp,fp,fn,tn
ecol-SAMN15148016,1.0,0.8076923076923077,0.4444444444444444,0.8333333333333334,0.6153846153846153,8,10,0,42
