isolate,recall,specificity,precision,accuracy,f1_score,tp,fp,fn,tn
ecol-SAMN15148228,0.3333333333333333,0.9420849420849421,0.2857142857142857,0.9025270758122743,0.30769230769230765,6,15,12,244
