isolate,recall,specificity,precision,accuracy,f1_score,tp,fp,fn,tn
ecol-SAMN15148423,0.8661971830985915,0.5,0.8913043478260869,0.8023255813953488,0.8785714285714286,123,15,19,15
