isolate,recall,specificity,precision,accuracy,f1_score,tp,fp,fn,tn
ecol-SAMN15148145,0.5333333333333333,0.6590909090909091,0.34782608695652173,0.6271186440677966,0.4210526315789474,16,30,14,58
