isolate,recall,specificity,precision,accuracy,f1_score,tp,fp,fn,tn
ecol-SAMN15148461,1.0,0.8953488372093024,0.14285714285714285,0.8971428571428571,0.25,3,18,0,154
