isolate,recall,specificity,precision,accuracy,f1_score,tp,fp,fn,tn
ecol-SAMN15148591,0.15789473684210525,0.9047619047619048,0.23076923076923078,0.7903225806451613,0.18749999999999997,3,10,16,95
