isolate,recall,specificity,precision,accuracy,f1_score,tp,fp,fn,tn
ecol-SAMN15147963,0.9661016949152542,0.125,0.890625,0.8656716417910447,0.9268292682926829,57,7,2,1
