isolate,recall,specificity,precision,accuracy,f1_score,tp,fp,fn,tn
ecol-SAMN15148099,1.0,0.9454545454545454,0.5714285714285714,0.9491525423728814,0.7272727272727273,4,3,0,52
