isolate,recall,specificity,precision,accuracy,f1_score,tp,fp,fn,tn
ecol-SAMN15148136,0.8571428571428571,0.76,0.9148936170212766,0.8329177057356608,0.8850771869639794,258,24,43,76
