isolate,recall,specificity,precision,accuracy,f1_score,tp,fp,fn,tn
ecol-SAMN15148070,0.9114583333333334,0.3333333333333333,0.9887005649717514,0.9025641025641026,0.9485094850948509,175,2,17,1
