isolate,recall,specificity,precision,accuracy,f1_score,tp,fp,fn,tn
ecol-SAMN15148121,1.0,0.609271523178808,0.06349206349206349,0.6193548387096774,0.11940298507462686,4,59,0,92
