isolate,recall,specificity,precision,accuracy,f1_score,tp,fp,fn,tn
ecol-SAMN15148605,1.0,0.875,0.5357142857142857,0.8907563025210085,0.6976744186046512,15,13,0,91
