isolate,recall,specificity,precision,accuracy,f1_score,tp,fp,fn,tn
ecol-SAMN15148228,0.988929889298893,0.0,0.9781021897810219,0.9675090252707581,0.98348623853211,268,6,3,0
