isolate,recall,specificity,precision,accuracy,f1_score,tp,fp,fn,tn
ecol-SAMN15148267,1.0,0.743801652892562,0.581081081081081,0.8109756097560976,0.735042735042735,43,31,0,90
