isolate,recall,specificity,precision,accuracy,f1_score,tp,fp,fn,tn
ecol-SAMN15148548,1.0,0.8148148148148148,0.4117647058823529,0.8360655737704918,0.5833333333333334,7,10,0,44
