isolate,recall,specificity,precision,accuracy,f1_score,tp,fp,fn,tn
ecol-SAMN15148090,0.981549815498155,0.2413793103448276,0.9236111111111112,0.91,0.9516994633273704,266,22,5,7
