isolate,recall,specificity,precision,accuracy,f1_score,tp,fp,fn,tn
ecol-SAMN15148563,0.32558139534883723,0.8156424581005587,0.2978723404255319,0.7207207207207207,0.3111111111111111,14,33,29,146
