isolate,recall,specificity,precision,accuracy,f1_score,tp,fp,fn,tn
ecol-SAMN15148136,0.8909090909090909,0.8125,0.7313432835820896,0.8410596026490066,0.8032786885245902,49,18,6,78
