isolate,recall,specificity,precision,accuracy,f1_score,tp,fp,fn,tn
ecol-SAMN15148112,1.0,0.9014084507042254,0.8108108108108109,0.9306930693069307,0.8955223880597014,30,7,0,64
