isolate,recall,specificity,precision,accuracy,f1_score,tp,fp,fn,tn
ecol-SAMN15148328,0.855072463768116,0.9473684210526315,0.9833333333333333,0.875,0.9147286821705427,59,1,10,18
