isolate,recall,specificity,precision,accuracy,f1_score,tp,fp,fn,tn
ecol-SAMN15147970,0.7307692307692307,0.8809523809523809,0.95,0.7674418604651163,0.8260869565217392,95,5,35,37
