isolate,recall,specificity,precision,accuracy,f1_score,tp,fp,fn,tn
ecol-SAMN15148387,0.7602996254681648,0.8947368421052632,0.9806763285024155,0.7770491803278688,0.8565400843881856,203,4,64,34
