isolate,recall,specificity,precision,accuracy,f1_score,tp,fp,fn,tn
ecol-SAMN15148083,0.6666666666666666,0.9482758620689655,0.7272727272727273,0.9,0.6956521739130435,8,3,4,55
