isolate,recall,specificity,precision,accuracy,f1_score,tp,fp,fn,tn
ecol-SAMN15147970,0.937007874015748,0.625,0.5384615384615384,0.7243107769423559,0.6839080459770115,119,102,8,170
