isolate,recall,specificity,precision,accuracy,f1_score,tp,fp,fn,tn
kpne-SAMN21366091,0.9753086419753086,0.8723404255319149,0.8681318681318682,0.92,0.9186046511627908,79,12,2,82
