isolate,recall,specificity,precision,accuracy,f1_score,tp,fp,fn,tn
kpne-SAMN21366095,0.967741935483871,0.8604651162790697,0.8333333333333334,0.9054054054054054,0.8955223880597015,30,6,1,37
