isolate,recall,specificity,precision,accuracy,f1_score,tp,fp,fn,tn
kpne-SAMN21366050,0.9444444444444444,0.8648648648648649,0.8717948717948718,0.9041095890410958,0.9066666666666667,34,5,2,32
