isolate,recall,specificity,precision,accuracy,f1_score,tp,fp,fn,tn
kpne-SAMN21366070,0.9529411764705882,0.625,0.8181818181818182,0.8345864661654135,0.8804347826086957,81,18,4,30
