isolate,recall,specificity,precision,accuracy,f1_score,tp,fp,fn,tn
kpne-SAMN21366091,0.9824561403508771,0.9375,0.9655172413793104,0.9662921348314607,0.9739130434782608,56,2,1,30
