isolate,recall,specificity,precision,accuracy,f1_score,tp,fp,fn,tn
kpne-SAMN21366095,0.8660714285714286,0.9622641509433962,0.9797979797979798,0.896969696969697,0.919431279620853,97,2,15,51
