isolate,recall,specificity,precision,accuracy,f1_score,tp,fp,fn,tn
kpne-SAMN21366063,0.8721804511278195,0.5641025641025641,0.8721804511278195,0.8023255813953488,0.8721804511278195,116,17,17,22
