isolate,recall,specificity,precision,accuracy,f1_score,tp,fp,fn,tn
kpne-SAMN21366091,0.9629629629629629,0.8656716417910447,0.9203539823008849,0.9257142857142857,0.9411764705882353,104,9,4,58
