isolate,recall,specificity,precision,accuracy,f1_score,tp,fp,fn,tn
kpne-SAMN21366043,0.9183673469387755,0.9705882352941176,0.9574468085106383,0.9487179487179487,0.9375000000000001,45,2,4,66
