isolate,recall,specificity,precision,accuracy,f1_score,tp,fp,fn,tn
kpne-SAMN21366091,1.0,0.9230769230769231,0.9024390243902439,0.9550561797752809,0.9487179487179488,37,4,0,48
