isolate,recall,specificity,precision,accuracy,f1_score,tp,fp,fn,tn
kpne-SAMN21366050,0.9142857142857143,0.9310344827586207,0.9411764705882353,0.921875,0.9275362318840579,32,2,3,27
