isolate,recall,specificity,precision,accuracy,f1_score,tp,fp,fn,tn
kpne-SAMN21366050,0.8974358974358975,0.9117647058823529,0.9210526315789473,0.9041095890410958,0.9090909090909091,35,3,4,31
