isolate,recall,specificity,precision,accuracy,f1_score,tp,fp,fn,tn
kpne-SAMN21366070,0.75,0.9807692307692307,0.9642857142857143,0.8863636363636364,0.8437499999999999,27,1,9,51
