isolate,recall,specificity,precision,accuracy,f1_score,tp,fp,fn,tn
kpne-SAMN21366070,0.8363636363636363,0.9358974358974359,0.9019607843137255,0.8947368421052632,0.8679245283018867,46,5,9,73
