isolate,recall,specificity,precision,accuracy,f1_score,tp,fp,fn,tn
kpne-SAMN21366063,0.8536585365853658,0.7557251908396947,0.5223880597014925,0.7790697674418605,0.6481481481481481,35,32,6,99
