isolate,recall,specificity,precision,accuracy,f1_score,tp,fp,fn,tn
kpne-SAMN21366069,0.8,0.9,0.8372093023255814,0.8608695652173913,0.8181818181818183,36,7,9,63
