isolate,recall,specificity,precision,accuracy,f1_score,tp,fp,fn,tn
kpne-SAMN21366069,0.6818181818181818,0.9333333333333333,0.8333333333333334,0.8507462686567164,0.7499999999999999,15,3,7,42
