isolate,recall,specificity,precision,accuracy,f1_score,tp,fp,fn,tn
kpne-SAMN21366095,0.8913043478260869,0.9642857142857143,0.9761904761904762,0.918918918918919,0.9318181818181818,41,1,5,27
