isolate,recall,specificity,precision,accuracy,f1_score,tp,fp,fn,tn
kpne-SAMN21366038,0.6956521739130435,0.8507462686567164,0.6153846153846154,0.8111111111111111,0.6530612244897959,16,10,7,57
