isolate,recall,specificity,precision,accuracy,f1_score,tp,fp,fn,tn
kpne-SAMN21366063,0.9032258064516129,0.5652173913043478,0.8484848484848485,0.8117647058823529,0.875,56,10,6,13
