isolate,recall,specificity,precision,accuracy,f1_score,tp,fp,fn,tn
kpne-SAMN21366094,0.9861111111111112,0.8043478260869565,0.797752808988764,0.8841463414634146,0.8819875776397516,71,18,1,74
