isolate,recall,specificity,precision,accuracy,f1_score,tp,fp,fn,tn
kpne-SAMN21366069,0.9591836734693877,0.6111111111111112,0.8703703703703703,0.8656716417910447,0.912621359223301,47,7,2,11
