isolate,recall,specificity,precision,accuracy,f1_score,tp,fp,fn,tn
kpne-SAMN21366094,0.9158878504672897,0.9122807017543859,0.9514563106796117,0.9146341463414634,0.9333333333333335,98,5,9,52
