isolate,recall,specificity,precision,accuracy,f1_score,tp,fp,fn,tn
kpne-SAMN21366070,0.9811320754716981,0.7142857142857143,0.8387096774193549,0.875,0.9043478260869565,52,10,1,25
