isolate,recall,specificity,precision,accuracy,f1_score,tp,fp,fn,tn
kpne-SAMN21366037,0.9236641221374046,0.5328467153284672,0.654054054054054,0.7238805970149254,0.7658227848101266,121,64,10,73
