isolate,recall,specificity,precision,accuracy,f1_score,tp,fp,fn,tn
kpne-SAMN21366063,0.8260869565217391,0.8225806451612904,0.6333333333333333,0.8235294117647058,0.7169811320754716,19,11,4,51
