isolate,recall,specificity,precision,accuracy,f1_score,tp,fp,fn,tn
kpne-SAMN21366037,0.9743589743589743,0.5740740740740741,0.7676767676767676,0.8106060606060606,0.8587570621468926,76,23,2,31
