isolate,recall,specificity,precision,accuracy,f1_score,tp,fp,fn,tn
kpne-SAMN21366095,0.9333333333333333,0.6571428571428571,0.6086956521739131,0.7575757575757576,0.7368421052631579,56,36,4,69
