isolate,recall,specificity,precision,accuracy,f1_score,tp,fp,fn,tn
kpne-SAMN21366043,1.0,0.7560975609756098,0.8837209302325582,0.9145299145299145,0.9382716049382717,76,10,0,31
