isolate,recall,specificity,precision,accuracy,f1_score,tp,fp,fn,tn
kpne-SAMN21366037,0.813953488372093,0.8333333333333334,0.8974358974358975,0.8208955223880597,0.8536585365853658,140,16,32,80
