isolate,recall,specificity,precision,accuracy,f1_score,tp,fp,fn,tn
kpne-SAMN21366037,0.7068965517241379,0.9054054054054054,0.8541666666666666,0.8181818181818182,0.7735849056603773,41,7,17,67
