isolate,recall,specificity,precision,accuracy,f1_score,tp,fp,fn,tn
kpne-SAMN21366038,0.8732394366197183,0.47368421052631576,0.8611111111111112,0.7888888888888889,0.8671328671328671,62,10,9,9
