isolate,recall,specificity,precision,accuracy,f1_score,tp,fp,fn,tn
kpne-SAMN21366038,0.8181818181818182,0.7272727272727273,0.9,0.7954545454545454,0.8571428571428572,27,3,6,8
