isolate,recall,specificity,precision,accuracy,f1_score,tp,fp,fn,tn
kpne-SAMN21366069,0.9146341463414634,0.696969696969697,0.8823529411764706,0.8521739130434782,0.8982035928143712,75,10,7,23
