isolate,recall,specificity,precision,accuracy,f1_score,tp,fp,fn,tn
kpne-SAMN21366094,0.9811320754716981,0.9629629629629629,0.9811320754716981,0.975,0.9811320754716981,52,1,1,26
