isolate,recall,specificity,precision,accuracy,f1_score,tp,fp,fn,tn
ecol-SAMN15148090,0.9411764705882353,0.375,0.8648648648648649,0.8333333333333334,0.9014084507042254,64,10,4,6
