isolate,recall,specificity,precision,accuracy,f1_score,tp,fp,fn,tn
ecol-SAMN15148143,0.8968253968253969,0.9090909090909091,0.9912280701754386,0.8978102189781022,0.9416666666666667,113,1,13,10
