isolate,recall,specificity,precision,accuracy,f1_score,tp,fp,fn,tn
ecol-SAMN15148482,0.40397350993377484,0.7659574468085106,0.580952380952381,0.6047197640117994,0.47656250000000006,61,44,90,144
