isolate,recall,specificity,precision,accuracy,f1_score,tp,fp,fn,tn
ecol-SAMN15148090,0.5,0.9090909090909091,0.6,0.8214285714285714,0.5454545454545454,9,6,9,60
