isolate,recall,specificity,precision,accuracy,f1_score,tp,fp,fn,tn
ecol-SAMN15147972,0.9791666666666666,0.6111111111111112,0.9306930693069307,0.9210526315789473,0.9543147208121827,94,7,2,11
