isolate,recall,specificity,precision,accuracy,f1_score,tp,fp,fn,tn
ecol-SAMN15148090,0.977859778597786,0.2413793103448276,0.9233449477351916,0.9066666666666666,0.9498207885304659,265,22,6,7
