isolate,recall,specificity,precision,accuracy,f1_score,tp,fp,fn,tn
ecol-SAMN15148426,0.9532710280373832,0.45454545454545453,0.85,0.8357142857142857,0.8986784140969163,102,18,5,15
