isolate,recall,specificity,precision,accuracy,f1_score,tp,fp,fn,tn
ecol-SAMN15148111,0.9776536312849162,0.30612244897959184,0.8373205741626795,0.8333333333333334,0.9020618556701031,175,34,4,15
