isolate,recall,specificity,precision,accuracy,f1_score,tp,fp,fn,tn
ecol-SAMN15148368,0.42857142857142855,0.9879518072289156,0.5,0.97265625,0.4615384615384615,3,3,4,246
