isolate,recall,specificity,precision,accuracy,f1_score,tp,fp,fn,tn
ecol-SAMN15148039,1.0,0.9318181818181818,0.4,0.9347826086956522,0.5714285714285715,2,3,0,41
