isolate,recall,specificity,precision,accuracy,f1_score,tp,fp,fn,tn
ecol-SAMN15148461,1.0,0.8813559322033898,0.2222222222222222,0.8852459016393442,0.3636363636363636,2,7,0,52
