isolate,recall,specificity,precision,accuracy,f1_score,tp,fp,fn,tn
ecol-SAMN15147997,0.9583333333333334,1.0,1.0,0.9595959595959596,0.9787234042553191,92,0,4,3
