isolate,recall,specificity,precision,accuracy,f1_score,tp,fp,fn,tn
ecol-SAMN15147997,1.0,0.8809523809523809,0.2857142857142857,0.8863636363636364,0.4444444444444445,2,5,0,37
