isolate,recall,specificity,precision,accuracy,f1_score,tp,fp,fn,tn
ecol-SAMN15148400,0.9627906976744186,0.875,0.9672897196261683,0.9446494464944649,0.9650349650349651,207,7,8,49
