isolate,recall,specificity,precision,accuracy,f1_score,tp,fp,fn,tn
ecol-SAMN15148121,0.9379310344827586,0.3,0.951048951048951,0.896774193548387,0.9444444444444445,136,7,9,3
