isolate,recall,specificity,precision,accuracy,f1_score,tp,fp,fn,tn
ecol-SAMN15148426,0.21621621621621623,0.9019607843137255,0.6808510638297872,0.5647840531561462,0.3282051282051282,32,15,116,138
