isolate,recall,specificity,precision,accuracy,f1_score,tp,fp,fn,tn
ecol-SAMN15148091,0.9473684210526315,0.4,0.8888888888888888,0.8571428571428571,0.9171974522292994,72,9,4,6
