isolate,recall,specificity,precision,accuracy,f1_score,tp,fp,fn,tn
ecol-SAMN15148701,0.9344262295081968,0.6428571428571429,0.957983193277311,0.9044117647058824,0.9460580912863071,114,5,8,9
