isolate,recall,specificity,precision,accuracy,f1_score,tp,fp,fn,tn
ecol-SAMN15148143,0.75,0.8409090909090909,0.4067796610169492,0.8293650793650794,0.5274725274725275,24,35,8,185
