isolate,recall,specificity,precision,accuracy,f1_score,tp,fp,fn,tn
ecol-SAMN15148593,0.8666666666666667,0.8805970149253731,0.6190476190476191,0.8780487804878049,0.7222222222222222,13,8,2,59
