isolate,recall,specificity,precision,accuracy,f1_score,tp,fp,fn,tn
ecol-SAMN15148060,0.625,0.947565543071161,0.5172413793103449,0.9209621993127147,0.5660377358490567,15,14,9,253
