isolate,recall,specificity,precision,accuracy,f1_score,tp,fp,fn,tn
ecol-SAMN15148350,0.983739837398374,0.28735632183908044,0.7960526315789473,0.8018018018018018,0.88,242,62,4,25
