isolate,recall,specificity,precision,accuracy,f1_score,tp,fp,fn,tn
ecol-SAMN15148387,0.9213483146067416,0.8421052631578947,0.9761904761904762,0.9114754098360656,0.9479768786127167,246,6,21,32
