isolate,recall,specificity,precision,accuracy,f1_score,tp,fp,fn,tn
ecol-SAMN15148099,0.9904761904761905,0.5714285714285714,0.9719626168224299,0.9642857142857143,0.9811320754716981,104,3,1,4
