isolate,recall,specificity,precision,accuracy,f1_score,tp,fp,fn,tn
ecol-SAMN15148118,0.9873417721518988,0.6774193548387096,0.8863636363636364,0.9,0.9341317365269461,78,10,1,21
