isolate,recall,specificity,precision,accuracy,f1_score,tp,fp,fn,tn
ecol-SAMN15148515,0.9180327868852459,1.0,1.0,0.9786324786324786,0.9572649572649572,56,0,5,173
