isolate,recall,specificity,precision,accuracy,f1_score,tp,fp,fn,tn
ecol-SAMN15148070,0.984375,0.3333333333333333,0.9895287958115183,0.9743589743589743,0.9869451697127937,189,2,3,1
