isolate,recall,specificity,precision,accuracy,f1_score,tp,fp,fn,tn
ecol-SAMN15148060,0.8888888888888888,0.875,0.5714285714285714,0.8771929824561403,0.6956521739130435,8,6,1,42
