isolate,recall,specificity,precision,accuracy,f1_score,tp,fp,fn,tn
ecol-SAMN15148025,1.0,0.2727272727272727,0.8,0.813953488372093,0.888888888888889,96,24,0,9
