isolate,recall,specificity,precision,accuracy,f1_score,tp,fp,fn,tn
ecol-SAMN15148362,1.0,0.9593023255813954,0.2222222222222222,0.9597701149425287,0.3636363636363636,2,7,0,165
