isolate,recall,specificity,precision,accuracy,f1_score,tp,fp,fn,tn
ecol-SAMN15148515,1.0,0.896551724137931,0.967032967032967,0.9743589743589743,0.9832402234636871,176,6,0,52
