isolate,recall,specificity,precision,accuracy,f1_score,tp,fp,fn,tn
ecol-SAMN15148475,0.9691358024691358,0.20987654320987653,0.7104072398190046,0.7160493827160493,0.8198433420365535,157,64,5,17
