isolate,recall,specificity,precision,accuracy,f1_score,tp,fp,fn,tn
ecol-SAMN15148605,1.0,0.9423076923076923,0.7142857142857143,0.9495798319327731,0.8333333333333333,15,6,0,98
