isolate,recall,specificity,precision,accuracy,f1_score,tp,fp,fn,tn
ecol-SAMN15148426,0.5714285714285714,0.9142857142857143,0.6896551724137931,0.8285714285714286,0.625,20,9,15,96
