isolate,recall,specificity,precision,accuracy,f1_score,tp,fp,fn,tn
ecol-SAMN15148072,1.0,0.9024390243902439,0.42857142857142855,0.9090909090909091,0.6,3,4,0,37
