isolate,recall,specificity,precision,accuracy,f1_score,tp,fp,fn,tn
ecol-SAMN15148138,0.3888888888888889,0.9814814814814815,0.875,0.8333333333333334,0.5384615384615385,7,1,11,53
