isolate,recall,specificity,precision,accuracy,f1_score,tp,fp,fn,tn
ecol-SAMN15148207,1.0,0.375,0.8863636363636364,0.8936170212765957,0.9397590361445783,39,5,0,3
