isolate,recall,specificity,precision,accuracy,f1_score,tp,fp,fn,tn
ecol-SAMN15148648,0.678082191780822,0.75,0.9339622641509434,0.6896551724137931,0.7857142857142858,99,7,47,21
