isolate,recall,specificity,precision,accuracy,f1_score,tp,fp,fn,tn
ecol-SAMN15148388,0.8764044943820225,0.4578313253012048,0.8387096774193549,0.7771428571428571,0.8571428571428572,234,45,33,38
