isolate,recall,specificity,precision,accuracy,f1_score,tp,fp,fn,tn
ecol-SAMN15148328,0.9629629629629629,0.7586206896551724,0.9369369369369369,0.9197080291970803,0.9497716894977168,104,7,4,22
