isolate,recall,specificity,precision,accuracy,f1_score,tp,fp,fn,tn
ecol-SAMN15148328,0.975,0.9278350515463918,0.8478260869565217,0.9416058394160584,0.9069767441860466,39,7,1,90
