isolate,recall,specificity,precision,accuracy,f1_score,tp,fp,fn,tn
ecol-SAMN15148149,1.0,0.989010989010989,0.5,0.9891304347826086,0.6666666666666666,1,1,0,90
