isolate,recall,specificity,precision,accuracy,f1_score,tp,fp,fn,tn
ecol-SAMN15148273,1.0,0.9545454545454546,0.2727272727272727,0.9553072625698324,0.42857142857142855,3,8,0,168
