isolate,recall,specificity,precision,accuracy,f1_score,tp,fp,fn,tn
ecol-SAMN15148585,0.8641975308641975,0.0,0.9859154929577465,0.8536585365853658,0.9210526315789475,70,1,11,0
