isolate,recall,specificity,precision,accuracy,f1_score,tp,fp,fn,tn
ecol-SAMN15148391,0.9540229885057471,0.6651053864168618,0.3672566371681416,0.7140077821011673,0.5303514376996805,83,143,4,284
