isolate,recall,specificity,precision,accuracy,f1_score,tp,fp,fn,tn
ecol-SAMN15148177,0.9840182648401826,0.2222222222222222,0.9685393258426966,0.9539473684210527,0.9762174405436014,431,14,7,4
