isolate,recall,specificity,precision,accuracy,f1_score,tp,fp,fn,tn
ecol-SAMN15148475,0.6875,0.8870967741935484,0.6111111111111112,0.8461538461538461,0.6470588235294118,11,7,5,55
