isolate,recall,specificity,precision,accuracy,f1_score,tp,fp,fn,tn
ecol-SAMN15148400,1.0,0.8953488372093024,0.55,0.9072164948453608,0.7096774193548387,11,9,0,77
