isolate,recall,specificity,precision,accuracy,f1_score,tp,fp,fn,tn
ecol-SAMN15148228,0.1111111111111111,0.9922779922779923,0.5,0.9350180505415162,0.1818181818181818,2,2,16,257
