isolate,recall,specificity,precision,accuracy,f1_score,tp,fp,fn,tn
ecol-SAMN15148591,1.0,0.0,0.8387096774193549,0.8387096774193549,0.9122807017543859,104,20,0,0
