isolate,recall,specificity,precision,accuracy,f1_score,tp,fp,fn,tn
ecol-SAMN15148350,0.5405405405405406,0.9753086419753086,0.9090909090909091,0.8389830508474576,0.6779661016949153,20,2,17,79
