isolate,recall,specificity,precision,accuracy,f1_score,tp,fp,fn,tn
ecol-SAMN15148482,0.8225806451612904,0.5681818181818182,0.8429752066115702,0.7559523809523809,0.8326530612244898,102,19,22,25
