isolate,recall,specificity,precision,accuracy,f1_score,tp,fp,fn,tn
ecol-SAMN15148025,0.2222222222222222,1.0,1.0,0.8333333333333334,0.3636363636363636,2,0,7,33
