isolate,recall,specificity,precision,accuracy,f1_score,tp,fp,fn,tn
ecol-SAMN15148229,0.17391304347826086,1.0,1.0,0.7246376811594203,0.29629629629629634,4,0,19,46
