isolate,recall,specificity,precision,accuracy,f1_score,tp,fp,fn,tn
ecol-SAMN15148177,0.625,0.9639423076923077,0.625,0.9342105263157895,0.625,25,15,15,401
