isolate,recall,specificity,precision,accuracy,f1_score,tp,fp,fn,tn
ecol-SAMN15147962,0.8507462686567164,0.6666666666666666,0.95,0.8289473684210527,0.8976377952755905,57,3,10,6
