isolate,recall,specificity,precision,accuracy,f1_score,tp,fp,fn,tn
ecol-SAMN15148548,1.0,0.8571428571428571,0.9818181818181818,0.9836065573770492,0.9908256880733944,54,1,0,6
