isolate,recall,specificity,precision,accuracy,f1_score,tp,fp,fn,tn
ecol-SAMN15148701,0.9180327868852459,0.6666666666666666,0.9491525423728814,0.8857142857142857,0.9333333333333333,56,3,5,6
