isolate,recall,specificity,precision,accuracy,f1_score,tp,fp,fn,tn
ecol-SAMN15148049,1.0,0.8333333333333334,0.23333333333333334,0.8413793103448276,0.37837837837837834,7,23,0,115
