isolate,recall,specificity,precision,accuracy,f1_score,tp,fp,fn,tn
ecol-SAMN15148072,1.0,0.9481481481481482,0.3,0.9492753623188406,0.4615384615384615,3,7,0,128
