isolate,recall,specificity,precision,accuracy,f1_score,tp,fp,fn,tn
ecol-SAMN15148482,0.6730769230769231,0.7758620689655172,0.5737704918032787,0.7440476190476191,0.6194690265486725,35,26,17,90
