isolate,recall,specificity,precision,accuracy,f1_score,tp,fp,fn,tn
ecol-SAMN15147963,0.16666666666666666,0.990990990990991,0.75,0.875968992248062,0.27272727272727276,3,1,15,110
