isolate,recall,specificity,precision,accuracy,f1_score,tp,fp,fn,tn
ecol-SAMN15148111,0.35443037974683544,0.9530201342281879,0.8,0.7456140350877193,0.4912280701754386,28,7,51,142
