isolate,recall,specificity,precision,accuracy,f1_score,tp,fp,fn,tn
ecol-SAMN15148423,1.0,0.937007874015748,0.8490566037735849,0.9534883720930233,0.9183673469387755,45,8,0,119
