isolate,recall,specificity,precision,accuracy,f1_score,tp,fp,fn,tn
ecol-SAMN15148136,0.7338129496402878,0.9007633587786259,0.796875,0.8428927680798005,0.7640449438202247,102,26,37,236
