isolate,recall,specificity,precision,accuracy,f1_score,tp,fp,fn,tn
ecol-SAMN15148215,0.6818181818181818,0.9320388349514563,0.6818181818181818,0.888,0.6818181818181818,15,7,7,96
