isolate,recall,specificity,precision,accuracy,f1_score,tp,fp,fn,tn
ecol-SAMN15148217,0.5555555555555556,0.9844961240310077,0.7142857142857143,0.9565217391304348,0.6250000000000001,5,2,4,127
