isolate,recall,specificity,precision,accuracy,f1_score,tp,fp,fn,tn
ecol-SAMN15148267,1.0,0.9444444444444444,0.8076923076923077,0.954954954954955,0.8936170212765957,21,5,0,85
