isolate,recall,specificity,precision,accuracy,f1_score,tp,fp,fn,tn
ecol-SAMN15148060,0.9731800766283525,0.4,0.9338235294117647,0.9140893470790378,0.9530956848030019,254,18,7,12
