isolate,recall,specificity,precision,accuracy,f1_score,tp,fp,fn,tn
ecol-SAMN15148263,0.8567708333333334,0.7333333333333333,0.9762611275964391,0.8478260869565217,0.912621359223301,329,8,55,22
