isolate,recall,specificity,precision,accuracy,f1_score,tp,fp,fn,tn
ecol-SAMN15148576,0.1927710843373494,0.910958904109589,0.5517241379310345,0.6506550218340611,0.28571428571428575,16,13,67,133
