isolate,recall,specificity,precision,accuracy,f1_score,tp,fp,fn,tn
ecol-SAMN15148349,1.0,0.8780487804878049,0.375,0.8863636363636364,0.5454545454545454,3,5,0,36
