isolate,recall,specificity,precision,accuracy,f1_score,tp,fp,fn,tn
ecol-SAMN15148016,0.9923664122137404,0.0,0.7738095238095238,0.7692307692307693,0.8695652173913043,130,38,1,0
