isolate,recall,specificity,precision,accuracy,f1_score,tp,fp,fn,tn
ecol-SAMN15147983,0.9743589743589743,0.16129032258064516,0.8142857142857143,0.8040540540540541,0.88715953307393,114,26,3,5
