isolate,recall,specificity,precision,accuracy,f1_score,tp,fp,fn,tn
ecol-SAMN15148482,0.8776371308016878,0.28431372549019607,0.7402135231316725,0.6991150442477876,0.8030888030888031,208,73,29,29
