isolate,recall,specificity,precision,accuracy,f1_score,tp,fp,fn,tn
ecol-SAMN15148215,0.9719626168224299,0.8333333333333334,0.9719626168224299,0.952,0.9719626168224299,104,3,3,15
