isolate,recall,specificity,precision,accuracy,f1_score,tp,fp,fn,tn
ecol-SAMN15148739,0.2857142857142857,0.8740740740740741,0.10526315789473684,0.8450704225352113,0.15384615384615385,2,17,5,118
