isolate,recall,specificity,precision,accuracy,f1_score,tp,fp,fn,tn
ecol-SAMN15148648,0.84375,0.5774647887323944,0.3103448275862069,0.6264367816091954,0.45378151260504207,27,60,5,82
