isolate,recall,specificity,precision,accuracy,f1_score,tp,fp,fn,tn
ecol-SAMN15148145,0.9904761904761905,0.6153846153846154,0.9541284403669725,0.9491525423728814,0.9719626168224299,104,5,1,8
