isolate,recall,specificity,precision,accuracy,f1_score,tp,fp,fn,tn
ecol-SAMN15148263,0.8066666666666666,0.7,0.952755905511811,0.7941176470588235,0.8736462093862815,121,6,29,14
