isolate,recall,specificity,precision,accuracy,f1_score,tp,fp,fn,tn
ecol-SAMN15148145,0.3333333333333333,0.9318181818181818,0.625,0.7796610169491526,0.43478260869565216,10,6,20,82
