isolate,recall,specificity,precision,accuracy,f1_score,tp,fp,fn,tn
ecol-SAMN15148118,0.6336633663366337,0.9847908745247148,0.9411764705882353,0.8873626373626373,0.7573964497041421,64,4,37,259
