isolate,recall,specificity,precision,accuracy,f1_score,tp,fp,fn,tn
ecol-SAMN15148145,0.8,0.9555555555555556,0.6666666666666666,0.94,0.7272727272727272,4,2,1,43
