isolate,recall,specificity,precision,accuracy,f1_score,tp,fp,fn,tn
ecol-SAMN15148397,1.0,0.7142857142857143,0.9902439024390244,0.9904761904761905,0.9950980392156863,203,2,0,5
