isolate,recall,specificity,precision,accuracy,f1_score,tp,fp,fn,tn
ecol-SAMN15147970,0.68,0.6967213114754098,0.4788732394366197,0.6918604651162791,0.5619834710743802,34,37,16,85
