isolate,recall,specificity,precision,accuracy,f1_score,tp,fp,fn,tn
ecol-SAMN15148397,0.8571428571428571,0.9901477832512315,0.75,0.9857142857142858,0.7999999999999999,6,2,1,201
