isolate,recall,specificity,precision,accuracy,f1_score,tp,fp,fn,tn
ecol-SAMN15147970,0.8307692307692308,0.6428571428571429,0.8780487804878049,0.7848837209302325,0.8537549407114625,108,15,22,27
