isolate,recall,specificity,precision,accuracy,f1_score,tp,fp,fn,tn
ecol-SAMN15148360,0.9583333333333334,0.0,0.92,0.8846153846153846,0.9387755102040817,46,4,2,0
