isolate,recall,specificity,precision,accuracy,f1_score,tp,fp,fn,tn
ecol-SAMN15147972,0.9565217391304348,0.6785714285714286,0.9447852760736196,0.9153439153439153,0.9506172839506172,154,9,7,19
