isolate,recall,specificity,precision,accuracy,f1_score,tp,fp,fn,tn
ecol-SAMN15148268,1.0,0.14285714285714285,0.9642857142857143,0.9644970414201184,0.9818181818181818,162,6,0,1
