isolate,recall,specificity,precision,accuracy,f1_score,tp,fp,fn,tn
ecol-SAMN15148720,0.2,0.9612403100775194,0.16666666666666666,0.9328358208955224,0.1818181818181818,1,5,4,124
