isolate,recall,specificity,precision,accuracy,f1_score,tp,fp,fn,tn
ecol-SAMN15148136,0.9272727272727272,0.84375,0.7727272727272727,0.8741721854304636,0.8429752066115703,51,15,4,81
