isolate,recall,specificity,precision,accuracy,f1_score,tp,fp,fn,tn
ecol-SAMN15148366,1.0,0.5833333333333334,0.9645390070921985,0.9662162162162162,0.9819494584837545,136,5,0,7
