isolate,recall,specificity,precision,accuracy,f1_score,tp,fp,fn,tn
ecol-SAMN15148024,1.0,0.8333333333333334,0.9973614775725593,0.9973958333333334,0.9986789960369881,378,1,0,5
