isolate,recall,specificity,precision,accuracy,f1_score,tp,fp,fn,tn
ecol-SAMN15148360,0.9862068965517241,0.0,0.9533333333333334,0.9407894736842105,0.9694915254237289,143,7,2,0
