isolate,recall,specificity,precision,accuracy,f1_score,tp,fp,fn,tn
ecol-SAMN15148127,0.6372549019607843,0.9659090909090909,0.8783783783783784,0.8743169398907104,0.7386363636363635,65,9,37,255
