isolate,recall,specificity,precision,accuracy,f1_score,tp,fp,fn,tn
ecol-SAMN15148102,0.6428571428571429,0.8309859154929577,0.42857142857142855,0.8,0.5142857142857143,9,12,5,59
