isolate,recall,specificity,precision,accuracy,f1_score,tp,fp,fn,tn
ecol-SAMN15148267,0.978494623655914,0.7222222222222222,0.9479166666666666,0.9369369369369369,0.962962962962963,91,5,2,13
