isolate,recall,specificity,precision,accuracy,f1_score,tp,fp,fn,tn
ecol-SAMN15147977,0.9175257731958762,0.375,0.9468085106382979,0.8761904761904762,0.9319371727748691,89,5,8,3
