isolate,recall,specificity,precision,accuracy,f1_score,tp,fp,fn,tn
ecol-SAMN15148576,0.3,0.8983050847457628,0.5,0.7468354430379747,0.37499999999999994,6,6,14,53
