isolate,recall,specificity,precision,accuracy,f1_score,tp,fp,fn,tn
ecol-SAMN15148547,1.0,0.926829268292683,0.5,0.9318181818181818,0.6666666666666666,3,3,0,38
