isolate,recall,specificity,precision,accuracy,f1_score,tp,fp,fn,tn
ecol-SAMN15148368,1.0,0.5,0.9803921568627451,0.9807692307692307,0.99009900990099,50,1,0,1
