isolate,recall,specificity,precision,accuracy,f1_score,tp,fp,fn,tn
ecol-SAMN15148548,1.0,0.935251798561151,0.5909090909090909,0.9407894736842105,0.7428571428571429,13,9,0,130
