isolate,recall,specificity,precision,accuracy,f1_score,tp,fp,fn,tn
ecol-SAMN15148177,0.9661016949152542,0.2857142857142857,0.9193548387096774,0.8939393939393939,0.9421487603305785,114,10,4,4
