isolate,recall,specificity,precision,accuracy,f1_score,tp,fp,fn,tn
ecol-SAMN15148112,1.0,0.6,0.8554216867469879,0.8811881188118812,0.922077922077922,71,12,0,18
