isolate,recall,specificity,precision,accuracy,f1_score,tp,fp,fn,tn
ecol-SAMN15147983,0.9423076923076923,0.2222222222222222,0.7777777777777778,0.7571428571428571,0.8521739130434781,49,14,3,4
