isolate,recall,specificity,precision,accuracy,f1_score,tp,fp,fn,tn
ecol-SAMN15148039,0.45454545454545453,0.9824561403508771,0.625,0.9505494505494505,0.5263157894736842,5,3,6,168
