isolate,recall,specificity,precision,accuracy,f1_score,tp,fp,fn,tn
ecol-SAMN15148053,1.0,0.5555555555555556,0.968503937007874,0.9696969696969697,0.9839999999999999,123,4,0,5
