isolate,recall,specificity,precision,accuracy,f1_score,tp,fp,fn,tn
ecol-SAMN15148362,0.9760479041916168,0.14285714285714285,0.9644970414201184,0.9425287356321839,0.9702380952380952,163,6,4,1
