isolate,recall,specificity,precision,accuracy,f1_score,tp,fp,fn,tn
ecol-SAMN15147977,1.0,0.8742138364779874,0.4594594594594595,0.8863636363636364,0.6296296296296297,17,20,0,139
