isolate,recall,specificity,precision,accuracy,f1_score,tp,fp,fn,tn
ecol-SAMN15147990,0.9895833333333334,0.0,0.9895833333333334,0.979381443298969,0.9895833333333334,95,1,1,0
