isolate,recall,specificity,precision,accuracy,f1_score,tp,fp,fn,tn
ecol-SAMN15148732,0.875,0.9608938547486033,0.75,0.9507389162561576,0.8076923076923077,21,7,3,172
