isolate,recall,specificity,precision,accuracy,f1_score,tp,fp,fn,tn
ecol-SAMN15148037,0.08333333333333333,0.9888888888888889,0.3333333333333333,0.9322916666666666,0.13333333333333333,1,2,11,178
