isolate,recall,specificity,precision,accuracy,f1_score,tp,fp,fn,tn
ecol-SAMN15148720,0.9814814814814815,0.0,0.9636363636363636,0.9464285714285714,0.9724770642201834,53,2,1,0
