isolate,recall,specificity,precision,accuracy,f1_score,tp,fp,fn,tn
ecol-SAMN15147970,0.8881578947368421,0.3684210526315789,0.8181818181818182,0.7644110275689223,0.8517350157728707,270,60,34,35
