isolate,recall,specificity,precision,accuracy,f1_score,tp,fp,fn,tn
ecol-SAMN15148138,0.3448275862068966,0.9923664122137404,0.9090909090909091,0.875,0.5000000000000001,10,1,19,130
