isolate,recall,specificity,precision,accuracy,f1_score,tp,fp,fn,tn
ecol-SAMN15148100,1.0,0.8857142857142857,0.2727272727272727,0.8904109589041096,0.42857142857142855,3,8,0,62
