isolate,recall,specificity,precision,accuracy,f1_score,tp,fp,fn,tn
ecol-SAMN15148328,0.9420289855072463,0.8421052631578947,0.9558823529411765,0.9204545454545454,0.9489051094890512,65,3,4,16
