isolate,recall,specificity,precision,accuracy,f1_score,tp,fp,fn,tn
ecol-SAMN15148149,1.0,0.9791666666666666,0.5,0.9795918367346939,0.6666666666666666,1,1,0,47
