isolate,recall,specificity,precision,accuracy,f1_score,tp,fp,fn,tn
ecol-SAMN15148127,0.9759450171821306,0.64,0.9131832797427653,0.907103825136612,0.9435215946843853,284,27,7,48
