isolate,recall,specificity,precision,accuracy,f1_score,tp,fp,fn,tn
ecol-SAMN15148605,0.9111111111111111,0.979746835443038,0.9111111111111111,0.9670103092783505,0.9111111111111111,82,8,8,387
