isolate,recall,specificity,precision,accuracy,f1_score,tp,fp,fn,tn
ecol-SAMN15148298,0.8333333333333334,0.90625,0.6896551724137931,0.8916666666666667,0.7547169811320755,20,9,4,87
