isolate,recall,specificity,precision,accuracy,f1_score,tp,fp,fn,tn
ecol-SAMN15148387,0.8976377952755905,0.875,0.9743589743589743,0.8940397350993378,0.9344262295081966,114,3,13,21
