isolate,recall,specificity,precision,accuracy,f1_score,tp,fp,fn,tn
ecol-SAMN15148091,0.39473684210526316,0.9458128078817734,0.5769230769230769,0.8589211618257261,0.46875,15,11,23,192
