isolate,recall,specificity,precision,accuracy,f1_score,tp,fp,fn,tn
ecol-SAMN15148070,0.4,0.9567567567567568,0.3333333333333333,0.9282051282051282,0.3636363636363636,4,8,6,177
