isolate,recall,specificity,precision,accuracy,f1_score,tp,fp,fn,tn
ecol-SAMN15148136,0.8857142857142857,0.8913043478260869,0.9489795918367347,0.8874172185430463,0.916256157635468,93,5,12,41
