isolate,recall,specificity,precision,accuracy,f1_score,tp,fp,fn,tn
ecol-SAMN15148215,0.9491525423728814,0.8461538461538461,0.9655172413793104,0.9305555555555556,0.9572649572649573,56,2,3,11
