isolate,recall,specificity,precision,accuracy,f1_score,tp,fp,fn,tn
ecol-SAMN15148139,0.3076923076923077,0.9596774193548387,0.7058823529411765,0.803680981595092,0.42857142857142866,12,5,27,119
