isolate,recall,specificity,precision,accuracy,f1_score,tp,fp,fn,tn
ecol-SAMN15148298,0.96484375,0.6129032258064516,0.9536679536679536,0.926829268292683,0.9592233009708738,247,12,9,19
