isolate,recall,specificity,precision,accuracy,f1_score,tp,fp,fn,tn
ecol-SAMN15148720,0.9924242424242424,0.0,0.9849624060150376,0.9776119402985075,0.9886792452830188,131,2,1,0
