isolate,recall,specificity,precision,accuracy,f1_score,tp,fp,fn,tn
ecol-SAMN15148387,0.9615384615384616,0.9169960474308301,0.704225352112676,0.9245901639344263,0.8130081300813008,50,21,2,232
