isolate,recall,specificity,precision,accuracy,f1_score,tp,fp,fn,tn
ecol-SAMN15148139,1.0,0.4090909090909091,0.8311688311688312,0.8488372093023255,0.9078014184397163,64,13,0,9
