isolate,recall,specificity,precision,accuracy,f1_score,tp,fp,fn,tn
ecol-SAMN15148596,0.967741935483871,0.25,0.7407407407407407,0.7444444444444445,0.8391608391608392,60,21,2,7
