isolate,recall,specificity,precision,accuracy,f1_score,tp,fp,fn,tn
ecol-SAMN15148400,0.9464285714285714,0.9348837209302325,0.7910447761194029,0.9372693726937269,0.8617886178861788,53,14,3,201
