isolate,recall,specificity,precision,accuracy,f1_score,tp,fp,fn,tn
ecol-SAMN15148005,0.75,0.9411764705882353,0.6666666666666666,0.9152542372881356,0.7058823529411765,6,3,2,48
