isolate,recall,specificity,precision,accuracy,f1_score,tp,fp,fn,tn
ecol-SAMN15148024,1.0,0.9973474801061007,0.875,0.9973958333333334,0.9333333333333333,7,1,0,376
