isolate,recall,specificity,precision,accuracy,f1_score,tp,fp,fn,tn
ecol-SAMN15148138,0.9851851851851852,0.36,0.8926174496644296,0.8875,0.9366197183098592,133,16,2,9
