isolate,recall,specificity,precision,accuracy,f1_score,tp,fp,fn,tn
ecol-SAMN15148391,0.776536312849162,0.7941176470588235,0.952054794520548,0.7793427230046949,0.8553846153846154,139,7,40,27
