isolate,recall,specificity,precision,accuracy,f1_score,tp,fp,fn,tn
ecol-SAMN15148218,0.8095238095238095,0.9738562091503268,0.8095238095238095,0.9540229885057471,0.8095238095238095,17,4,4,149
