isolate,recall,specificity,precision,accuracy,f1_score,tp,fp,fn,tn
ecol-SAMN15148099,0.625,0.9807692307692307,0.7142857142857143,0.9553571428571429,0.6666666666666666,5,2,3,102
