isolate,recall,specificity,precision,accuracy,f1_score,tp,fp,fn,tn
ecol-SAMN15148037,0.9895287958115183,0.0,0.9947368421052631,0.984375,0.9921259842519685,189,1,2,0
