isolate,recall,specificity,precision,accuracy,f1_score,tp,fp,fn,tn
ecol-SAMN15148112,0.7,0.971830985915493,0.9130434782608695,0.8910891089108911,0.7924528301886793,21,2,9,69
