isolate,recall,specificity,precision,accuracy,f1_score,tp,fp,fn,tn
ecol-SAMN15148710,0.984251968503937,0.20833333333333334,0.8680555555555556,0.8609271523178808,0.922509225092251,125,19,2,5
