isolate,recall,specificity,precision,accuracy,f1_score,tp,fp,fn,tn
ecol-SAMN15148351,0.9910313901345291,0.0,0.9778761061946902,0.9692982456140351,0.9844097995545658,221,5,2,0
