isolate,recall,specificity,precision,accuracy,f1_score,tp,fp,fn,tn
ecol-SAMN15148426,0.9612903225806452,0.17123287671232876,0.5518518518518518,0.5780730897009967,0.7011764705882352,149,121,6,25
