isolate,recall,specificity,precision,accuracy,f1_score,tp,fp,fn,tn
ecol-SAMN15148391,1.0,0.6444444444444445,0.3402061855670103,0.6995305164319249,0.5076923076923077,33,64,0,116
