isolate,recall,specificity,precision,accuracy,f1_score,tp,fp,fn,tn
ecol-SAMN15148648,0.7692307692307693,0.5895196506550219,0.3472222222222222,0.6292517006802721,0.4784688995215311,50,94,15,135
