isolate,recall,specificity,precision,accuracy,f1_score,tp,fp,fn,tn
ecol-SAMN15148089,0.9393939393939394,0.3157894736842105,0.8266666666666667,0.8,0.8794326241134751,62,13,4,6
