isolate,recall,specificity,precision,accuracy,f1_score,tp,fp,fn,tn
ecol-SAMN15148591,1.0,0.0,0.8846153846153846,0.8846153846153846,0.9387755102040816,46,6,0,0
