isolate,recall,specificity,precision,accuracy,f1_score,tp,fp,fn,tn
ecol-SAMN15148089,0.35714285714285715,0.9538461538461539,0.5555555555555556,0.8708609271523179,0.43478260869565216,15,12,27,248
