isolate,recall,specificity,precision,accuracy,f1_score,tp,fp,fn,tn
ecol-SAMN15148090,0.36585365853658536,0.972972972972973,0.6818181818181818,0.89,0.47619047619047616,15,7,26,252
