isolate,recall,specificity,precision,accuracy,f1_score,tp,fp,fn,tn
ecol-SAMN15148102,0.88,0.6666666666666666,0.9565217391304348,0.8571428571428571,0.9166666666666666,44,2,6,4
