isolate,recall,specificity,precision,accuracy,f1_score,tp,fp,fn,tn
ecol-SAMN15148461,1.0,0.9534883720930233,0.2727272727272727,0.9542857142857143,0.42857142857142855,3,8,0,164
