isolate,recall,specificity,precision,accuracy,f1_score,tp,fp,fn,tn
ecol-SAMN15148379,1.0,0.8823529411764706,0.9230769230769231,0.9512195121951219,0.9600000000000001,24,2,0,15
