isolate,recall,specificity,precision,accuracy,f1_score,tp,fp,fn,tn
ecol-SAMN15148127,0.717948717948718,0.9027777777777778,0.8,0.8378378378378378,0.7567567567567569,28,7,11,65
