isolate,recall,specificity,precision,accuracy,f1_score,tp,fp,fn,tn
ecol-SAMN15148229,1.0,0.043478260869565216,0.8151260504201681,0.8166666666666667,0.8981481481481481,97,22,0,1
