isolate,recall,specificity,precision,accuracy,f1_score,tp,fp,fn,tn
ecol-SAMN15148593,0.9777777777777777,0.6521739130434783,0.9649122807017544,0.9475806451612904,0.9713024282560706,220,8,5,15
