isolate,recall,specificity,precision,accuracy,f1_score,tp,fp,fn,tn
ecol-SAMN15148037,0.9545454545454546,0.0,0.9767441860465116,0.9333333333333333,0.9655172413793104,42,1,2,0
