isolate,recall,specificity,precision,accuracy,f1_score,tp,fp,fn,tn
ecol-SAMN15148596,0.5,0.9333333333333333,0.7894736842105263,0.7888888888888889,0.6122448979591837,15,4,15,56
