isolate,recall,specificity,precision,accuracy,f1_score,tp,fp,fn,tn
ecol-SAMN15147972,1.0,0.9680851063829787,0.8695652173913043,0.9736842105263158,0.9302325581395349,20,3,0,91
