isolate,recall,specificity,precision,accuracy,f1_score,tp,fp,fn,tn
ecol-SAMN15148005,0.9807692307692307,0.8571428571428571,0.9807692307692307,0.9661016949152542,0.9807692307692307,51,1,1,6
