isolate,recall,specificity,precision,accuracy,f1_score,tp,fp,fn,tn
ecol-SAMN15148049,1.0,0.8048780487804879,0.2727272727272727,0.8181818181818182,0.42857142857142855,6,16,0,66
