isolate,recall,specificity,precision,accuracy,f1_score,tp,fp,fn,tn
ecol-SAMN15148143,0.8844444444444445,0.6666666666666666,0.9567307692307693,0.8611111111111112,0.9191685912240185,199,9,26,18
