isolate,recall,specificity,precision,accuracy,f1_score,tp,fp,fn,tn
ecol-SAMN15148331,1.0,0.6666666666666666,0.9354838709677419,0.9428571428571428,0.9666666666666666,29,2,0,4
