isolate,recall,specificity,precision,accuracy,f1_score,tp,fp,fn,tn
ecol-SAMN15148093,0.9423076923076923,0.75,0.98,0.9285714285714286,0.9607843137254902,49,1,3,3
