isolate,recall,specificity,precision,accuracy,f1_score,tp,fp,fn,tn
ecol-SAMN15147983,0.3,0.9351851851851852,0.631578947368421,0.7635135135135135,0.4067796610169491,12,7,28,101
