isolate,recall,specificity,precision,accuracy,f1_score,tp,fp,fn,tn
ecol-SAMN15148593,0.9571428571428572,0.8333333333333334,0.9710144927536232,0.9390243902439024,0.9640287769784173,67,2,3,10
