isolate,recall,specificity,precision,accuracy,f1_score,tp,fp,fn,tn
ecol-SAMN15148732,0.973404255319149,0.8666666666666667,0.9891891891891892,0.9655172413793104,0.9812332439678284,183,2,5,13
