isolate,recall,specificity,precision,accuracy,f1_score,tp,fp,fn,tn
ecol-SAMN15148121,1.0,0.8,0.21428571428571427,0.8103448275862069,0.35294117647058826,3,11,0,44
