isolate,recall,specificity,precision,accuracy,f1_score,tp,fp,fn,tn
ecol-SAMN15147962,0.8888888888888888,0.8507462686567164,0.4444444444444444,0.8552631578947368,0.5925925925925926,8,10,1,57
