isolate,recall,specificity,precision,accuracy,f1_score,tp,fp,fn,tn
ecol-SAMN15148102,0.9102564102564102,0.7142857142857143,0.9726027397260274,0.8941176470588236,0.9403973509933774,71,2,7,5
