isolate,recall,specificity,precision,accuracy,f1_score,tp,fp,fn,tn
ecol-SAMN15148060,0.9347826086956522,0.6363636363636364,0.9148936170212766,0.8771929824561403,0.924731182795699,43,4,3,7
