isolate,recall,specificity,precision,accuracy,f1_score,tp,fp,fn,tn
ecol-SAMN15148053,0.8333333333333334,0.9791666666666666,0.8333333333333334,0.9629629629629629,0.8333333333333334,5,1,1,47
