isolate,recall,specificity,precision,accuracy,f1_score,tp,fp,fn,tn
ecol-SAMN15148217,0.9777777777777777,0.5,0.9565217391304348,0.9387755102040817,0.967032967032967,44,2,1,2
