isolate,recall,specificity,precision,accuracy,f1_score,tp,fp,fn,tn
ecol-SAMN15148350,0.40186915887850466,0.9867256637168141,0.9347826086956522,0.7987987987987988,0.5620915032679739,43,3,64,223
