isolate,recall,specificity,precision,accuracy,f1_score,tp,fp,fn,tn
ecol-SAMN15148267,0.9402985074626866,0.8,0.9545454545454546,0.9146341463414634,0.9473684210526316,126,6,8,24
