isolate,recall,specificity,precision,accuracy,f1_score,tp,fp,fn,tn
ecol-SAMN15148547,1.0,0.9473684210526315,0.5454545454545454,0.9504950495049505,0.7058823529411764,6,5,0,90
