isolate,recall,specificity,precision,accuracy,f1_score,tp,fp,fn,tn
ecol-SAMN15148388,0.5238095238095238,0.8326530612244898,0.5729166666666666,0.74,0.5472636815920398,55,41,50,204
