isolate,recall,specificity,precision,accuracy,f1_score,tp,fp,fn,tn
ecol-SAMN15148217,0.8,0.9545454545454546,0.6666666666666666,0.9387755102040817,0.7272727272727272,4,2,1,42
