isolate,recall,specificity,precision,accuracy,f1_score,tp,fp,fn,tn
ecol-SAMN15148475,0.9384615384615385,0.7692307692307693,0.953125,0.9102564102564102,0.9457364341085271,61,3,4,10
