isolate,recall,specificity,precision,accuracy,f1_score,tp,fp,fn,tn
ecol-SAMN15148136,0.9368770764119602,0.74,0.9155844155844156,0.8877805486284289,0.9261083743842365,282,26,19,74
