isolate,recall,specificity,precision,accuracy,f1_score,tp,fp,fn,tn
ecol-SAMN15148298,0.8392857142857143,0.9437229437229437,0.7833333333333333,0.9233449477351916,0.8103448275862069,47,13,9,218
