isolate,recall,specificity,precision,accuracy,f1_score,tp,fp,fn,tn
ecol-SAMN15148710,0.5882352941176471,0.9347826086956522,0.7692307692307693,0.8412698412698413,0.6666666666666667,10,3,7,43
