isolate,recall,specificity,precision,accuracy,f1_score,tp,fp,fn,tn
ecol-SAMN15148576,0.9344262295081968,0.2777777777777778,0.8142857142857143,0.7848101265822784,0.8702290076335878,57,13,4,5
