isolate,recall,specificity,precision,accuracy,f1_score,tp,fp,fn,tn
ecol-SAMN15148423,0.9782608695652174,0.7222222222222222,0.9473684210526315,0.9363636363636364,0.9625668449197862,90,5,2,13
