isolate,recall,specificity,precision,accuracy,f1_score,tp,fp,fn,tn
ecol-SAMN15148349,1.0,0.8870967741935484,0.36363636363636365,0.8939393939393939,0.5333333333333333,4,7,0,55
