isolate,recall,specificity,precision,accuracy,f1_score,tp,fp,fn,tn
ecol-SAMN15148268,0.3333333333333333,0.9818181818181818,0.6666666666666666,0.9180327868852459,0.4444444444444444,2,1,4,54
