isolate,recall,specificity,precision,accuracy,f1_score,tp,fp,fn,tn
ecol-SAMN15148083,0.13043478260869565,1.0,1.0,0.884393063583815,0.23076923076923078,3,0,20,150
