isolate,recall,specificity,precision,accuracy,f1_score,tp,fp,fn,tn
ecol-SAMN15148053,0.75,0.9916666666666667,0.9,0.9696969696969697,0.8181818181818182,9,1,3,119
