isolate,recall,specificity,precision,accuracy,f1_score,tp,fp,fn,tn
ecol-SAMN15148121,0.8703703703703703,0.75,0.9791666666666666,0.8620689655172413,0.9215686274509804,47,1,7,3
