isolate,recall,specificity,precision,accuracy,f1_score,tp,fp,fn,tn
ecol-SAMN15148139,1.0,0.2727272727272727,0.8441558441558441,0.852760736196319,0.9154929577464789,130,24,0,9
