isolate,recall,specificity,precision,accuracy,f1_score,tp,fp,fn,tn
ecol-SAMN15148091,0.9534883720930233,0.3076923076923077,0.9192825112107623,0.8838174273858921,0.9360730593607306,205,18,10,8
