isolate,recall,specificity,precision,accuracy,f1_score,tp,fp,fn,tn
ecol-SAMN15148576,0.9575757575757575,0.109375,0.7348837209302326,0.7205240174672489,0.8315789473684211,158,57,7,7
