isolate,recall,specificity,precision,accuracy,f1_score,tp,fp,fn,tn
ecol-SAMN15147962,0.6666666666666666,0.9152542372881356,0.5833333333333334,0.8776978417266187,0.6222222222222222,14,10,7,108
