isolate,recall,specificity,precision,accuracy,f1_score,tp,fp,fn,tn
ecol-SAMN15148397,1.0,0.6666666666666666,0.9759036144578314,0.9770114942528736,0.9878048780487805,81,2,0,4
