isolate,recall,specificity,precision,accuracy,f1_score,tp,fp,fn,tn
ecol-SAMN15148070,0.953125,0.0,0.9838709677419355,0.9384615384615385,0.9682539682539683,61,1,3,0
