isolate,recall,specificity,precision,accuracy,f1_score,tp,fp,fn,tn
ecol-SAMN15148732,0.9701492537313433,0.8888888888888888,0.9848484848484849,0.9605263157894737,0.9774436090225564,65,1,2,8
