isolate,recall,specificity,precision,accuracy,f1_score,tp,fp,fn,tn
ecol-SAMN15148024,1.0,0.9827586206896551,0.8333333333333334,0.9841269841269841,0.9090909090909091,5,1,0,57
