isolate,recall,specificity,precision,accuracy,f1_score,tp,fp,fn,tn
ecol-SAMN15148391,0.7863436123348018,0.7666666666666667,0.9622641509433962,0.7840466926070039,0.8654545454545455,357,14,97,46
