isolate,recall,specificity,precision,accuracy,f1_score,tp,fp,fn,tn
ecol-SAMN15148118,0.996551724137931,0.6216216216216216,0.9116719242902208,0.9203296703296703,0.9522240527182867,289,28,1,46
