isolate,recall,specificity,precision,accuracy,f1_score,tp,fp,fn,tn
ecol-SAMN15148648,0.7777777777777778,0.6363636363636364,0.9441860465116279,0.7619047619047619,0.8529411764705882,203,12,58,21
