isolate,recall,specificity,precision,accuracy,f1_score,tp,fp,fn,tn
ecol-SAMN15148548,1.0,0.9259259259259259,0.6363636363636364,0.9344262295081968,0.7777777777777778,7,4,0,50
