isolate,recall,specificity,precision,accuracy,f1_score,tp,fp,fn,tn
ecol-SAMN15148423,0.9295774647887324,0.8,0.9565217391304348,0.9069767441860465,0.9428571428571428,132,6,10,24
