isolate,recall,specificity,precision,accuracy,f1_score,tp,fp,fn,tn
ecol-SAMN15148585,0.9531914893617022,0.0,0.9955555555555555,0.9491525423728814,0.9739130434782608,224,1,11,0
