isolate,recall,specificity,precision,accuracy,f1_score,tp,fp,fn,tn
ecol-SAMN15148005,0.6363636363636364,0.9398496240601504,0.4666666666666667,0.9166666666666666,0.5384615384615385,7,8,4,125
