isolate,recall,specificity,precision,accuracy,f1_score,tp,fp,fn,tn
ecol-SAMN15148070,1.0,0.9032258064516129,0.3333333333333333,0.9076923076923077,0.5,3,6,0,56
