isolate,recall,specificity,precision,accuracy,f1_score,tp,fp,fn,tn
ecol-SAMN15148388,0.9066666666666666,0.7741935483870968,0.9066666666666666,0.8679245283018868,0.9066666666666666,68,7,7,24
