isolate,recall,specificity,precision,accuracy,f1_score,tp,fp,fn,tn
ecol-SAMN15148710,0.47368421052631576,0.9734513274336283,0.8571428571428571,0.847682119205298,0.6101694915254237,18,3,20,110
