isolate,recall,specificity,precision,accuracy,f1_score,tp,fp,fn,tn
ecol-SAMN15148139,0.3333333333333333,0.9838709677419355,0.8888888888888888,0.8023255813953488,0.48484848484848486,8,1,16,61
