isolate,recall,specificity,precision,accuracy,f1_score,tp,fp,fn,tn
ecol-SAMN15148739,0.5,0.8055555555555556,0.06666666666666667,0.7972972972972973,0.11764705882352941,1,14,1,58
