isolate,recall,specificity,precision,accuracy,f1_score,tp,fp,fn,tn
ecol-SAMN15148548,1.0,0.8888888888888888,0.9930555555555556,0.993421052631579,0.9965156794425087,143,1,0,8
