isolate,recall,specificity,precision,accuracy,f1_score,tp,fp,fn,tn
ecol-SAMN15148379,1.0,0.9711538461538461,0.9785714285714285,0.9875518672199171,0.9891696750902527,137,3,0,101
