isolate,recall,specificity,precision,accuracy,f1_score,tp,fp,fn,tn
ecol-SAMN15148228,0.996309963099631,0.0,0.9782608695652174,0.9747292418772563,0.9872029250457037,270,6,1,0
