isolate,recall,specificity,precision,accuracy,f1_score,tp,fp,fn,tn
ecol-SAMN15148596,0.9656862745098039,0.09345794392523364,0.6700680272108843,0.6655948553054662,0.791164658634538,197,97,7,10
