isolate,recall,specificity,precision,accuracy,f1_score,tp,fp,fn,tn
ecol-SAMN15148350,0.9764705882352941,0.42424242424242425,0.8137254901960784,0.8220338983050848,0.8877005347593584,83,19,2,14
