isolate,recall,specificity,precision,accuracy,f1_score,tp,fp,fn,tn
ecol-SAMN15148111,0.9322033898305084,0.5416666666666666,0.8333333333333334,0.8192771084337349,0.8800000000000001,55,11,4,13
