isolate,recall,specificity,precision,accuracy,f1_score,tp,fp,fn,tn
ecol-SAMN15148089,0.47619047619047616,0.890625,0.5882352941176471,0.788235294117647,0.5263157894736842,10,7,11,57
