isolate,recall,specificity,precision,accuracy,f1_score,tp,fp,fn,tn
ecol-SAMN15147970,0.5118110236220472,0.8014705882352942,0.5462184873949579,0.7092731829573935,0.5284552845528455,65,54,62,218
