isolate,recall,specificity,precision,accuracy,f1_score,tp,fp,fn,tn
ecol-SAMN15148627,0.9951219512195122,0.6923076923076923,0.9807692307692307,0.9770642201834863,0.9878934624697335,204,4,1,9
