isolate,recall,specificity,precision,accuracy,f1_score,tp,fp,fn,tn
ecol-SAMN15148016,0.9807692307692307,0.0,0.864406779661017,0.85,0.918918918918919,51,8,1,0
