isolate,recall,specificity,precision,accuracy,f1_score,tp,fp,fn,tn
ecol-SAMN15148118,0.717948717948718,0.9577464788732394,0.9032258064516129,0.8727272727272727,0.8,28,3,11,68
