isolate,recall,specificity,precision,accuracy,f1_score,tp,fp,fn,tn
ecol-SAMN15148005,0.9926470588235294,0.875,0.9926470588235294,0.9861111111111112,0.9926470588235294,135,1,1,7
