isolate,recall,specificity,precision,accuracy,f1_score,tp,fp,fn,tn
ecol-SAMN15148127,0.9125,0.7096774193548387,0.8902439024390244,0.8558558558558559,0.9012345679012346,73,9,7,22
