isolate,recall,specificity,precision,accuracy,f1_score,tp,fp,fn,tn
ecol-SAMN15147963,1.0,0.0,0.8805970149253731,0.8805970149253731,0.9365079365079364,59,8,0,0
