isolate,recall,specificity,precision,accuracy,f1_score,tp,fp,fn,tn
ecol-SAMN15148100,0.9548872180451128,0.25,0.9769230769230769,0.9343065693430657,0.9657794676806083,127,3,6,1
