isolate,recall,specificity,precision,accuracy,f1_score,tp,fp,fn,tn
ecol-SAMN15148177,0.8235294117647058,0.9217391304347826,0.6086956521739131,0.9090909090909091,0.7,14,9,3,106
