isolate,recall,specificity,precision,accuracy,f1_score,tp,fp,fn,tn
ecol-SAMN15148423,1.0,0.9662921348314607,0.875,0.9727272727272728,0.9333333333333333,21,3,0,86
