isolate,recall,specificity,precision,accuracy,f1_score,tp,fp,fn,tn
ecol-SAMN15148596,0.2032520325203252,0.9521276595744681,0.7352941176470589,0.6559485530546624,0.3184713375796178,25,9,98,179
