isolate,recall,specificity,precision,accuracy,f1_score,tp,fp,fn,tn
ecol-SAMN15148475,0.30392156862745096,0.9432624113475178,0.7948717948717948,0.6748971193415638,0.4397163120567376,31,8,71,133
