isolate,recall,specificity,precision,accuracy,f1_score,tp,fp,fn,tn
ecol-SAMN15148121,1.0,0.9006622516556292,0.21052631578947367,0.9032258064516129,0.34782608695652173,4,15,0,136
