isolate,recall,specificity,precision,accuracy,f1_score,tp,fp,fn,tn
ecol-SAMN15148215,0.7857142857142857,0.9137931034482759,0.6875,0.8888888888888888,0.7333333333333334,11,5,3,53
