isolate,recall,specificity,precision,accuracy,f1_score,tp,fp,fn,tn
ecol-SAMN15148627,0.8571428571428571,1.0,1.0,0.9908256880733946,0.923076923076923,12,0,2,204
