isolate,recall,specificity,precision,accuracy,f1_score,tp,fp,fn,tn
ecol-SAMN15148263,0.9607843137254902,0.7630853994490359,0.362962962962963,0.7874396135265701,0.5268817204301075,49,86,2,277
