isolate,recall,specificity,precision,accuracy,f1_score,tp,fp,fn,tn
ecol-SAMN15148228,0.2857142857142857,0.9838709677419355,0.6666666666666666,0.9130434782608695,0.4,2,1,5,61
