isolate,recall,specificity,precision,accuracy,f1_score,tp,fp,fn,tn
ecol-SAMN15148100,0.7272727272727273,0.8650793650793651,0.32,0.8540145985401459,0.4444444444444444,8,17,3,109
