isolate,recall,specificity,precision,accuracy,f1_score,tp,fp,fn,tn
ecol-SAMN15148111,0.7692307692307693,0.9122807017543859,0.8,0.8674698795180723,0.7843137254901961,20,5,6,52
