isolate,recall,specificity,precision,accuracy,f1_score,tp,fp,fn,tn
ecol-SAMN15148263,1.0,0.6866666666666666,0.29850746268656714,0.7235294117647059,0.45977011494252873,20,47,0,103
