isolate,recall,specificity,precision,accuracy,f1_score,tp,fp,fn,tn
ecol-SAMN15148714,1.0,0.9473684210526315,0.3333333333333333,0.9487179487179487,0.5,1,2,0,36
