isolate,recall,specificity,precision,accuracy,f1_score,tp,fp,fn,tn
ecol-SAMN15148701,0.9090909090909091,0.9298245614035088,0.7142857142857143,0.9264705882352942,0.8,20,8,2,106
