isolate,recall,specificity,precision,accuracy,f1_score,tp,fp,fn,tn
ecol-SAMN15148362,0.9791666666666666,0.5,0.9791666666666666,0.96,0.9791666666666666,47,1,1,1
