isolate,recall,specificity,precision,accuracy,f1_score,tp,fp,fn,tn
ecol-SAMN15148515,1.0,0.875,0.9636363636363636,0.9710144927536232,0.9814814814814815,53,2,0,14
