isolate,recall,specificity,precision,accuracy,f1_score,tp,fp,fn,tn
ecol-SAMN15147983,0.3333333333333333,0.9038461538461539,0.5454545454545454,0.7571428571428571,0.41379310344827586,6,5,12,47
