isolate,recall,specificity,precision,accuracy,f1_score,tp,fp,fn,tn
ecol-SAMN15147977,0.9221556886227545,0.4444444444444444,0.9685534591194969,0.8977272727272727,0.9447852760736196,154,5,13,4
