isolate,recall,specificity,precision,accuracy,f1_score,tp,fp,fn,tn
ecol-SAMN15148054,1.0,0.5,0.9411764705882353,0.9444444444444444,0.9696969696969697,32,2,0,2
