isolate,recall,specificity,precision,accuracy,f1_score,tp,fp,fn,tn
ecol-SAMN15148217,0.9923076923076923,0.375,0.9626865671641791,0.9565217391304348,0.9772727272727273,129,5,1,3
