isolate,recall,specificity,precision,accuracy,f1_score,tp,fp,fn,tn
ecol-SAMN15147990,0.9767441860465116,0.0,0.9767441860465116,0.9545454545454546,0.9767441860465116,42,1,1,0
