isolate,recall,specificity,precision,accuracy,f1_score,tp,fp,fn,tn
ecol-SAMN15148710,0.9583333333333334,0.3333333333333333,0.8214285714285714,0.8095238095238095,0.8846153846153847,46,10,2,5
