isolate,recall,specificity,precision,accuracy,f1_score,tp,fp,fn,tn
ecol-SAMN15148100,0.9142857142857143,0.3333333333333333,0.9696969696969697,0.8904109589041096,0.9411764705882354,64,2,6,1
