isolate,recall,specificity,precision,accuracy,f1_score,tp,fp,fn,tn
ecol-SAMN15148714,1.0,0.9509803921568627,0.16666666666666666,0.9514563106796117,0.2857142857142857,1,5,0,97
