isolate,recall,specificity,precision,accuracy,f1_score,tp,fp,fn,tn
ecol-SAMN15148349,0.9743589743589743,1.0,1.0,0.9772727272727273,0.9870129870129869,38,0,1,5
