isolate,recall,specificity,precision,accuracy,f1_score,tp,fp,fn,tn
ecol-SAMN15148351,0.26666666666666666,0.9436619718309859,0.25,0.8991228070175439,0.2580645161290323,4,12,11,201
