isolate,recall,specificity,precision,accuracy,f1_score,tp,fp,fn,tn
ecol-SAMN15148091,0.5294117647058824,0.918918918918919,0.6,0.8461538461538461,0.5625,9,6,8,68
