isolate,recall,specificity,precision,accuracy,f1_score,tp,fp,fn,tn
ecol-SAMN15147990,1.0,0.9767441860465116,0.5,0.9772727272727273,0.6666666666666666,1,1,0,42
