isolate,recall,specificity,precision,accuracy,f1_score,tp,fp,fn,tn
ecol-SAMN15148218,0.9870967741935484,0.7368421052631579,0.9683544303797469,0.9597701149425287,0.9776357827476039,153,5,2,14
