isolate,recall,specificity,precision,accuracy,f1_score,tp,fp,fn,tn
ecol-SAMN15148089,0.9740740740740741,0.1875,0.9100346020761245,0.890728476821192,0.9409660107334525,263,26,7,6
