isolate,recall,specificity,precision,accuracy,f1_score,tp,fp,fn,tn
ecol-SAMN15147997,0.9047619047619048,1.0,1.0,0.9090909090909091,0.9500000000000001,38,0,4,2
