isolate,recall,specificity,precision,accuracy,f1_score,tp,fp,fn,tn
ecol-SAMN15148732,0.9,0.9242424242424242,0.6428571428571429,0.9210526315789473,0.75,9,5,1,61
