isolate,recall,specificity,precision,accuracy,f1_score,tp,fp,fn,tn
ecol-SAMN15148739,0.9714285714285714,0.5,0.9927007299270073,0.9647887323943662,0.9819494584837546,136,1,4,1
