isolate,recall,specificity,precision,accuracy,f1_score,tp,fp,fn,tn
pmeg-SAMN16083678,0.7444444444444445,0.8285714285714286,0.8481012658227848,0.78125,0.7928994082840237,67,12,23,58
