isolate,recall,specificity,precision,accuracy,f1_score,tp,fp,fn,tn
pmeg-SAMN16083679,0.5,0.9710144927536232,0.5555555555555556,0.9391891891891891,0.5263157894736842,5,4,5,134
