isolate,recall,specificity,precision,accuracy,f1_score,tp,fp,fn,tn
pmeg-SAMN16083679,0.89,0.875,0.9368421052631579,0.8851351351351351,0.9128205128205129,89,6,11,42
