isolate,recall,specificity,precision,accuracy,f1_score,tp,fp,fn,tn
pmeg-SAMN16083679,0.9298245614035088,0.9010989010989011,0.8548387096774194,0.9121621621621622,0.8907563025210085,53,9,4,82
