isolate,recall,specificity,precision,accuracy,f1_score,tp,fp,fn,tn
pmeg-SAMN16083678,0.5,0.9047619047619048,0.5862068965517241,0.81875,0.5396825396825397,17,12,17,114
