isolate,recall,specificity,precision,accuracy,f1_score,tp,fp,fn,tn
pmeg-SAMN16083678,0.9411764705882353,0.7586206896551724,0.8727272727272727,0.875,0.9056603773584905,96,14,6,44
